# Resource object code (Python 3)
# Created by: object code
# Created by: The Resource Compiler for Qt version 6.11.1
# WARNING! All changes made in this file will be lost!

from PySide6 import QtCore

qt_resource_data = b"\
\x00\x03,\xd2\
\x00\
\x17\xaf%x\xda\xb4\xbd[O[[\xb6\xef\xfb~\xa4\
\xf3\x1d\xb6\xd6cim)\xbe\x0f\x9f\xe7\xf5\x0d\xaa\x1e\
\xd6\xdb\x91\xef\xc3\xc6\x98\x80\xed\xe9\xcb\xd6\x91\xc2\xcc$\
@\x12 $\x84K\x80\x90\x0b\x09\xb9\xccp\x09$\x01\
\x13\xe0\xcb0\xc6\xb0\xbf\xc5\xe9}\x98\xcc\xaa-\xda\xcf\
[{\xf5\xbe\x97\xa2Y\xaa\xe9\x94VSW\x1f\xad\xb5\
\xde\xda\xff\xf2?\xfe\xef\xff\xeb\xbf\xfd\xb7\x7f\xabf\xea\
\x8d\xff\xb7y7\x9fi\x14\xfe\xed\xff\xf9o\xff\x16\xbd\
\x13M\xfe\xf7;\xce\x7f\xbf\x13\xfd\xb7\x7f\x0f\x7f\xcfM\
\xe4\x0bu\xf5\xcb\xff\xd0\xffM\xfd\xf7\xba\x9b\xbc\xa3\xff\
\xef\x9f\xff\xea\xe6/\xe9\xff\xf5\xcdO\xff\xfe\xd7\x0f\x8d\
\xce\xdd\xf0\x07\xff\xeb\xa7\x7f\xf9\xb7\xe3\x99\xa9\xb1BC\
\xff\xfb\xba\xfb/\xff\xba\x96\x19\x1f\xfe\xe5o\xef\xbd\xa5\
\xe5\xc1\xb3\xef\xfd\xd7\x8f\xff\xe5\xe7\xbb\x1d\xfd\xe3\xddf\
1\xd3)\xd7\xdcL\xad\xf4/\xbfe\xb2\xd9\xa9\xf0\xd7\
b\xc7\xfd\xb7\xe1\xbf\xfd\xff\xfe\xfd\x7f\x8e8\xce\x11\xc7\
M#\x0e6.\xae{\xcb\xfeV\xcf\xdb\xea\xdd\x8a8\
\x9b)w\x9a\xb5J9\x071g;\x95\x1c\xc4\x9c\xe4\
\x98\x93\xa61_\x9fn\x0d\xde.\xf6\x7f\x7f}}~\
q+\xe6\xfcD\xadT,\xd4J\xa5\xa6\xfa\xa7\x10s\
\xbeX*B\xcc)\x8e9e\x1e\xf3\x17o\xf3B\xfd\
\xe9\x9f\x9c\xde\x8a\xb9\xebN\xe8\x80'\xd4\x9f\xf1\xcc\x84\
\x10t\xb7T\x1a\x87\xa0\x1d\x0e\xda1\x0dz\xf0~\xd5\
\x9b\xdb\x0c\x16\x0f\xae\xaf\xb6o\x05]w'\x9a9\xb7\
\xa9n\x86\xfeGV\x8c\xbb\x9es\xb3\x10w\x9a\xe3N\
\x9b\x1f\xf6C\xff\xdb\x0f\xb8\xd4u}\x99\xddL\x99\xaf\
u\xdd\xa5k\x1d\xe1\xe4\x111N\x1e\xde\xe3\x99\xc1\xd3\
7p\xad\xd5\xf9\x962|\xab\xb3%\xba\xd5\x91\x08\x87\
\x1c1\x0eya\xb1\x7f_\xdf\xea\xc1\xc6\xcc\xad\x90\xf5\
\xb5\x08?\xc4\x89JY\x08\xd9\xad\x95*\x10r\x94C\
\x8e\x9a\x86\xfc\x9f\xff\x11\xbcX\x1d\xdc{1\xf8\xbc~\
+\xe2v\xbe\x95\xa95\xf4\xb7(\xdef\xf5s\xa3\x04\
!'8\xe4\x84\x85S\xf6v\x97\xa0\xaa\xa8Sn\x97\
G\xd4\x15\xb7Mu%\xc29:b\x9c\xa3\xfd\xc3\xe5\
`e\x07b\x1e/\xd7\xea\xae\xba\x1a\x1c\xf5x\x1d\xa3\
\xe6,\x1d1\xce\xd2\xfe\xda\xbb`f\xcf?=\xb8\x15\
\xf2T\xb9\xeb\x0e?A!\xda\xa9.]\x0b\xce\xce\x11\
\xc7F\x96;=\x18l>\xf06\xdf\xc8YN\x87[\
)7\xd4w(e\xb9R\xa5\x01Qsn\x8e\x18\xe7\
fo\x7f\xfb\xff@\x96\x8brb\x8e\xde\xb1Q\xbb\x17\
wT\xc2\x18\xdc\xdb\x91kwG\x97\xc1\xccD\xbd)\
\xd5\xeeN\xa9\x0eAsj\x8eF\xec\xd4\xc0`\xe5\x9b\
\xf7p\x13k`\xbe\x9c\xa9U\xcbb\x09\xccW!h\
N\xceQ\xe3\xe4\xec\x1d\x1d\xe9\xe6\xee\xe9\x9b\xc1\xb3i\
1\xe8\xfc\xc4\xf0V7\xca\x05)\xea|\x09\xaet4\
\xc6Q\xc7\xcc\xbb\xfe\x0dU\x05\xe1\xa8\xbb*\xd1\xa9T\
\x87'\xdd\xad\xe1IsM\x89&\xecTn\xff\xf0D\
\x85M\x95\xbb\xee6\xc3\x1b\x22\x16\xefz\x1e\xa2\xe6\xaa\
\x12\xb5\xd0\xf9\x7f\xe9_m\xa9{\xadb\xe7/Q]\
l\x1d\xbe\xf8-\xba5\x08\x9b\xcbJ4e\xe1\xb0\xf5\
\xed\xc06I\x1f2\xb6Iyj\x93\xa2\x5c\x5c\xa2\x8e\
\x9d\xf7J\xb0s\xec=^\xc5\xf7J\xdd-\xab\xe8\xc5\
\xf7J\x1d\xcaw\x94kK\xd4\xbc\xb6,\xac\xf9\xabg\
\xfd\xb9O\xc1\xc7\xdb}\x7f-S+\x86Y\xafV\x1a\
\x9b\x10oG\xad\xe8\x8e\xc9Q\xc7\xb8\xbc\xc4l\x94\x97\
\xeb\xab\xd7\xfd\x83io\x0e\x9e\x86\xedrM\xa7\x91\xd2\
\xa4\x5c\xc9\xbb\xed\xee$\xc4\xcd\x15&f\xa1\xc2\xcc_\
\x9f\xde\x1b\xcc.x?\xde\xddN\xd6\x99Z\xa7<\xbc\
'\xf2a\xd7;\xd44\xc5\xb8\xc2\xc4\xa2\x16r\xb5\x7f\
\xb4\xe3\xaf\x1e\xca\x19\xa4P\xd1\x9f\xa2:oJ \x95\
6$\x90\x18W\x98\x98q\x85\x09\xde/y\xe7=\xe8\
@\x8a\xcd0hh?\x8a\x15j?b\x5c_b\xc6\
\xf5\xc5\x7f\xf7\xc2\xdb\xfd\x08\x11\xe7\xdcfcD\xc8\xb9\
\x06\x86\xcc\xc5%f\xfedy\xb4\xe9=\x7f\x00O\x16\
\xdd\xfd\x87]\x13\xbfY\xba\xf8f\x89qq\x89\x99\xbf\
Y\xbe<V\xf5\xc5\xdf\x9a\x0fzW\xb7\xc2.\x15T\
\x82\xeeL4\xdbr\x19/\xb9\x9d6\x84\xcc\xc5%f\
\xa3\xb8\x04\x9b'\xf0\x06\x08\x93F\xd7-\xd3#\xa0\xdb\
\xa5G@\x8ckK\xcc\xbc\xb6lnz?\xb6\xfb?\
\x0e\xfc\xd7B\xb6+\x87\x93\xb0js\xb2\x0cs\xb0*\
d\xe88\x9fs\xdc\xfc\x9c\xaf\xb6\xbd\xb9\x8f\xde\xd2\xb2\
w\xf4\x5czkU\xcb\xc5\x8c\xba\xd8\xe2S\xabZ\xec\
\xca\x11'\xb8\x16&\xee\xd8i;\xfa\xd3+\x83{/\
\xb0\xed\xa8\x96\x87S\x1a\xb1\xf1\xa8\xc2\x0b \xc1\xa50\
a>\x07\xdb\x9f\xf6\x8f\xdf\xa8\xb0\xbd's\xb7\x1b\x8f\
r\xad\x94\x0d\x83v\xa5GK-[\x85\xb4\x91\xe0B\
\x98\x88Z\x18\xa2\xfb[\x9b\xfe\xda\xf7\xeb\xf3\xb7\xe2\x10\
\xbd\x95\xd1/\x80r>#u\xa5\xf9\x16\xf5\xff\x09\xae\
\x83\x09\xe3:\xf8\xb7\xbf\xff\xe3\xfal{\xf0s\xf1V\
\xc4\x7f\xab7*\xe5f\xbe,\xde\x0a\xfd#\x85\xcb\xcb\
\x95\x84\xf1rep\xfe\x87z\xd1\xfak3\xfe\xe9\xa9\
\xf8\xc8*\xe9\x92R\xfdM%h\xa9\xf3\xafW;\x10\
4W\xeeD\xc2\xfcb\xcc\xaa\xbb\xe1=>\x0fV\xd7\
n\x05\xdd\x1a>\xc1;\xe5\xaa\x9c\xe8Z\xf9\x0e\xbcf\
\x13\x5c\xba\x13IK\xdb\x95\xc7\xe7\xfd\x85\x03L\x1b\x9d\
r\x07\x96+\x1d:g\xae\xdb\x09\xf3G\xe1\xe2\xfb\xc1\
\xda\x87\xfe\xd1k\xef\xe8v\xddV\xf5z\xbcP\xd3U\
[\xbdh\xa5Q\xf4x\x9bb\xe6\x82\x920/(\xbd\
\x95`\xe7\x0a\x0aJ\xab9\xa6\xaf4\x96\x94\xd6\x18\x96\
\x14.\xdc\x09\xf3\xc2\xbd\xb4\xdb\xff\xfepp\xb9\xa1>\
\xc5\xdb\xfdQ\xb3\xd3,T'\x86\x1f\xa2\xd4 u\xaa\
\xd0\x8a&\xb9\x0c&-\xec\x91\x7f\xe8'\xe1\xde\x03\xef\
\xfe\xd2\xed\xc4\x91)\xb7\xf5\x00\xbd\x1c^\x0fq\xe4_\
\x87\xae.\xc9E0i^\x047/\xfc\x87\xcf\xfb\xdf\
\xfe\xf0\xb7\xfe\x14\x0ez\xa21\xd1\xec\x96\xb3bOW\
jtaO\x98\xe4\x1a\x98\x8cZ\x98\xcb\xf8\xdf\xdf{\
K\x8f\x07g\xbbR~\x9ej\xaac\x0e7\x9cR\xe1\
v\xa7h\xc8\x91\xe4\x1a\x984\x7f\x0b\xbeX\x0d\xceO\
\xd4\xcbJ=b\xa5\xfc\xdc*\x94\xd5\xc3J\xdd\x10\xe9\
\x13l\x95\xe8fp\x1dL\xc6-\xcce\xae{\x7f\xaa\
\x90\x83\xbdei.S)\x87+\xb71\xb1=\xaa\x94\
`(\x93\xe4\x8a\x92L\x9awt\xb3\xaa\x05\xf5\xf6\xdf\
\xf4/\xde\xdf\x0a\xb9\xd3\xd4\xed\xe7X!'\xde\x8bN\
c\x0c\xd6\xc7I\xae'I\xf3z\xf2\xe0\x95\xb7\xb3\xa8\
.\x85\xbf\xfdD\xf8\xfc2\xb5\x9c\x1e!\xa9{\x91\x13\
;\xbaR\xae\x0dQ\xa78i\xa4\xcc\x93\xc6\xec\xae7\
{\xe8\xcd\xcc{_n\x9f\xb3\xc6q\x84\xdf\x9f\x0e\xbf\
\xd4nJ\xa7]t\xe9J\xa78u\xa4\xa26&\xd1\
sg\xea>\xfb\x0f\xef\xc9\x1dG\xf8\x22\x1c+\x88C\
\xddnn\x0c\x86\xba)N\x1d)\xe3\xd4\xa1\x8e\xd9_\
_\xec\xff>\x7f}\xfaB\xbc\x22\xa5q\xf5%NM\
4;\xd2I\x97\xc6\xa7\xa0\xe7Hq?\x9a2\x9f$\
\xad\x1e\x06\xab\x0f\xbc\xdd\x8fR\xd0\xea:\x87\xc3/=\
N\x12\x83nW\x1a\x144\xa7\x8f\x94y\xfa\xe8\xfd\xf0\
\xff|\x0b\x1f\xe3\xd8p\xc4\x88\x9f\xe2X\x1b?En\
\xeeR\xc6\xcd\x9d\x7f\xf9\x87\xbf\xbe\x03S\x99_\xc9\x03\
w\xb3\xb96\x8deR\xdc\xdd\xa5\x8c\xbb;\xf5 \xec\
\xf5\x82\xf7\xb7\xbb\xa4zc\xaaP+J\xbd\xb3\xfa\x05\
\x22u\xb8\xa7s\xee\x98G:\x98]\xee?<\x12\x22\
U\xf5O\xde\xa3\xa8\x9f\xa0\xc5p8);\x11;\x00\
;Hn\xbf\x00v\x90\xda\xf2EJm\x0e\xe7c'\
j~\xba\x1a\xf1u|(\x9c\xae\xea\x97\x1b\xe2w\xa6\
~\x82a\x91\xc3\xdd\x90\x13\xb70\xc4\xf0\x0e\x7f\x0e6\
g\xa4!FM=R\xe5\x09F\x0d\xf2\x98\xc3\xc9\xd7\
1_\x13?y|}>\xed\xbd\xfa\xfdV\xac\xba\x03\
R_XC~\x824\xa6\xe8d9\x839\x8e9\xb6\
K\x97\xe5\xbd\x07\xd7?_\x09\xd8\xae\xb0*\xabgS\
X\x98ExW\xb7\x0ey\xd7\xe1\x14\xe6\x18\xa7\xb0`\
\xfe\xcc[Z\xd7\x0bba\x8f\xd6(dUi\x0b\x17\
\xc4\xf2\xc4\xb3\x91\xcd\xc3\x1e-\xcd\x978m\xde\xd2\xef\
\xeeyO\x16T\xc3y;?dt\x13\x11\xd6\x0b)\
=\x8c\xc3\x11\xa7\xf9\x1a\xa7\xcd{\x88\xb3\xf5\xfe\x09\x81\
\x8e\xc2g\xb4\xaa\xc4T\xd9\xda9\xaalin!\xd2\
\xe63\xad\xde\xb2jz\xa4\xf5{\xa7Y\xd3\xfd\x8e\x5c\
2:\x0d\xa8\x18i~|\xa4\xcd\x1f\x1f?\xefys\
\x9b\x80p\x18\xcb\x0c\xbf9\x84\x82\x8e\xe5\x08\xe3\x90\xe6\
t\x916N\x17\xde\xd9\x95\xf7\xe3%L\xb3\xc2vX\
\xa5\x8c&\xce\xb3J]\x9ag\xa59]\xa4\x8d\xd3\x85\
\xffrM\x03`\xe4\xbb\x5c\xd5\xdbI\xbc\xc9U\x17n\
r\x84Y\x11\x11sV\x84*\x22\x1a\x96!G\xac\xeb\
Hq\x04\xe6\xafQ\xc4\x98#\x1c\xb3q\x0b\xa4\xdeI\
\xaa\x19\x06L\x97Np\xba\x17FP\xd7x\x1b@]\
\x91;1\x0e\xda\xf8}7\xd8~\xea\x1d\x1d\x05\xbdS\
\xe9\xa94Y\x1eN9\xbbnY|)M\xd6\xbb\x1d\
\x889\xce1\xc7m\xe0\x14\x8f.F\xa1X'\xcb\x8c\
a\x9d\x04\x0ck\xe4N\x82c6/'\x87\xa7\x83\x9f\
D@\xe9L\xe8\x8b\xc1\x17\xba\x93\xc7\x0b\x9d\xe4\x98\x8d\
\xcb\x89\xc6\xe9\xf4\x1e\xc0\xfe:\xa7[#}Ap\x83\
\x9d\x9b\x84\x0dv\x84i3\x11s\xdaL\xd8+\xaf@\
\xaf\x5c\x98\xa2^\xb9@7\xd9\xe1X-,G^\x04\
\x9b\x9bp\x93;\x99\x10\xf1\x8e7\xb9S\xc7\x9b\x9c\xe6\
\x98-\xa0\x1a.\xf4\xabT\xc6\x9e\x85\xe5z$\xf2\xac\
T\x01\xe4Y\x84\x992\x11s\xa6L\xff\xa0\xe7]R\
\x09\xac5\xd5\xff/\xfa\xf8j\xf8\xf11O&b\x81\
'\xf3X\x03\x13\x83\x0f\xf7\xbc\xad\xdbh\xa8l\xa1\x5c\
\x0c'B\x0diZ\x91-\xb6\xe1bD\xb8\x94Db\
vpr\x1a$\xb0\xf6\x0eqrz\x140%\xce7\
+\xf9)\x08\x9akI\xc4B-\xd9\x0a\xb6\xdf\x8f \
\x06\x8e7\x91\x168\x8e\x17\x83+I$agq\xad\
\xe2\xee\xcf}\xc2\xc5\xb5\x8e\x9c0g\xa5\xbc\x0bas\
1\x89X\xd8\xb7\xcf{\xc7\xaf\xfd\xc3\x13o\xee\xa3\x04\
\xfdTO*\x0d\x1e\x97\xa9\x05\xed:\xf4FL\xed\x89\
\x98S{\xfa\xef\xae\xbc\xfdi\xf5\xd6\x1e<}#\x8d\
\x91U\xf1k\x14\x80\xdf\xd3\xae\x01\xef+\xc2\x04\x9fH\
\xc4\x12\x06\xdb[\xf8\xac:Q\xbc\x1c\xad\x82\xde\x06\xcb\
w\xa3\xd5\x86\xa8\xb9\xa4\x98\x13|T\xc9\x1e<\xbf\xf2\
\x1f>\x97J\xb6~J\x95\x1a\x22\xdcE\xff\x0a\x99\x8e\
\xd9=\x91\xe8\x1d{\x99n\xf5ld\xa6+\xc2'X\
\xc9C\xe6`~O\xc4\x9c\xdf3\xb8\xbf\xac\x1e\xaf\xc1\
\xcc\xaeD\xe0\x08k\xb6~\xbc\x8e\x17\x88\xc1\xd1\xed\x8e\
\xe7!l\xae+Q\x0b+\xa8\xc3\xfe\xc3\xa3`o\xd9\
\x9b\xbb\xfd\xae\xaa\x86C\x0d\xbdWm\xcag]ua\
\xb5\x1aa\xb2L\xc4\x9c,3x6=\xb8\xdc\x08\xe6\
?\xfa\xdfn\xd3\x92\x1a\xe5\x10@\xd2jV\xcb\xd2\xb5\
nT[\x90\xee\x98)\x131g\xca\xf8\xdb_\x98f\
\xf7\x8b\x1bH\xc5\xd0%\x9e]\x84i2\x11s\x9a\x8c\
\xeaD\xbd\xe9w\xc1\xd1\xb1\xf4|\xad\x0c7}\xe3\xf2\
\xe3\xb5R\x19\x87\x96\x9fY2\x11s\x96L\xff\xd1R\
\xff\xe8\x93\xf7s]\x8a\xb8\xdet3\x13!'I\xe4\
\xaa\xb9.E\xcc\xd9\xd9\x02Ef\xf7\x93\xffr\x1a\x1e\
)\x0d\xcd\x8a\xc7'J\xa3BO\x14\xa6\xc7D\xcc\xe9\
1\xfe\xf1\x1b\xef\xe0'\x11F'\xf2\x99\x09\xa4\x8bb\
\xb3\xcf\xbc\x98H\xcc\x06\x0e*\xb8X\xbe\xbez-a\
\x98u\xc5\x1e\xae\x7f\x01\xc1\xac\x8a6\x9dr\x94\x83\x8e\
\xda\x19\x0fx\xcfw\x073Oy<pW\xdd\x0e\x91\
\xb11y\xb7\x02As11\xa7\xc5\xe8\xa2}\xb6\x0a\
P\xa8\xb0kn\x22\x14*O\xb8\x91\x08\xf3b\x22\xe6\
\xbc\x98\xeb\xb3'\xde\xecA\xff\xfe\xf7`~\xf6v\xfd\
+\x8c\xe9/03qW\xae\xd9\xd5\xb1\xca]\x88\x99\
k\x8991\xe6\xef\xff\xd0\xa8\x91\x03!\xc35F\xad\
z\xd4\xafP\xac\x99\x0f\x13\xb1\xc0\x87\xf9\xf6\xa9\xbfH\
\xc3\xb9\xea\x10s\x8d\x03\xf2:f\x0c.#V\xf80\
\x83\xed\xa7\xfe\xda\x8c\xdc\xe5\x87\x83\xb9\xdf\xa4\x1en\x12\
Z\x8b8\xe7\xb7\xb8y~\x9b9\xd1\x22Gr\x09\xd1\
o\x91b\x06kH\xbbH5$\xce\x89\x22\x1e\xb3\xd1\
Y,-\x03\xa0Au\x16\xc5\x0c\xa0\x19*\x84f\x88\
0q'bN\xdc\xd1\x0f\xa8\xf5w\xd7\xa7\xf7T\x86\
\x13\xb2q&D\x97\xd5:\xe5\xbc\x5cCr\xb9\x0e\xf4\
\xf6q\xee-\xe2\xe6\xbd\xc5\xf9Co\xfb!\xec\xd3\xaa\
\x99\xe1\x0b\x0a\xd7i\xd5\x22\xac\xd3\x22\xcc8\x8aXc\
\x1c\xcd\x9d\xf5\xe7\xbe\xe3#;|\x90de\xf2@.\
\x0bQ\xf37hN8\xea\xcf}\xf2v?\xfa[=\
\x91\xbe\x7f\x03\x88\xab {\x9f\xe80\x11\xa6\x1cE\xcc\
)G\xc1\xf9\xc9\xf0\x13\xf4\xb7n\xb34Z\x85\xb2\xfe\
\x06\xebnS\xa4\x0eT\xea\x100\xa7\x0ds\xba\x91w\
\xdeS\xb7\x19J\x89~\x8d\x14\xb1\x92Tpm\xc9\xe4\
\x9dH\xc2\x8aT\xd0\xdc\xe6uO\xb7\x9f\x12\xa2}\xf8\
\xb2\xee4krS\xe4\xe6\x80\x0f\x1aa\xfaN\xc4\x9c\
\xbe\xa3\xa3^\x98\xa5\xc7js\xb8:\xc1\xc7*\xd6l\
\xa6\xefD\xcc\xe9;\xfe\xe1\xa9\x7f\xacY\xe4~\xef\x89\
\xb8\x03l\x0cU(:\xb0\xef!<W\x84\x09<\x91\
\x84\x8dN\xe3\xfa\xe2\xd9uoOz\xb0\x86\xd9\xae\x11\
\xca\xa2\x89O\xd6n#G1sY\xb1@\xe0\xd9\xdd\
\xd3\xec\x9d\xadC\x15\xb6\x806\xaa\x86\xfb\xd6\x9c\x5cT\
\xf2\xd5<\xf4\xa0\xcc\xdf\x89\x98\xf3w\xbc\x1f\x1f\xbc\xc7\
\xab\x948\x9a\xeaJc\xde@\x88\x06sw\x22\x16\xb8\
;\xbb\x1f\xbd\xed\xcd`e'\x98\xff(L\xb82\x1a\
\xe7\x17~\x85-q\xc6\xd5\xa8\xb7 h\xae'\xe6\xf4\
\x9d\xc1\xfbP\xcbaqO\x1d\xb4\x8c\xea\x0ag\xb7c\
a\x0d\x17\xb1\xe1c0\xd6g\x02O$\x19\xb3\xd1\xed\
\xaf]@\xe6\x08\xbf\xc1\xf1\xa1\xfe\x04\xa4\x8e\xee8\xa5\
\x8e$\x97\x96d\xc2\xfc\x15\xa8\xf7'\x02\x81G\x83V\
5\x1cX|\x02\xd6\xc6 T\xae'\xe6\xe4\x9d\xe0\xfd\
R\xb0r\xe8\x1f]H\xe4\x9db\xa8=1Y\x96\xc9\
;\xc5\xc6$%\x0c\xae&\xe6\xe4\x9d\xfe\xf4Jp\xb9\
\x08WYS\xc7\xc7U{D\xf7\xb8:\x8e\xf7\x98k\
I\xd2\x9c/\xf0\xe5\xbd\x7f4\x0f1\xb7\x9a*!c\
\xc4-\x17#\xe6J\x92\xb4@\x16\xf0v?\x0df\x17\
\x84+\xac\xaau\xf8\xe9\x89\x97\xb8\x01\x0f\x93\x14\xd7\x90\
\xd4\x1d;\x02n\xba\x05\x95\xe4u\xfe\x121E`p\
\xdd\xad\xc0\x193\xa1+\x92\xb2\xa4;\xd7?\xd9\xf6\xbe\
~\xc1\xb0\xb3\x85r\xb5\x0cQga\xa6\xc1t\xae\x88\
9\x9dkp\xfe\x87\xff\xf5\xd8_{4x\xbb(3\
\xf5\xddB[\xfdGQ\x1eu\xb9n\x1b\xaa6\xf3\xb9\
\x22\x16\xf8\x5c\x0b\xba3\x021\xa3\xd6Dub\x94\x94\
Q\xab\x0aRF\x11fFER\xb6\xa8\xfa?>\x04\
;\xc7\xf8\xde\xae4\xeb\xae\x88+)\xd1;0\xc5\xd9\
9e\xbe\x98\xda\x9c\xf1\xe7\xe6\xbc\xc3\x15\x01\xd6U*\
\x14\xa6\xa4\xfe\xbeT\x80@9%\xa7,\xb4\xf7[\xde\
\xfe\xbc\xf7\xf0\x83\x84Z\xd5\xc3\xa2\xa1|\x83\x88\xcb\xc8\
g\x08\xb3\xca\x04\xaeH\xca\x82\x1e\xe8\xfc\xe0\xde\x0b\xa8\
\x22C\x9d\x17,#\x99\x06\x95\x11frE\xcc\x99\x5c\
\x7f\xfb\xfb?\x82\xe5\x97\xfd\xc7\xbfK\x08\x87\xa9fY\
\xd6\xf0\xd6\xbf\x8dC\xb4\x9c\xda,0\xa3\xae/\x8e\xa5\
MT]\xd5\x0e\xd8A!\x16\xd1\xe1l\xe6\x98\x13\xdb\
\xd5\xebc\xf3!\x0cio\xf4\x82aL[\xef\xd0\x98\
\x96\x99\x5c\x11s&\x9773\x1f\xac|\x83g^H\
 \x18*;\xcaO\xbd\x12\xae'\x99\xd2\x151\xa7t\
\x05K\xaf\xbc\x99\x05\x18\xdfw\xdd\xe6x89l\xd0\
\xdb\x03\xaf\x06\x17\x0d\xc7\xb8h\xf4\x17\xbf\xf6\x1f\x1e\x8d\
h\x8f5l\x04\xdbcl6\x1d.\x1a\x8e\x15\xe8\xb2\
\x86\xf6}\x91\xb2\x84\xaaq\xd4n\xea_\xa1\xdfd\xf2\
\x5c\xc4\x9c<\xe7\xcd\xac\x06;W4\xd0R\xcd\xbc\xbe\
\xcf\xa3&Zc\xf4,e\xf6\x5c\xc4\x9c=\xe7\x1f\xcf\
\x0f\xd6\x8f\xd5?o\x13\x1eT\x9c\x9d\x0cb\x97';\
\x00]Ns{\x9c\xb6\xa2\x98\xff\xed\x0fo\xff\xa54\
\x80S\xb7\xb8[\xae\x03?\xc3\xed\xd6\xe1|\xd3\x5c>\
\xd2Q\x0b\xab(og\x11\xd8\x897\xab\xa8\x1b}\xe3\
\x12m\xa3\x80\xa1\x18a\xce_$m\x03Z\x1b\xcc\xef\
\x8d\x12\x19d4p\x17\xd1\xc0L\xf9\x8b\x98S\xfe\xbc\
\xdd\x05\x7f}\x07d\xac\x8aM\xbd[%\x11\xabb\xbb\
C\xb7\x83\x93\x9c9\xef\xef\xfa\xe7C\xd5j\x06\xf3\xb7\
\x91\x93Z\x22\xac!\xca\xa3\x80B_\x84\xb9~\x11\x0b\
\x5c\xbf\xdd=o\xe5\x89\xba\xc6\xd2b$\x9fi\xdc\xd4\
j\xc0\x8a4\xf2\xb0\x16a\xa6_\xc4\x9c\xe97\x98]\
\x0e\xf6\x16\xbc/O$LN\xc8\xcc\xd0J\x99\x00\xc9\
\xa9t\xbbrK\x14e\xde\x5c\xd4\x9c77\x1c!\xc3\
Ww3A\xa6\xaf\xae\xde\x82\xaf.z'\xca!\x9b\
\xab@=\x9b\x0b>\xf6\xfa\x87\xf7\x85E\xeaX\xb8\x11\
\x11\xbf8w\xac\x01\xc1\xc68X\x1bJ\xc0\xda\xa4B\
\xa5\xe3/O\x84\x141\x15\xae|\xbbR\x8f\x5c\x9c\xca\
w!\xe0$\x07l\x0eD\xdd\x9a\x0f^\xad\x80\x12J\
g\xa2\xd9\xc9\xb0\x10J\xa7\x03B(Q&\x9dE\xcd\
Ig\xfa\x09}\xf1\x11\xe4\xaa2:V\x12\xab\xca\xe4\
@\xac*\xca\xcc\xb3\xa89\xf3\xac\xff\xfa\x0d\x13\x99'\
\x9b#Y\xcc\x93\xc4b\x8e2\x85+jN\xe1\x0aN\
>k\xd4\xfd\xcfiq\x119\x9ckN\xca\x8dP\xb7\
2\xd9\x81\x889\xb3\x99s\xb8\xfa\xef\xae\xfakK\xaa\
2\xcb:D]\xbdW\xcfL\xc8\x22D\xdd\x0eE\xcc\
\x89-b\x01o\x11\xb6\xf33{\xde\xccmdY\xf5\
\xb7Z\xa8\xaeU\xce\xc1;\xa4Zs\xe1\xe3cFT\
\xd4\x9c\x11\xe5\x9f\x5c\xfa\xab\x07\xfe\xcb\xdb\xda\xa3w3\
\xe5\xba\x1e\x1bK\xe6y@)\x8a2\x0b*j\xc1\xe3\
(d\x8e\xa0\xea\xe8\x909\x82\xaa\xa3\x15\xbc\x13\x9c\xdb\
\x22V|\xe8\x1e,\xa8'H\xb0\x08J\xa9\xddL\xb9\
[\x06\x89\x94n\xb7\xebB\xd0\x9c\xdf\x22\x16\x9e\xa6\x1f\
\xfc\x9d\x13\x18kN\x86\xd2v\x992\x0e6'sy\
\xba\x1di\x0e\xda\x86\x19\x85wt4x\xb6-\xe5\x8b\
\x9a^\xa7\x87\xd2\xbf\xa2\xe6!)\xffF\x99R\x145\
\xa7\x14\xe9\xbd\xcd\xdc'\x98\xb2\xa8\x13vG-\xd3]\
\x9a\xb2D\xd91(j\xc11h\xf7\xd3\xe0r\x03\xb2\
r#S\xd6;\x10J\xcb\x8d*}\x82L\x81\x8aF\
m\xb4pz||y)\xf5o\xcdr>#7o\
\x10)'8\x0bv;\xbd\x0f\x83{/\x08\x97U\xd0\
L\xbe\x11\xb8\xac\x06u\xf3L\x22\x8a\x9a\x93\x88\xfa\xdf\
vA6'\xe7\x96Y6'\x07\xb29Q\xe6\x0fE\
-\xf0\x87\xaeV\xbc\xb9\x8f0\xf2.jq\x11\x18x\
\x17\xab0\xf0\x8e2{(j\x81=\xb4\xb3\xe8\x9d\xfe\
~\xfd\xf3\x95\xf7\xe9\xa9,\x11\xf8K_k\xbc \x85\
\x9d\xab\xe7\xe4\x15H\x94)DQ\x0b\x14\xa2\xaf{\xba\
?\xde\xdd\x13\xaf\xc5\x8d\xceO>\x037\xa3\x0b\x14\xeb\
(\xb3\x88\xa2\x16XD\xb3\x8f\x99\xc0W-\x8f&\xf0\
U\x89\xc0\x17e\x12Q\xd4\x06\x89hypv\x88x\
\xd9Zg\x84,J\xa5\x83!s26\xa7\x10y[\
\x0f\xb4\x19\xe8\xbd\x9d\xc1\xbd\xa7\x82\xd0\xd6p\x01Yo\
\xe6\xc5\xe7i\x03L\x10\xa2\xb18\x87ln\xd9\xac\xd2\
\xc5\xea!\xbc\xf6\xc6\x0amMg\x80\xc7\xdeX\x9b\x1e\
{Lz\x8aZ0\x03:\x5c\xbe>=\x0c\xe6\xcf\x82\
\xde\xa9$\xa6\xa4Q\x15\x8dBW\x5c\xf9\x8f\x17\x1b\x14\
2\x97>\x0bf@\xaf\x7f\xf7\x1e\xbc\x02\xfd\xa7R\xb3\
\xac\xb7{(\xffT*Q\xc7\xc9\xcc\xa7\xa89\xf3i\
\xf0l\xcb;>\x84\xd9P\xe3F\xb6\x13\xe7C\x8d\x22\
\xcd\x87\x98\xfb\x145\xe7>\xfd\xed\xef\xff\xf0w\x0f\xbd\
\xaf\x9b\xd2\x9a\xacS\xc8\xd3.\xbdC\x9f\x1e\xd7\xbf\x98\
\x15\xb5\xd9eI\xf4P\xc5\xd3\xac1\x11\xae\x03/i\
\xe6iE\xcdyZCo\x97\xeb\xd3Y\x7f\xfa\xa90\
\x8a\xd5\xce.-\xedI#\xc7\x9coA\xd5c\xa2V\
4n\xc3\xe0E\x83\xde\x16D\x83\x17\xfd\x04i\x82\xe2\
\x93K\xd1r\x92\x88[\xc02\x85\x22\xf1`\x871\xac\
\x1dl\x87\xd1\xa0\x5c\xcc\xd4\xb2\xa8\x05j\xd9\xc6s\xef\
\xbc\x87\x03\xfa\xccPO\x9b&\xf4\x15*\xd2L,\x8b\
\xc6-\xf8\xb9\xef\x0e\xb6\xdf\x0c\x9e\xce\x89\xbb\xff\x92F\
,h\xc5\x0b\x11\x1a\x0bg\xcc\x9c\xb2\xa89\xa7l\xe8\
w\xe0=\x7f Q:o\xfc\x0eB(\xa4\xc8\xea\xac\
Uh\x9a\xc5\x94\xb2\xa8\x05\x0f\xab\x07\xaf\xbc\x07[#\
\xc0,\xb5\x11\x8f\xbdR\x8d.\x063\xca\xa26L\xac\
\xbe\xa8\xe4\x86X\x16\xcd\x00\x1f%\xba\xd6u\x01\xcd\x12\
e\x92V\xd4\x9c\xa45X\xfe\xac{\xb8\xed'\xfe\xea\
\x86D\xa0\x1d+\xe42d\xb0\xd4\x1e\xcb\xd1\xe5\xe0L\
g\x81\xa1uv\xe5\x1f\xcd\x028$D:\xb9\xcdQ\
t\xa7\x92\x0b\xe0\x90(\x93\xb4\xa2\x16<\x96v\xf7\xfc\
3\xe2\xe1\xe8\x07\x1f\xca\x81\xb9x\x9f99\x9b\xd3\xb3\
\x06\xefWU\xca\x18\xcc<\xf5zkBr\x9ehV\
\x7f\x0b]\xced1\xcc*\xb0:\xa3L\xcf\x8a&\xd2\
6p\x16\x1f\xee\xf9[\xf3\xfd\xf9\xafd_\xdb\x99h\
\xd6\xc5UN\xbb#\xe3y\xa3\xccv\x8a\x9a\xb3\x9d\x06\
\xeb\xc7\x1a\xba7\xb3\xe7\xaf/JP\xa7\xd2\x8d\xf8o\
fb\x5cF\xa9wJ]\x98c0\xe1)j\xc1\xaf\
(\x94\x11$)\x94\xa1\x8c \x8a\xa1\x10!5\xca\xac\
\xa1\xa89kH7t\x1b\x07\xfd\xc3\x1f\xb2c\x1f\x0c\
\x93\xf5o0Mf\xe2P\xd4\x82\xeb\xcf\xce\xe2\x90\xf3\
+5t\xb9a-\xc9\xf0\xf3:W\xa1\x96\x8e\xc9C\
\xd1\xa4\x05\xc5\x8b\x1f\xfe\x97\xb70\x03w5\xb1\xa5\xc0\
Cp\x17w\x93L\x1e\x8a\x9a\x93\x87\xb4H\x8ez\xa8\
.\xac\xf5g?I\x229:\xc7\xd5\xe0\xa5Z\xca\xd7\
\xe8\x989\xd1\x99\xb3\x87\xfa\xdf\xde\x06_w\xc1\xd2\xb8\
\x94\xa9u\x9a\x05r4.u\xc0\xd18\xca\x5c\x9ch\
\xca\x92J\xc0\xf5\xd5k\x7f\xfa\x00U\x02B'\x1aq\
~\xdfnC\xcc\x9c\xe3\xcc\x998ZI^\xfd\x91\x01\
\x92c\x99\xb2\xfaC\x08\xc9\xb11@HF\x99\x85\x13\
\xb5\xc0\xc2Y\x9f\xd7d_\xb97R\xf9B\x8f\xc3\xb9\
3\xaa`g\xc44\x9c\xa89\x0dG\xb5\xcd\xc1\xf2K\
\xd8]\xeb|1\xd5,\xd3\xea\xda\x9d\xa2\x94\xc1\xe4\x96\
\xa8\x15r\x8b\xaa~Z\xde@\xb8\x19\xbf\x04\x1ao\x04\
\x0e\x0a\xa23M\x8e\xc2\xe6\xb4\x91J\xdbQ\xd6\xf2O\
\x0fXV\x0bdGs\x93P\x03\x99\xdd\x12u\xac\x08\
\xa2\xec\xee\xab\xc7\xab\xb7\xd5\x93\xfb\xb9\xce\x8dqm)\
G\xaa\xb4\x1d0R\x89\xb2mQ\xd4\xb1\x81\xad\xd6P\
p\x19j\xa6}\xd03#\xfc\xef\x5c\xc4\x9a1;'\
\xeaX\xb0\xa0\x5c\xe35\x8f*\x80\xa3\xb6<5\xdc\xf2\
0O'j\xce\xd3\x19<=\xd2\xb4{Y\xfcw\xb2\
|3AB\xfd\xdfI\x1co0W'j\xce\xd5\xf1\
\xbf\xbd\xd7\xec\xb8\xf3^\x7f\xff\xf6\xe2\xfdnS\xe7\x0f\
\x1dw]d\x85\xdf\xcd\x03\xef0\xcaT\x9d\xa8\x05\xaa\
\xce\xe5\x8b\xc1\xca\x13o\xee\xbb\x94\xa4\xf5\x0eP%i\
m\xe7 f\xe9\xea\x14\xf89D\x99\xf6\x125\xa7\xbd\
\x0c%1\xfd\xb5\xef\xde!Hb\xaa\xf2]\x87\xc4Q\
w\xebt\xce\x5cY\x1c\x1b\xe0p]\x0f\xc1\xef,\xe3\
\x8ep;si\x0f\xcf\xa4\x97\xa8cc\x0f!\xcbK\
\xd6\x1b\xac,\xa9~\x83i\x17\x13H\xa2\xe6\x04\x12\xd5\
\xe6\xfb\x0f\x9f\xabt!IU\xe96\xbf1\xd1\xd4\xc9\
\x02\xa6\x1ay\x5c\xb2\xa69\xc9\xa5c\x96\x14\xce\xe5Z\
2T8\xc7RR'\xff\xc6(\x13^\xa2\xe6\x84\x97\
\xc1\x1f\xbf{\x87+\xde\xee\x0b\x7f\xf5v\xb6(\x14\xa6\
\xf2\xcd\x89\xba\x14n\xa1\x90\x87\x8f\x8e\x19\x19Q\x0b\x8c\
\x8c\xfd\xf9\xe0\xc9\xa7\xc1\xcc7\xff`A@YO\x86\
B\x98\xe3\x22\xedw\xb2\x02\xd3\x17\xa6cD\xd36\x98\
\xca\xfd\xabO*\xbf\x09\xd1\xe6\xcb\xe2\xbb/\x03'\x1b\
c\xbf\xa5\x98\xb9\xdf\x92\xd6Y;?\x81\x9e\xa2U(\
k\x87hh)ZD\xc1\x881k$v\xc7J\xe7\
\xb6\xf2\x1af\x88\xaas\xe3\x09\xa2K\x13\xc4\x18sF\
bwl\xd8M\xbe\x9a\xf5f\x1f\x08\x098\xab\xaem\
\xd7m\x8a\x13\xdaF\xb6\x0b\xc1\xc68Xs/\x8f\xcd\
\x0dof\x1eW~\xcdRsD\x93Y/\xe1\x8dH\
p\xcc\x09\x0b\xef\xd3\xc1\xeb\xde\xe0\xc1#q\xa6\x15\x02\
\xcd\x9a\xb5\x9clT\xec\xd6\xe1\xa1\x17c\xdaH\xcc\x9c\
62\x98y\xaaZyo\x7f\xc9\x9b9\x11\xe6\x00M\
\xdd\xca\x0f\xc7\xe1by\xae\x94\xdc6D\xedp\xd4\x8e\
\x85OO\xeb\xd8\xa1\xf6^\x83\xed\xe4\x10\xe1\x19c\xcf\
\xa2\xd8\x1d\x0b\x0b\x87Y-\x18\xf8xU\xb2\x0co\x85\
\x00O\x9d2D\xb7\xf0\x96K\x87\xccl\x97\x989\xdb\
\xc5;\xbb\xd2\xf4\x91\x11\xeb\xb3\xf6\xc8\xedY\x1bfD\
1\xe6\x8f\xc4\xcc\xf9#\xde\xd9\xb1&A\xa9\xfeMP\
>\xb9\x1b\xce-\xc29\xed\xa4\xd4U\xdc-\xe5'!\
f\xceu\xe6\xbeE\xde\x83\xadP\xe9wAD\xdd\xdf\
\xe01H\x93\xbfV\xec\xd29s\xae\xb3a\x02\x14*\
=\xed\x7f\x97\xe0\xa9\xff\xa2\xf4\x04\x1e\xd1.xD\xc7\
\x98\xfc\x12\xb3@~9\xf94\xb8\x7f\xd1\x9f\xfb\x14|\
\xbc=&\xd2'\x9c\x9fh\xfe\x22\x0cH\xb9C\xbd\x9c\
 j\xcev\xe6L\x12\x0d\x9c|\xb8\xa9-\xcf^.\
H\xab\xf7\xaa:\xe7\xda\x94\x1cr\xbbZ\x99\x82\x909\
\xdd\x99\xf3H\xae{/BR\xb8\x98\xee:\xfa\x15R\
\xc2t\xd7iS\xbacK\x9d\x98\x05K\x9d\xc7\x07\xba\
\xa3\x9b]\x904\x03\xf46J\x0b\x1d\x84RO\xf2I\
w\xddn\x09\xc2\xe6|g\xce%\xf1O\xde\xa9\x97\xaa\
\xde\x01\xfe\x14U\xc2\xd5C5\xdc\x01\x8e\x89\xaf\xbeJ\
#\x077\x9a\xd9$1\x0bl\x92{/\xfa\xcf\xb6\x83\
\xc5\x03\xef\x8dD`\xae\x0d=uB\xc8\x91\xf4\x19V\
\xdd\x0a\x04\xcd\x19/jE\xa6\x18\x85\x95U\xb8\xac\xab\
\xec\xd2\x1a;\xc6L\x98\x989\x13fH\xfe\xf4v?\
\xf6\x7f\x1c\x00\xf9S\xef\xd2\xaa\xa2\xcch\xb7Q\x85\x90\
\xb9\x1d\x8d\xda\xc0\xbe\x80\xa9U>3\xc2\xce*\x9f\xa7\
\xf3\xe5\xbc\x1c\xb5\xa1K\x1cl>\xd1IN\xcc\x18\xc3\
\xa5\x83\x96\xcd\x85\x84\xd1q)apj6\xa7\xc3\xf4\
//\xaf\xcf\xa7\xbdW\xbf\x0bG<U\xd0\x9a\xb9\xe2\
\x09O\xc9c\xb8\x18s`b\xe6\x1c\x18uw\x99\xcb\
\x15*\xfc\x8e\x80\xf75\xb0\xd3g\x0eL\xcc\x02\x07f\
\x7fI\x1d1\xa5\x09\xddcp\x9e\xc8c\xc4\x5cB\xcc\
\x190\xc1\xc6\x85F\x88\x1f\x1d\xdd\x86\xe7d\xca\x9df\
H\xfa\x94\xc094\xc4`\xeeK\xcc\x9c\xfb2t\x99\
\x08f\xefK\xfd\xfd_.\x13S\xd0\xe0\xe7rS\xd0\
\xe03\x97$f\xce%\xf16/\xfc\xad\x1eh\xfb\x86\
\x8e\xb5$\xed[\xaa\x80\xb4o\x8c\x99$1\x0bL\x92\
\xcbc\x7f\xe7 X\xbcMp\xd0\x22\x12\xe3RK\x9f\
\x19\x1b\x87@\xb9`\x98\xd3G\xfe\xfe\x8f\xe0r\xd1\x9b\
y$\xd9\xfchs\x06\xd9\xe2\x07z\x1e\xe6\x8c\xc4\xcc\
9#\xc3j\xac\x85\xec\x8e\x0f\xa1\x1aw\xdd&h\xb5\
\xb6\xbb]\xca\x0c\x5c+b6`\x92\xfe\xd73U\xde\
\x82\x0f\x8f\xa0\xc2M4uy#\x16I\xb7S\x82\xeb\
\x1b\xe7\xba\x11\xb7!v\xa9\xbb\xb5\xb3S\x91\x91\xd1\xcc\
\xc04K\xff\x08O\x0f&\x90\xc4\xcc\x09$C\xc8\x13\
H\x05\xfc\x82<\xa1T\x80\xdb\x00\xe2V,\xce9-\
\x9e\xb0\x91\x88\x8fvTy\x96\xc4\xa9\xc2D\x1c\xae\xd4\
\x1b\xc3\xe1\xa1\x08<l\xd0asj\x8b\xdb\x00\x11i\
\xf5\xaf\x9dcip\xa1\xafqUc\xb5\xe4\xb1\x85[\
\xad\xc3\xd8\x82\xe9/\xb1\xb8c\x07#\xc2/\x8f\xce(\
[L\xa2\xa8\xc6\x98M\x12\xb3\xc0&9:R\x8d<\
\xe0\x0euC\xa1\xaf3!\x0f\xeby@\x1e\xc6\x98L\
\x123'\x93\x5c\xf7^x\xfb\xdb\x00I\xedd\xb2\x99\
\x09\xc2\xa3v\xb2\x00.\x8b1\x93$f\xce$\x19j\
\xb9h\x97\xd7\xcdM\xd4r\xd1b\x12uJ\xcf\x95*\
\x1d4\xe7;s\x8b\x22\x7f\xed\xcbP\x85V\xe2|\xb6\
\x9b\x7f\x89\xd0\x8a@\xdav\x09(\x9f\xb1D\x9cc6\
\x87\xe2<\x7f\x1f\xcc<\x86\x19m\xbe\x19\xce+J<\
\xa5\xcd\xbb4\xa5e\x0aL,a#\xd9i\x12s\xef\
\x946R\xc5\xd0s\x19\xc4;q\xb2\xcc|\x92X\xc2\
\x06\xca\xda_\x9b\xe9O\xafxO\xe6\xa4f\xb9\xfa[\
(\x9e+v\xcb\xd5*\xe4gf\x93\xc4\xcc\xd9$z\
@\xfb`K#\x80\x97\x96\xa5\x01\xad\x1e\xe1\x8fe\xca\
\xc5\x8ch\xd3>\x06\xf9\x99\xcd~b\x16\xcc~T{\
t\xb9\x0f\x9f\xa0\xba\xcb\xad\x02\x8b\xf2\xb9-\xfa\x02\x99\
\x00\x13\xb3`\xf73\xb7\xa9\xa1-2\xbae\x08\xa1\x0d\
a\xe1\x00p\xc9\x11\xc0%\xc6\xf4\x97\x989\xfdE%\
h\xd5\xf9\x0f\x9em\xc9\xfe\xd0a\xd0\x0d\xca\x1a\x95v\
\x03\xbe@6\xfb\x89\x99\x9b\xfd\xe8oons\x98\xa2\
E\xf6\xea\xf0\xb4\xff\xca\xd3\x12\x90/W\xcaC\xe4\xdc\
\x94\xda\xf0\xfb\xd1\xf3\xa2\xe5\xd7\x92Y\x8a:\xe4\xbbM\
\xd9*\xe5.\x84\xca\xa9\xd9\x02mg\x7f\xda?~3\
\xd8\xf9\xe6-\xdc6\xd5\xd5\xe6D\xd9\x89p\xf6\x22W\
\xee\x1aN_\x98\xb5\x133g\xed\x04\xbd7z\xaf#\
s\x8d~\xe1\x04\x90j\xe4\x92\x92G\x8ci;1s\
\xda\xceuo\xc5?\xf9z\xdd\xdb\x95\xc0\x87\xadPi\
R\xc3\xb6\x00\x81\xd8\xea\x02\xdf6\xc6\xc4\x9d\x98\x05\xe2\
\xce\xbb+M4:\x98\xf6\xe6N\xa5\x9a2d\x8f\x93\
Nx\xbb\xd6\x859\x17\xdb\xff\xc4R6\xde\xdd\xd7\xa7\
\xf3\xfe\xdc\x95\xf4\xee\xaek\x12\x1a\xbd\xbb\xebP\x04\x99\
j\x14\xb3a\xfb3\xeb=Y\xf6.\x7f\xa8\xea-\x81\
2B;\xb6|\xa1\x06\x17\xa3\x9d\xafA\xd0\x5cPR\
6\xe8\xe3Z\xf0n\xab\xd7\xbf\x00\x89\xf0\xe1\xdb\xbb+\
V\xc1\xae[\x81O\x90\xe9F\xb1\x94\x0d\xfb8\x7fu\
\x164\xb8\xc2\xa0[\x85\xda\x08\x0d\xaen\x0b4\xb8b\
).')s@\xd7\xd1\xfc\xe0\xe3\x9f\x80\xb1V\xc7\
<N\x16\xcc\xee8@\xaccL\x90\x8a\x99\x13\xa4\x06\
\xefWU\x17\x8a\xa0\xb9\x89\xe6\x18\x03\xa3\xeac4(\
`\x9b\xa2X*e\xa3\x0c~\xfd\x04\x83\x82Z\x88\x13\
\xa01A\xcd\xa51\x01S\xbab\xe6\x94.\x7f\xfd\xa1\
\xea\x9e\xf1RLh[\x0f\xb8\x15.\xde\x0a.%6\
\xdc\x8a\xb6\x19J\x99\xcdL\x8c\x84Rf\x11J\xc9\x84\
\xae\x989\xa1\xcb\x9b~\xe7\xf5~x3\xf7\xc5\x9ey\
,\xc3\xd4\xc41\xe8\x98\x99\xc5\x153gqi\xc6\xf8\
\xfa;o\xf7\xa3T\xf8\xf4B\xaa!\xb7\xc9\xfaW\xe8\
.\x98\xc1\x15\xb3\xc0\xe0:\xbb\xd2{\xf6\xf5\xc5`\xe9\
\x15\x98\x00\x0d-=\xf5NBd3\x83FM\x8cY\
\x5c1\x0b,\xae\xd9eo\xeb\x10\xa4S*\xe5Z\xbe\
\x8c\xb2)\x95<\xb5ql\x02\x1437\x01\xf2\x1e\xaf\
y?N\xa0\xf0e\x0b\xe5lfD\xd5\xcbf\xa9\xea\
1\xb3(f\xce,\xd2\xc6\xc5\xb3\xf7\x82\xc5\x83\xeb\xab\
\xed\xdb\xcf\xbf\x90s\x16\xc2\xb7jY\x99\xc3Uq\xb3\
\x105g9\x0b\x9e:G;\xde\xd1\xd1\x08\xdf\xf3!\
\xfd\x93\x94\x1c\xc9\x90;\x96\xe64\x97\xbec\xe1i\xa2\
\xfd\x8b\xbe\xfd\xe1o\xfd)<MB\xfb\xa2n9+\
\xd3\x1e\xc6\xbap\xcel\x06\x14K[\xe1\xe7k\xb0*\
\xf5D\xea\xf9G\xe5\xafH\xe5\x8f\xb9\x5c1\x0b\x5c\xae\
\xcdM\xef\xe9c}\xc6\x02\x8e9|_\xbb\x85n\x19\
\xcaI\x1d\xe7\xb6L\x8b\x8a\x99\xd3\xa2\x82\xcdu=8\
\x92/\xf3\xdd\x1b\xb6*\xdd\xe5\xbb\x15\xbc\xcb\x9c\xea,\
\x18\x01-h\xc7\xa5\xfe\xe5\x85d\xec\xa9\xd2\xc5Py\
23\x01\xd6\x9en\xbe\x0a\xcf)6\x03\x8a\x99\x9b\x01\
\xe9\x05\xca\xd3\x0f\xfd\xb73\xde\xee\xac\x9c6\xf4\x84@\
\x7f\x87Y1GWZ\xf8\x15r\x8e6'\xa2i\xf9\
\x94\xcb\xad\xeb\xb3G\xde\xfewI>\xa5\xaa\xe7\x03\x1a\
\x7f-n1\xbb\xf4\x1dr\x826\xa7\xa2\xf9\x0f_\x0c\
^\xf7\x82\xf9\xb3\xc1\xd37\x82\x8a\xb8\xe6\xc64\x0a\xa0\
*P\xac7d\xac\x5c\x9cIiq\x0b\xa4\xb4\xde\x9b\
\xfe\xd1\x83QX\xae\x89\xe6\xff6\x98+\xce\xbc\xa9\xb8\
9oJ\xd3\x82\xb7\xe6\x81\xb5\x91\xcft&\x9a#8\
\x1b\xf9\x0ep6\xe2\xcc\x9b\x8a\x9b\xf3\xa6\x86\xc8\x071\
\xe0\x10\xf4@\xd1V)\xd8$\x07\x9b\xb4&\x02\x14,\
\xbf\x1c!\x024\xd5\x04\x15\xa0)\x88\xd9\xe1\x98m\xd0\
V\xfdc\xea\x9b3\xb5F\x86\xfb\xe6L\x03\xfa\xe68\
\xf3\xa5\xe26\xf8R\xf3\xde\xd2#\xc0\xd6\xd635u\
\x8f\x19Y['dm\x9c\x09S\xf1\x88\x8d\x9dZ\xff\
\xfe\x96z\x04\xfas\xe2N-\xec5\x1a\xe1\xfa\x04J\
\xa0z\x0dB\xdc\xfc\xf9\x99Sy\xbc\xc3%\xad\x9c\xf2\
lZ\x12\x09n\x97\xb5\xf8\x81\xca\xcaw\xcb\x18w\xbb\
~\x97\xe2\xe6/\xd1\x02\x9b\xe7l\x9d\x9dl\x87\xb3\xdb\
\x11\xb2\xb0m\xcc\xcfL\xe6\x89[ \xf3\x1c\xed\xf8?\
\xf6\x01\x0a\x1a\xf6\x1b\xea\xa6 \x1c\xb4\xe2N\xd2I\xf3\
\xd7h\xc1\x16F\xdd\xe9\xef\xef\xaf\xcf\x8eE\xc3\x92\xb2\
\xcev\xea\x8f\xecW25\x05Y\x9a\xd9<qs6\
\x8f\xca\xd2\xfd\x85\x83`\xf1\xf0\xfa\xfc\xad\x94\xa5;\x99\
\x09}C\xf2\xe2\x90\xbc\xd4i\xe7!\xe6(\xc7l\xbe\
*^\x7f\xa0b\x86,=\xd6\xac\xa9\x981M\x8fu\
(M3\x91'\x1e\xb5\x22}-#\xe9\xfeVoT\
\xcbM\x94\xbe\x06\x9cF\x9c\x19<qs\x06\xcf`\xfb\
\xa9\xbf}\xa9\xc5\x12\x85\x80\xb5\xa6U\xfdFPG\x0e\
{\xb2^\xa1\xa89\xcdEm\xbc\xab\x06_\xa75l\
QX\x14\xabH\xab\xcd!\xb5\xbc@d\xa9:\x04\xcd\
i\xce\x0a7\xa6\x7f\xb5\xa5^)\x92\xcd\xea\x10&\xa5\
.\xb2z\xa8\x88v\xab\xdd\x8eK\xb7\x99\xd3\x5c\xd4J\
\xd31s\x9f\xd6'Z,q\x84\xca8\xe1,\xe3L\
\x87\x88[\xb0\x02y\xf0\xaa\x7f\xa4\xd7'\xfe\xea\xa18\
\xc8u3\x13%\x9d\xebd\x81\xe3R\x1bb\xe6\xcf\xd0\
\x02\x1b\x22T\x84\xf5\x0e~\xf6\xe7>\x91\x22l>3\
\x01rK\xd9\x22X\xdb\xc4\x99\x11\x117gD\xfc\xe7\
\x7f\x04\xf3\xb3\xd7\xe7+\xc1\xc6\xed\xa9W;\x7fWc\
\xa5B\xa5\x7f\xb9A\xca\xdf\xedR\xd0\xfc\x15\x9as\x0e\
\xb4\xd0\xff\x87i\xe2O\x85[W\xdc\x076Zx\xa1\
\xf9\x1b4\xa7\x1ch\x97\xb1\x93mo\xe16\x84G\xbd\
\xa8\xd4\xe5\x18\x932\xf3TVft\xc4\xe3\x08\x09\xd5\
?Ya\xf5\xa83\x0eV>\xc8\xac\x9e\x10\xd8%\xbf\
QJ\x15\x80v\xc5\x19\xfd\x1e7G\xbfk\x16\xf9\xc1\
4\xbb\x1d\x85\xa0\x12\x1c\x92w\xe9J0\xfc=n\x05\
\xfe\x1e\xf4z\xa3\x88\xb7#\xe0\xefE\x0c\x99oq\xdc\
\xc2\xcau\xda\xdb]R\x9d\x86\x84U\xd4[m\xd5|\
\xeaFC\x86*\xd6\xda\x15\xe8\xf2\x19N\x1e\xb7\x00'\
\xff\xfei\xb0\xf1\x0d\xec\x83\x8aM\xad\xdd\x87\xeeA\xc5\
*\x90P\xe2\xecJ\x10OX\xe0d\xbf`\x82hv\
b\x14=4K\xf4\xd08#\xb2\xe3\x16L\x09\xf6\xb7\
\x07O7y\x19?B\xbafD\xc4\xfc\xf9\x99\xe3\xb1\
\x87\x96<\xa4*\x17Z\xf2\xb0\xaa\x5c\xbeM7\x99?\
?s@v\xff\xe4[\xf0je\xf0\xecw\xe9\xbdZ\
j\x96;\x99ZVfr\x94:YH\xcb\x0c\xc7\x8e\
[\x80c\xbf\xfd\xec\xcd\x1cz\x97\xfb\xd2\x01W3\xb5\
\x96\xb8{\xa8W[\x10k\x84c\x8dX\x10Q\xf1v\
\x16I\xbc\xe1\x17\x19p\x94~C\x0e\xf4\x1b\xe2\x8cj\
\x8e\x9b\xa3\x9a\x83\x8f=\xff\xf4\x00\xbe\xbc\xd0\x22vD\
\x1d\x19#\x18L\x9c\xf1\xb6qs\xbc\xad\xf7\xee\xc2\xbb\
x&\xefx&\xf2C\x8e\x9d\xb8{\xa0\x03\xe6Da\
\x8e\xb3\x0d6.\xb51\xa8,\xbd\x94\xd5\xee0(\xbc\
\x94\xad\x82\xf0R\x9cA\xb6qs\x90\xed\xe0\xedb\xf0\
\xee%\x5c\x89\xe2\xafW5\x5c\x89\x22A\x06\xe2\x8c\xb1\
\x8d\x9bcl\xbd\x99/\xaa\xf1\x84\xc9x\xb5\xdcT\x8d\
'O\xc6\xab%\x9a\x8c3\x8e2\x9e\xb2\x22\x9d23\
\xafR\x06\xac\x86o\xccx25\xda\x0d\x97\xdc\x1a\x84\
\xcd\xb5\xda\x1cN\xa9\xa7[g\xeb\x83\xdf\xf7\xa5\xe9V\
8`\xeeL\x80\x13H\x1b\xaa\x08c)\xe3\xe6XJ\
\x7f\xfbK\xff\xc9\xde\xe0\xe9\x1b\xff\xe5\x1f\x224C\x0f\
\xf3\xc3,'\x86\xed\xb6Kt98m\x98\xe3)\x83\
\xbde\xd5p\xf6\xaf\xb6\x04_P\xdc\xfd\x8d\xd1\xee\x8f\
\x91\x94q\x0bH\xca\x85\xfb\xfa\x01%3D\x87*\xe2\
5\xe2\x88NV\x80#\x1ag e\xdc\x02\x90r\xf6\
\xf1uoy\x84%o\xa7\x89\x19\xae\x8a3-\x06S\
\xc6-H\xe2/=\xee\xcf\x1f\xf4\x1f\xfe.e\x8bz\
8c\x09-\xf4*\xe5\x02\xe4\x8bz\xb5\x02\xf9\x82Q\
\x95q\xc7\x064_\xa7f\x99\xc7?\xd4\x0ekN \
\x8f\xbfK\x06\xacq\xc6T\xc6\x1d\x1b\xce\xee\xea\x9c\xa9\
\x06\x86h\x01\xac\x805\xbc\x1f\x9c\x96\xcd1\x95\xfe\xfc\
\x9f\x9an)W@\xcd\x85\xd7\x84\x0d\xae\x81\x9d\x1a\xd5\
@\xd6\x98\x8f\x9bk\xcc\x0f}\xe9\x81T\xf7O_z\
\xa6\xd4\xb9\x0d\xa0\xd4\xc5\x19\x0d\x1a7G\x83\xfa'\xef\
T\xc2\x83\x9cw\x93\xef \xe5\xa9\x8cG)\x8f\xb3\xb4\
cC\xb5D\x9bz\x9f\xff\xa1\xfe)\x7f\x86*\xec0\
\x8dT\xc4\xb1x\xb7B\xef\x13\xc6\x82\xc6\xcd\xb1\xa0\x83\
\xb3%\xff\xcf\xb7\x80S\xbc[\x08\xb9u\x88S\xbc\xdb\
\x06\x9cb\x9c\xc1\xa0qs0\xe8\xdf\xff\xa1\xc1\xc2\x02\
J\xbf\xde\xa8N \xccH\xfdH\xc1r\xa63\x97\xc7\
\xf7fw\x83\xcfgA\xaf\x17\x9c\xcf\x8a\xdd\xbe\xd6\xdf\
\x09Y\xfc\xe2\x84\xab\x0b\xe4\xc58#A\xe3\xe6HP\
\x7f\xe3\x91V\x0e\xbax\xdf\xbf\x90\x04\x9akm\x8d\x14\
\xd0\x14F\x91>\x9c\xa3\x909?\x9b\x03A\x83\xaf\x97\
*3C\x1b\x1a\xda\xe7\xfdzl\xcbQ\x97\xa8\x0de\
 h\xdc\x1c\x08:\xf8x\xe8\xed/\x0dV\x1e\x0fV\
\xd6\x04zy\xf9\x86\xdd\xda\x15q\x199\xb7M'\xcd\
\xb9\xd9\x1c\x05\x1a\xdc\xbf\x08\xa6?\x83\x06O1\x9c\xc2\
L\xb0\x00O\xd1\x05\x01\x9e8\xe3@\xe3\xe68P\xd5\
\xef\xf7//\xbd\xb9\xef\x83{\xaf\x84\x96?\x9fQ\xdf\
_Wd\x16\x8c\xe5\xbb\xf2)'\x18\x05\x9a\xb8c\xc5\
\x5cJ5\x1b\x9b\x17\x83\x8d\x19`\x5c\xea'\xecDE\
&\x5c\x96*\x10s\x84c\xb6\xe4\xa2\xe7o|P\x0d\
\x07JJ\x85\x83:XY\xba\x8d\x5c\x09\xe2\x8er\xdc\
Q\x0bHE\xef\xf2BC4\x84\xdeN\x033\xca!\
FJ\xee\xec2n\x85b\x8eq\xcc1\x0b\xd3\x8d\xeb\
\xd3\x0bo\xff\xbb\xbf\xb6$\x024t\xcc]\xf1\xc5]\
\xad\xd0\x85Np\xc0\x09\x0b\xdcr\x7f\xfd1,zt\
A\xc9\x8c\xd8\xf4\xb4s\xf0LI0\xec6a\x0e\xbb\
\x0d\xcew\xaeO\xef\x8dXewx\x93M\xcf\xd8\x04\
[+$\xcc\xad\x154\xc6aw\x8f\xf0\xee!\xc6\x81\
\xf1\xee\xf9\x06\xddd\x87Cv\xec\x88\xba\x03x\xfc\x97\
\xa8\xfb\x08\xfcx\x9d|!\x13\x0c\x16N\xdc\xb1\x01O\
\xf4\x0e\x1eC\xd8:\xd1\x15G\x81\xde\x1bE\x0a\x9a\xd1\
\xc2\x09s\xb4\xf0\xe0|9\x98\x7f}}z&<\x06\
\xcb\xe3\xcd\xbc\xfc\x06\x1c\xcfC\xa8\x5cL\x22\x11;`\
J\xf8\xf6\x86`J\xfa\xf6J\xf8\xed\xb1\x0bD\xc2\xdc\
\x05\xa2?s\xa9{\x0c\xd98\xafQ\xd0\xdf\x1e\x1b\xe7\
5\xc88/\xc1.\x10\x89\x88\x0d\xd5\x1d=!\x97\x1f\
\xda\xd5!*\x11\xa7\x8bU\xb7C\x97\x98+\x899t\
\x5c[@,\xac\xf9[=\xc9wS\xe7\x0a=\x12%\
\xc7M\xb7\x060\x87\x04\xc3\xc6\x13\x16`\xe3\xc3\xbc\xfc\
\xfb\x97\xe0\xe4\x15\xe5eu5\x9arZ\xa6\x9b\xc1\x95\
$\x92\xb2A9\xb9X\xee?:RqK\xdf_K\
o\x224:C\xda\x05\x96Z\x1d\xca\x19\x5cJ\xccq\
\xee^\xefGp\xb9\x08\xb7Y\xf3\xf7\xc7\x0be\xba\xcc\
c\xe3x\x99\xb9\x8cDl\xa0\x06\xbc\x1f/\xfb\x8fg\
\xbc%\x09KY\xd6\xaf\xec\xf1\x10\xa1!\x1dsw\x5c\
\x86\xac&\x18\xe7\x9e\x88Zx\x9b\xcc__\x1c\x03\x1b\
\xb7\x1e\x12E\x81\x8d[\xaf\x00\x1b7\x11\xe5Z\x12\xb5\
\xe1\x9a\xa6[\x0c\xf0}ofT\xd2@\xd7w\xccq\
\x0c\xcbOD\xadL\xf5w?\xc2\x11\x87\xcf?\xddb\
\xc0)w\x1bx\xca\x5cK\xccq\xf9\xea*\xab\x17 \
V\xec\xb2;\x02\xeaPr\xa9d38?\x11\xb5!\
\xdd\xf6\xfc\xca\xdb\xfc\x22\x8c\x12\xb5\x9c\x18\xcf\x12\xbbt\
)\xb8\x88X\xf0\xd6X\xfa\xaa\x1a\x0c\xd0H(\x16\xca\
\xf9\x0c\x0b$\x14\xf3 \x90\x90`o\x8dD\xd4\x06\xd3\
Y\x1b7\x7f^\x0fz\xbb2\xf3(\xb4n\x0ey1\
\xd2X\xae\x06`\xf1\x04\x13\x09\x12V\x88\x04\x83g\xd3\
\xde\x8fwR\xbe\xb8\xf9\xfa\x0a%\x12P\xec6Jt\
;\xb8\x92\x98\x13\x09\x86\xea\xc7!\x01\xe9\x1c\xd5\x8fU\
\x9a\xcbN\x88\x98\xb9\x0e\x5c\x0f\xf6\xdaH\xc4,HQ\
\xecj\xee\xf0\xfa\xef\xc1\xe7G\xd2\xf5\x98\xc8g2\xb0\
\xb9\xac\xe430\x12`\xa7\x8d\x84\xb9\xd3F\xff\xe8\xb3\
73\xafW=\xcfn\xcf\xe5:C\x19\xe1J\xb96\
)\xdf\xe7N\xa92\x09Asf6'l\xf8\xafV\
\x07[/\xe1e2Y\xbe\xc1\x05\xcb\x0f\x93\xc96=\
L\x98\xaf\x91\xb0\xc0\xd7P\xcf\xeb\xb7\x9f\xa5YQ#\
\x0cU\xb6Lo\xd4\xe9Np^6\xa7i\x0cW\xf0\
\xfd\x8b\x83\xeb\xf3\xef\xb8\x82\x9fj\x0e\x154\xc4%\xfc\
\x14\xd4k\xb6\xb1H\x98\xdbXh\xe1\xc4\xde\x95\xbf\xf1\
]B\x1au\xca\x15\xf4+\xe8P\xb4\x9c\x93c6\x14\
\x9a\xd9\x09K\x9d/;a\x95\x08\x8e\x9f`RI\xc2\
\x02\xa9\xe4\xd1\xbe\xb7{\x82\xbax\xe5\x06\xcb8\xd4\x09\
t\x9d`\x07\x8b\x84\xb9\x83\x85\xbfz\xd8\xff\xb6\x89\xdc\
\xe6Z\x9da\xe2\xed:F\xcc\x89-n\x83\x0a\xda_\
\xfc\xac\xda\x0b\xe9\x0a\x8fk\x12\x9a|\x83\xc7a\xd0\xc9\
\xe6\x15\x89\xb8\x05@\xe2\xb3\xc1\xfdE\x7f\xa3'A\x8c\
\xbans\xa2:\xdc\x03\x03\xbe\xa8[\xed\xd6 jN\
n\xe6\xe4\x1d\xd5V\x043\xbb\xb0\x88\xd2m\xc5\xb8\xa6\
s\xc9{\xa8\xfa8\xed\xa1\xe2\x9c\xd8\xe2)K>\x10\
2\x16\xe3W'4\x02\x8bQ\xcf\xbb\x146g8s\
\xca\x91\xff\xe3\x08\xbd+\x0a5\xf4\xad\x00=\xca\x04s\
\x8d\x12\x16\xb8F\x8b\xef\x07k\x1f\x06O?H\x1d\xb2\
\xea'\xc6\x0b\xb5\x96\xcc\xcdo\x8f\xb7\xa0;fo\x90\
\x84\xb97\x88z2yK\xeb\x88\x13\x9f\xc8jb>\
\x22\xc5\xb3\x80\x14O\xb07H\xc2\xdc\x1bdH\x82\xf1\
f{\xc1\xfc\x1c\x90`rn3+?Q\xf39h\
\xe8\x99\xce\x950\xa7sy\xb3\x07\xc1\xe6&\xcc-\xc6\
2\xe5\xf0&\xc3\xd8b\xacNc\x0b&G%,\x90\
\xa3v?^\x9f>\x0a\xf6\xee\x89\x9d\xa6\xba\xcb\xed\xb2\
\xf4\xdd5\xda\xf02MpjK\xa4lL8\x7f\xae\
\x8f\x98pvF\xcc\xeb\xc7\x08\x1a\x97`.W\xc2\x82\
\xb7\xc6\xee\x9e^\xfe\x9e<\x12\xa4\xa1\xda\x9a\x16%z\
?\xb6)TNk\x168\x5c\xf7\xa6\x83\x8d\x0b\xef\xec\
\xeb`\xe6\xb6rfUe\x09\xd5\x01\xe96^\xba\x10\
\xd5,\x15;fq%\xccY\x5c\x1a\x1b>\x1b\xe2.\
\xbe\xbc\x15\xc9\xb5e}\x8d\xbb\xa0\xd4P\xe96\x00\x0c\
\xc0t\xae\x84\x05:\xd7\xd0\xa0\xe2\xf9U\xff\xea\x09\x19\
T\xdc\x0c\xe0\xc4\xb1\x10\x01\x0f\x13l\xab\x910\xb7\xd5\
\xd0+\x91\xed+Hn\xe1\x13\xaf\x0c\xa9\xad4E\xa9\
\x8d\xd9g\x09s\xf6\x99\x7f\xfc\xdc\x7fD\x9eG\xc5L\
5\x83v+\xc5j\x9e\xee\x05\xe7bs\x7f\x0a\xff\xdb\
\xa2\xf7c\x1bq\xbf\xb9Q\xdb\xc8J\x8e\xb2\x1b\xb3\xe5\
\x12I\x1b\xcd\xe6\xe0\xecpD\x7f\xac\x97d\xd8 w\
0gpF6'\xcdi\xc7\x84/\x92\x0a\xb3\x1e{\
O\x90\xfe\xb2\xfa\x91\xee\x04\xe7\xe4\xa4\x05Z\xfb\xfc`\
\xfdx\xf0\xf4\xcd\xe0\xd9\xb4\x80\xce\x0a}\xe8Bl\x99\
t)2\x9d\x12l\xc8\x98/\x970\xe7\xcb\xf9\xd3O\
\x83\x95\x1dr:\xfa\xc5\xf1c\xb3\xa3:}}lM\
\x91\xb0`Mq\xf5z\xb09\xd3\xbf\xbc\x94\x1e\xff\x9d\
\x8c\xb8\xe9m\xd3\xa2\x97\xfd(\x12\xe6~\x14\xaa\x0d\xf2\
\xa7?\xf6O\xb6\xc5\x1e\xa8P\x93eS\xc7\x0a\xd0\x12\
\xb3\x0dE\xc2\xdc\x86\xc2\xbf\xff\xca?\x9e\xf7\x9e\xefJ\
=\x85\xdb,k7\x95\xbbe\xb9\xa7p'\xefB~\
`\xead\xc2\x82\x05\xc5\x8f}\xff\xeb1`\x9b\xb4T\
\x9c[\x18\x81mr\x11\x90\xc5\xc4\xc9\x849q2x\
\xf7N\x85\xeb\xaf\xce\xfak3\xb22\x9f\x8e\xb7U\xa8\
U\x7f\x13\xefq\x0bF\xc7\xcc\x9eL\x98\xb3'\x83\xaf\
\x97l\xdc])\x8f2\xee\xae\x90\x96`\x82\x99\x93\x89\
\x94\x05c\xa3?\xd5\xc5\x00\x1c\xa7\x8e\xb8V\x18\x01\xe4\
\xac\xd4\x08\xc8\xc9\x1c\xcaD*m\x07M\x0d\x82\xcb\xbf\
\xd0\xd4\xa3\x14\x97\xbb.(.'\x98H\x99\xb0@\xa4\
\x5c\xd8\xd3N\x9b+\xdf\x06\x1fo\x1b\xa5\xb7&4\xdd\
%\x1cZH\xb9\xa3E\xf4\xf6\x04\x13)\x13V\x5c)\
\xbc\x99\xcf\x12\xfc\xf4o\xf5F6SB7\xa6,\xcc\
d\x99=\x99\xb0\xe0I\xb1\xfb\xd1\xdb:\x84\x96>t\
@\xa6\x96\xbe\x91\xa7\x96\x9e\x99\x93\x09s\xe6\xa4\xd6\xe0\
Fwl\x8dc\x19\xed\x8d\xed\x927v\xc2\x89s\xd4\
q\x0b\xbe\xcd\xea\x12#\x9c\xe5\x06\xfaMp\x16>i\
.\x82\x8e\x0d\x98a\xffe\xcf?<\xf1\x8f\xdf\x89j\
\xe7\xcd\x89\xba*\xdf\xb5\xb2\xec\xd9\x0c\xb3z&\xa9&\
\x1c\x1bB[\xfe\xc6w8f\x95\x9buz\x86C\xae\
 2\x8b\x09\xaa\x09'e\xc3\xc5ta\xd1{|\x1e\
\xac\xaeI]\xa76\x9a.k\x01\x7f\xa9d\xbb\x1d\xa8\
%\xccMM\x98sS\x83\x95\x0f\xde\xd2\xa3\xe0b9\
8\xbf\xad\x1e\xd0\x19\xda\xd3kp\xa4\xba\x1f\x12\x02\x00\
\xfb\x0c\xa6\xa7&\x1c\x0bh\xf5\xbd\xeb\x8b\x05\xb8\x19y\
\xed\xbc\x0a\xf7\x22\xdf\xa2{\xc1\xbc\xd4\x849/\xd5?\
>\xec\x1f}\xa2\xbc\xac\x1a\xd0\xcc\x04\xe5e\x17\x03\xe6\
Bbn\xf8\xa1\xca\xb4\xdf#\xf0[5\xa4\xc3\xa1\xe2\
A\x9b\x1a9f\xa6&\xd26D\xfb\xfbW/\xbd\xad\
\xb7\xd7=\xc1\x5c:S\x1d\x22B4dH\x94\xc1\xaf\
C\x8f\x9f\xe6:\x92\x8e\x9b[\x94<\xbc\xbe8\xf4\xe6\
\xbe\xf7\x17\x0en\x7f{\xe5l\xa6\xac}\xa5\xc5l\xd1\
\xc9\xd2\xcc\x90\xa9\xb4\x09s*\xad\xee<\xbf\xbc\xf0\xf6\
_\x22\x94L\xbbP\xc8^\xd8\xdd\x22\x1e2W\x91t\
\xd2FN\xde\x9fg\x18\xc0\x08y\xf3\x0c\xded.\x22\
\xe6,Zof\xde__\x04\xa5\xf0\x10\x91\xa5M\xc5\
@+\xbc4>E\x87\xccU\xc4\x9cE\xab=\xba\xd4\
\x07\xb8 \x1at\x0d\x81\x9c\xa2\x10-\xe8\xd0&\x99\x8c\
\x9a4'\xa3\x0e\xb6\x9fz_7a\x841\x19\xbeR\
'h\x841\x99\x87\x11F\x92\xb9\xa8Is.\xaa\xbf\
z\xe6\x7fy\x0b\x05dH\xb8\xe7Md\xb1;F1\
G9fs\xd0wo\xb9\xffmS\x03D\xa6W\x04\
l\xa1\xc6\xdft5\xf0M\x86\x16\xd6\xbbU\x889\xc6\
1\xc7,\x98\xfa\xf9G\xb3\xc1\xfcG\xff\xdb\xb4\xfc\xed\
\xa9\x1e\xb9\xd5\xac\x8aw\xa3\xe4\xb6(\xe68\xc7l\xae\
\xa1{\xfa\xbb\xfa\xfc@\xbfZ%c\xf5\x05\xa2|u\
=\x0b\x88\xe4$\xb3g\x93w,\x98\xc2\xcej\xcdQ\
\x9a\xc8\x85\xa2\xbf\xa3Fr\x0d\x18\xc9%\x99?\x9b\xb4\
\xc1\x9f\xbdR\xafk\x7fqO\x15\x93\xdbM\xd1o\xea\
m\x1db#\xa5\x9e(?V\x82\x80\xd3\x1cp\xda\xc6\
\x03j\xfb\x00\x8d2\xf4\x5c\x19]2\xb2\xe0\x92\x91d\
Fg2bC'\xc0?\x10g\xf6C\xc1\xfb\xb28\
\xb5\xef\xc2\xd4>\xc9\x94\xce\xa4\x05J\xa7z\x84\xfc\x5c\
\x03Ot-\xc10tB S\xf4<\x99\xa2'\x99\
\xd6\x99\xb4@\xeb\xbc7\xadE\x5c\xde\xbd\x93\x00\x01\xc5\
P\x22G\xae\xd5\xd5\x22d\x0aft&\xcd\x19\x9d\xc1\
\xbb\x97\xde\xbbYh\x91uC?\xc9=r}\x12z\
\xe4$\x13:\x93\xe6\x84\xce\xc1\xf2g=\xb9\xdf\xe8I\
\xe2\x1cz\xf5\xd4\x0c\x8d\xe5d}\x8ev\x07\xb6\x92I\
&t&#VF-/?\xab~\x08\x14\xaa\xf4\xc5\
P\x0d\x91\xbc\xa9.V\xe8\x98S\x1c\xb2\x0dF\xa7F\
\xf8\xca5\xa4\xd4\xd4\x05oD\x09)\xb5\xa9\x840\xa5\
3i\xc1\xba\xe8\xf0 xsD\xca\xa3\xbf\xdd\x18\xa7\
\x90\xf2h\x05T\xd7\x92\xcc\xe9L\x9as:\xb5\x03\xc9\
\xe7G\xa4\x1d\xaf5iQ9\xbe\x0a\x0f\xa8$\x13:\
\x93\x16\x8c\x8bv?z\xfb\xa7\xa4s\xf1\x97h\x0b(\
]\xe40f.&\xe6\x9c\xce\xff\xfc\x0f\xedQ\xb3\xfc\
Yj-\xdayu'\xd4u\x16[\x0b\xf5c\x1bn\
\x05S:\x93\xe6\x94N\xf5JU\x05\xd0[\x9f\xf7\xf6\
\xb7\xc1\xfeZ\xd3pd\xfa^)_\xc9B\xcc\x5cL\
\xa26Tf\xfa\x87\x0f\xc1\x1d*\x9c\xcd\xa29\x94K\
\xe6P\xc9(\xf7\xf6\xd1\xb89\xb4\xc5\xdb]Pa\x0b\
\xd0\x96\x228C\xa9_\xe0Q\xcdl\xce\xa49\x9b3\
X9\xe6\xd5\xaf.\xd4\xbc\xfa\xad\xe7\xf1\x93\xe3\x5cl\
N\x8bT\xd5\xe3\xfat5x\xfeX$\x87h\xe7W\
\x11\xf0]\x87\xb74\xb3!\x93\x16\xd8\x90\x0b\x8b\xdey\
\x8fon%\x14\xce\xa5\xbb[\xa1\xbb\xcbl\xc8\xa49\
\x1bR\xcb\x1a\x22cH\xcf\x90GP\x86\xaaD\x19J\
2\xb30i\x81Y\xf8m\xc3\x7f~\xe8\xaf\xceJ\xee\
f]\xb7Pw\x9b\xad\x02X\x9bu\xeb-\xf8\xee\x98\
Y\x98\xb4\xc1,\xd4\xaf\x10o\xe6O\xc9A\xe7\xe6\x15\
Rb\x0f\x9d|\x17\xd8\xbdI&\xeb%\xcd\xc9z\xd7\
\xa7[z\xa4\xb5\xbe(\xc1\xf64\x9f\xa5x3\xe6\x94\
\xb1{\xf9\xe28t\xc9L\xdaK\xc6ld\x8c\xc1\xf9\
\x1f\xfe\xb7\xf7\xb0\xdb\xab\x95\xee\x8a%\xda\xbd\x0b\xc1r\
\xca\x88Yh\xdb\xdek\xda\x90j\xec_\xdfn5\xef\
6\xf3\x13\xbf\x98\xbdR\x81\xbe\x9b\x07fo\x92){\
\xc9\xb8\x15\xcb\xc9?\xe6\xe1\xfbS=\xfdx\xa6\x8c\xdf\
_i\x9c\xbe\xbf87nq\xf3)\xc0\xcc\x9cw\xf0\
\xd3\xdb\xe9I\x9a\xc4C\x7f\xcc\x89J\x19\xf4\x88\xdb\xf9\
\x0aL.\xe2\xdc\xbb\xc5\xa36j5\xeaU\xebZ=\
J\xb1\xbaN\x8a\xd5I\xe6F&\xcd\xb9\x91\xc1\xdc\x11\
W\xc0Lyd\x01\xcc`\x01ds\xb3\xa4\xb9\xb9\xd9\
\xf5\xd9\x13M7\x94\xb1e\xd5BH\xdd#dY\xb5\
\x0e\xc8\xb2$\x93:\x93q\x1b\xfb=\xf5\x9c\xf6\x16\x96\
\xbc\xa7\x8f\xd9s\xb2].\xb8\xb2\xe7d\x9b>AN\
\xcb\x16\xcc\xcdvW\xf5\xf4[Hs-Mp\x99\x80\
\x1c\xd7*Q\x8a\xe3\xb4l\x81j\xb8\xb3\xe8?|\x0e\
C\xe4\xdcP\xc4\xbc\x89\x83\xe4\x5c\x83\x06\xc9L7L\
\x9a\xd3\x0d\x07+\xef\xb5\xf4\xc9\xd6\x87\xa0w%#q\
\xf4\x0aJ\x9bX\xc9\xba'\x95.\xcc\x0e\x99p\x984\
'\x1c\x0e\xde\xbeT\x9f\xe0`\xe7\xd8{\xb6 \x09\xcc\
t\x9a\x85\x8eV\x7f\x06\xfd\xc8N\x87\x82\xe6<\x97\x88\
Y\xc8\xcdZ\xdfI\xbe\x1f:7\xab\xea\x87\xd7\xa3\xee\
\xe2\xf5\xe0D\x97\x88\xdb@\x05\xec\xcf\x07{ \x15\xaf\
\xa1pR\xb6\xc8\x8cA\xac\x9c\xe1\xcc\xed\xee\xb4\xe2\xc9\
\xe6\x17\xa8}\x9d\xe6(\x7f\xda\x0e\x091&\x99$\x99\
4'I^_\xbd\xd6B\x8c[\x87\xd7\xbd=\xa9\xf1\
\xccg\xf2\xa1>\xa0\xd8_\xe4a\x8b\xc3\x14\xc9d\xc2\
\x02\xa6L3ET\xa6\xbb\xdd\xda\x87\x1c\x11\x82s\xe6\
\xbb\x10-S\x0e\x93\xe6\x94C\xed\xdeq\xef^\xb0x\
\x1e<\xbd/\xb8w\x84\x1aC\xb2ac'\x0b5\x9a\
\xd9\x86I\x0bl\xc3P_\xc8\x7f\xbe\xd1\xff\xfd\xab\xc0\
 *\x85Z\xc9\x13\x1d)?d\xaa4\xaag\xa6a\
\xd2\x02\xd3pw\xd5\xdfZ\x80\x9c\xa6jt\x91\x0b^\
\xabH\x19\x8d\xa9\x86Is\xaa\xe1`\xe3\x81\xb7\xff\xdd\
[\xbf\xed\x17Pm\x86J\xd4b\xcf\x06J\xd4\xc9$\
'\xdf\xa4\xf9\xfa\xff\xd9\x1c+\xcb\xba\x99\x11\xc2\xb2.\
\xe6\xb3$g\xe0d\xc2\x0eH\x9dt\x86\xf3d\xcf\xd1\
\xc8\xd3\xd5\xe5\xb1\xa69\x85\xd3{\xf7.X~\xe9]\
\xfe\xb8\xfd\xa5i\x82l^d\xe9M\xc1\xa3\x8e\x99\x9b\
I\x0b\xcc\xcd\xddO\xfe\xcbi\x80\xe65\xf4\x0b\x89\x80\
y\x8dJ\x9d\x8e\x96\xab\x849m\xd3;\x5c\xf5\x8e\x0f\
\xe1E\xa7;\xca\xe1\xd2\x11\xdet\x95\x22\xbd\xe9\x98T\
\x98LYX\xfa\x7f\x0c6\xf7\x81\xd2\xab\xef\xefx\x93\
\x18\xbd\x0d\x92dM2a/iN\xd8\xd3C\xa0\xf5\
c\xc9\xc3`\xa8\xa0w\xe3\x98$\x95\xe3\x0e\xa4\xde\x14\
\xe7\xb3T\xdc\xc2&\xec\xc7\xb6z\x22I\xb2B\xed|\
\xc8\x99V/$P\x15R\x7f\xa1Q\x83\xa09\xa7\xa5\
\xac\xe0b\x17\x16\xaf\x7fN#.V\xc5=\x09\xb8X\
w\x92\xee\x05g6s\x82\xe1\xf5\xd9\xccu\xef\x91v\
Z\xfbp$|~\x1a\xc6\x1b^\x10\xd1_\xa6N\xc9\
\x98\xc9z\xc9\x94\x05\xa2\xb7V*|\xfd]\xd8\x86\xa9\
Gh^VxS\xbfA:f\x8e^\xd2\x06GO\
\xfb\x00x\xb3\xbb\xde\xec!\xfa\x00\x14o\x5c~\xc5\xb8\
]\xda\xe31\xe1-iNx\xd3\x0e\xb4?\xb6\x01V\
\x91\xcd\x0cE\x0bF\x00+\xb29\x02V0\xf3-i\
\x81\xf9\xb6\xb0v\xdd\xfb\xd3_=T\xf1\xdfv\x8b\x1f\
\xfa(\xab\xb7RV6\x8b\xaf\xb4a\x1d\xcd\xe4\xb7\xa4\
9\xf9M\x07\xfc\xf0\xb9\xb7\xb4\xec\x1d=\x17\xb9\xa7*\
\xcf\x153]\xf9iWi\x80\x97V\x92\xa9oIs\
\xea[\xb0\xf4J\xab\x9d\xc8\xddf\xd7m\x86\x93 j\
8\xbb\x15j8\x99\xfa\x96tl$\xe7\xfe\xdc\xd9`\
\xfd\xab\xf7\xf0\xb5\x9c\x9c\xc3K\xadWN-)\xdbu\
s\xc5\x16\x84\xcd\x09\xda\x0a\xfdM\xd3p\x10\xbd\xa9W\
\xa8\x08\xdf\xac\x12|\x93\xc9dI\xc7\x92\xf9I\xb0s\
,\xedo~%=UX\x00\xb9\xe0\xd6)\xe3q\xa6\
v,e\xea\xeb\xd3y\xff`\x93\x83V\x9d\x9d\x0c2\
t\xeb\xe3r\xd0\xcc(KZ`\x94\xa9\xdar\xb8\xe2\
o\xf4dc\xf3ra\xaa\xab\x11\x0c\xa2\xb3y\xa1\x0b\
\x10\x06\xf69L\x9a\xfb\x1c\xfa\x17/\xd5\xad\x00\x0aC\
U\x83Y\x80\xbeP%\x0a\x5c\x92)p\xc9\xb4\x05\xfa\
\xc2\x0b\x8dQ\x87Aafh5\x0a\x83BD/0\
\x05.\x99\xb6\xd1\xe9\xab\xea\x07\x0f*\xdd\xcbe3\x0c\
p\xcag\xe9=\xc5\x14\xb8\xa49\x05Nc\xc8\x9e?\
\x80S\xceg\xea\xa3T\xf6\xf3u<f~h\x9b\xf3\
\xb3\xfc?\xf7\xf4\xdd\x90\x8fyB=\xff\xf0\x8c'\x10\
D\xc6\xe4\xac\xa499\xcb?[U\xed\x91z\xb9\x0e\
6\xa7\x05\xf0\x90\xea\x8e\xf4\xc3\xb5#c\x87j\x0dh\
\xe7\xd8\xe00inp\xe8m\xcf\xf6\xefo\x81\xe2P\
\xa5Y\x1b-8T!\xc1\xa1\x14\x13\x9eR\xe6\x84\xa7\
\xfe\xdc\x82w\xb9\x06 j\x15q\xbe@\x10\xeaz\x1e\
\xe6\xb2)f;\xa5\xeeXH\x18\xf3\xda,P\xf6S\
V\x15/S\x1be\xa6\x5c\xcf\x80\x99r\x8a\xe9N)\
s\xbaS0\xff\xf1\xba\xb7\x17:\x8a\xdc^\x87\xb4\x9a\
z\x13\x12\xf6t\x22S\xa4\x95\xebR\xccI\x8e\xd9\x9c\
\x83\xba\xf9Uu\xcd \xe639l\x9aI\xcag\xb2\
\x02\xac\xb2\x14[\xef\xa5\xcc\xad\xf7\xbc\x8b\x8f\xfd\x8d3\
H\xcc\xb9L\xd9\x1dQ\xffrd\x7f\x92b\xeb\xbd\x94\
\xb9\xf5\xde\x908\x0b\x8b\xb2\xbf\x88\xb3\xb8,+\x8d\xc3\
\xb2,\xc5\x94\xa7\x949\xe5\xa9\xffhI\xbb<\x09\x94\
\xa7zs\xbc \x13\x9e\xea\xe0a\x97b\xc2S\xca\x9c\
\xf0\x14lnzG\x07\xc1\xce\x15\xe47\xf5`m\xd6\
\xc6\xf49\xcbI\xae1\x06I\x8e\x09O\xa9\x88\x8d\xc9\
\x80\xb7?\xad\x1a\xa3\xfe\xc9\x9e4\x19\xa8\x95\xc3\xc6\xc8\
\x15\xf5-j\xb5\xac\x0b1sb\x8e\xc4\xecL3\xbc\
\xc7\xe7\x12\xeb\xe9f\x9a\xd1\x01\xd6S\xad\xd2\xa1c\xe6\
\xb4\x1c\x89[x\xad\x06\xcb/\xe1r\xa8x\xb5\x9a(\
^\x8d\xca\x14^\x8d\x04\xc7lNCU\x09\x19\xb18\
*\x1f\x8fB\xe2\xb4\x08\x89\x93b\xa2V\xca\x9c\xa85\
\x1c(BZ\xfek\x9cH\x89\xb9\x88\x89\x99\xa9Z)\
\x0bT\xad\xdd\x8f\xfe\xc9;\xff\xf4@\xdc\x98\xe8\xcb,\
\x8f@\x1b\x15:b.#\x11\x0bC\x8c\xad\xfe\xc5\xc1\
\x88g\xd4\xd0\xfb\x84\xdeQS\xd0\xe3\xa7\x98\xa4\x95\x8a\
\xa4\xed\xc8\x9f\x04\xf7\xbfH\xad\xdcP\xfed\xaa\x00\x8d\
\x5c\xbe\x0a\x0b\xcb\x14\xd3\xb4R6|\xf7\xbe\x5c\xf7v\
\xfb\xfb\x97\xfd}\x18\xcbi\x1c\x83\xaa+\xb2\x8cV\x05\
\x88\x18)\xe6i\xa5\xa26\xc6\xe3\xfd\x87G\x90\x99\xc3\
2\x92\xa1\xc4\x9c%\xef\xbd\x14\x13\xb5R\xe6D-\x9d\
\x98\xe77\x81r\xa8\xbe\xbdZ\xb9\xc9\x94\xc3J\x0d(\
\x87)\xa6=\xa5\xcciO\xaa`\xfb\xc7o\xb4!\xb1\
\xd0\x16\x85\x05{\xa2\xd8\x14;\xa3Z\xb6Hw\x99+\
\x89\xb9\xf3\xdeuo98?ATY\xadU@\x92\
d\xa7E9\x99\xf9Z)s\xbe\x96\xb7\xb0\xa8R\x05\
\x8b\xa2\xea\x5c1J\x82!_\xa3\xcb\xcc\x95\xc4\xdc\x80\
o\xf0uZK\xcd\x00\x7f\xb6\x99-\x94G\xd0g\xb3\
x\x97\xb9\x9cXp\xdf\xbb8\x1e\xdc\xbf@\x15\xbbL\
^5\x19 bGJ\x81)\xe6\x9a\xa5\xa2\x16T#\
\x16x\x8c\x18\xe6\xe5Qs\xc4.\xcd\x11SL6K\
\x99\x93\xcd\xfe\xf6\xf7\x7fh[F\x01\x82\xfa\xb7z\xa3\
\xa4\xe5\xd5d\x99\xce\xd2\x18\x04\xcbE\xc4\xdcuo8\
\x90\xd3#\xfc\xb9\x8f\xf2@.\xa4U\x8b\xe38\x17\x86\
\x011\xae!\xb1\xa8\x05\xf2\x85\xbfF\xa0\xd9L\xb9\x8d\
<\xbe\x0c\x89\xc1\xa5\x98\xc7\x972\xe7\xf1\xa9\x1c\xa1\xf7\
f\xcf\xb6\xfb\x87?$E\xaa\xc9\xb26\xa7\x92\xda\xfa\
\xecd\x15\x92D\x8c\x0b^,nCfv\xff\xa5T\
\xed\xd4\x1d\x0d\xbdq\xe4\xeb[\x87b\xc7\x94\xc3T\xcc\
\x82\xcd\xecP\xe7r\xb0\xf2^@b\x0c\xa9p`E\
\xd5h\x83\x17U\x8a-\x0dS\xe6\x96\x86\xfdGK\xde\
\x8f\x97$\x91\xd4\xd4\xae\xd4,\x91\xd4\x05\x89\xa4\x143\
$S6\x18\x92_\x82\xaf\xfb\xc1\xf1*\x22\x8atO\
_j\xd0\x93\xba[\x85\xc1}\x8a)\x92\xa9\x98\x85\xc7\
\xd3\x85w\xf8Bks\x5c\xec\xdf.\xd0\xe5\x9b}\xce\
D\xce\x15[\xe4j\x1d\xf4|SL\x95L\x99S%\
\xfb\x97\x17\xba\xe3\x9c{\x22\x8d\x94\xb5\x5c\xabn9C\
\xd0\xba\xf8\x1dVk9\xf8\x0c\x99,\x99\xb2@\x96<\
:\xea\xbf\xbb\x0a\xfexO\xcb\xf6v\x08\x04\x87]{\
\xbb\x02\x83-fK\xa6\xe26\xac\xcb\xbd\x9d\x1d\xc04\
\xe8\xb7S\x93\x10\x0dn\x07\x10\x0d)\xa6J\xa6\xcc\xa9\
\x92\xea\x0d\xc2\x8d}\xb19\xa2\xaf/b_\xcf<\xc9\
T\xdc\x8a\xc6\xc5\xd5\x16\xcc\xb4\xc2\x13\xce\xd4p\xa8\xe5\
vh\xa8\xc5D\xc9\x949QR\xd7\x92g\xdf\x81(\
\x19\xbe\xa8\x99(\xe9v\x80(\x99b\xa2d\xca\x9c(\
\xa9\xfb\xcd\xb5s\xff\xf8P*\xd8zt(\x02\xcd\xf4\
o\xd0\x1d\xb3\xebe\xca\xdc\xf5RC\xb6\x1e-\x05'\
o\xfc\x8d}\xd9\xa0\xaa\xde\xac7'\xee\xcaX\xcf\xfa\
]\x08\x99\x0bI\xdc\x06\x94HuD\x00\x8e\x0b\xcb\x88\
j\x8b\x10\x1dW\xaf\x03:.\xc5\xe4\xce\x949\xb9S\
\xe5\xe3\xfe\xda\x92\xbf6\xe3\x9f\x9e\x0aT\xad\xaef\xe7\
\xfc\xd6\x99\x10E\x02\xbaU\xa8\xd7\xcc\xecL%,X\
2,\xfa\xdf5\xb9S\xf5\x1b\xd2\xa77\xd5\xbc!w\
\xba\xf2\xa3\xda\x9d\x02\xd2K\x8a\xa9\x9d)\x0b^\x92\xdf\
~\xf4\xe7HP\xdb\xd5\x82\xda\xa8\x86\xea\x12\x9c(\xc5\
\xbc\xce\x949\xafS5\xcd\xdf~\x0c\x9eJ\x1d\xb3\x8a\
w\x12\xdaew\x12B\xe5tlN\xe7\x1c\xb2}\x07\
3O\xbd\xde\x1a\xb2}+\xe5f\x9e\xd8\xbe\x00\xb8N\
1\xb13eN\xec\x1cz\xb8j\x05\x89\x93S\xf0p\
\x0d\x15$D\xd5\xbd\xf1\xd28\x84\xcci9a\xc1\x1f\
\xee\x93j\x93\xc1i]\xbfPu\x9b<\xc2i\xbd\x9a\
\x9b\xa2\xab\xccO\x13sB\xea\xe0\xf9\x95N\x18?_\
y\x9f\x9e\x0a\x14\xf6\xf0rdn@\xb5\xe3\xa2\xffL\
\xae\x92\xa3\xf3\xe6\x9ab\xceK\x1d\xf6\xf90\xf3\xfc\xd5\
\xe7\x8f\x18zVk4\xf4d\x1b\xcf\x94\xb9\x8d\xa7J\
\x1d'_E?>\xedo\xd7\x94\xad\xf8\x1a\x00\xf2L\
1\x976\x95\xbcc\x05j\xfd\xc9\xff:7x\xfb\x12\
x0\x99\xa1]\x5c\x11\x8c\x89\xea\xd043\xa56e\
N\xa9\xd5((u7\x9e\xccI\x0d\xa8\x96d,\xbb\
\x05\xb1\xfb\xcc\xb84\x8fczj\xca\x02=\xf5\xde\x8b\
\xe0\xcb*\xf8\x8chdj\xae\x80>#\x8d\x5c\x87B\
\xe6\xa2\x92\xb4\xa2\x11\xb0y\xa1k\xe0\xfaW\xf9f\xa8\
\xec\xac)1\xf2*\xb8[r\xe9bpQI\xda\xa1\
\x0e|\x1a\xcc.\xf8[=\xbe\xcf7\xcbJ\xd9h\x8b\
>CNt\xe6\xd4\xca\xff\xfc\x8f\xbf6h\x02\x87\xee\
\xd7\x02M\xe4\xcf\xd5\xb2t\xce\x9c\xe2\xcc]1\x83w\
\xef\x86\xce``\xc0\xae\xfa\xe6\x1bs0\xd9\x85\xbd\x0a\
|\xb4\x14\xfbb\xa6\xcc}1\x83\xf3\x9f\xfd\xf9\x1e\x91\
aB\xbdj\xa4\xc2\x10\xf7:\xc5\xf4\xd5\x94\x05\xfa\xea\
\xd9U\xff\xd3|\xffjK\xc6\xc7\x0d\xf5/$l\x1c\
\xad\xae\x99\xba\x9a2\xa7\xae\x0e\x9fSC\xc5\x1cxN\
\xfdR\xcc\x11_T9xk3\x7f5e\xce_\xf5\
\x8f\xe6\xbd\xe7\x0fH\xaaQ\xbb\xd0dF\xd0\x9a\xdd:\
\xad\xcf\x98\xbf\x9a2\xe7\xaf\x0e\x01g\xc1\x83\x87\xc1\xe3\
\xcfL\x9fS7z\x1c0gm\xe8\xe7\x98\xc2\x9a\xb2\
@a\x0dU\x04U1\xbc\xbez\x8d*\x82\x8d\xd0\xad\
H\xc4\xbd\x14\x1b0\xd9g\x93\xccT\xca\x86I\x98\xee\
\xfa\xe5.TE\xaa\x9b\xfe\x11Mh\x9b\x08\x96)\xe6\
\xde\xa6\xcc\xb9\xb7\xde\xd2#\xef\xdd\x05\x5c\xeb\xceD\xd3\
\xd52wp\xa9;.^j.*\xe6\x14\x5c\xff\xf0\
\xe4\xba\xf7\xdc\xdb~(\xcc\x8f\x9ae}\xa5\xa1\xd9\xa8\
W 7\xb3;f\xca\xdc\x1dS\xddco\x9f\x98\xb7\
\x8dp\xed>\xea^4\xb2t/\x98x\x9b2'\xde\
jM\xcc\xa7o\xd8^\xa94\x02\x8e\xd8.Q\x11d\
\xdem\xca\x9cw;\xf8:\xad\x12\x867\xb7)\x95\x95\
j3\xfc\x04\x9b\x19*+\xd56\x95\x15&\xde\xa6,\
xN~\x9d\x1e<\xfb\xaeu\x11\xbe\xfd!\x04\xdd)\
k\xb4\xaa\xc8\x86\xa9v\x1a0\xa2c\xd6m\xca\x82\xe1\
d\xb8#\x06\xdc\xf5pI\x8c\xb0\xeb\xb6K\xb0k\xb6\
oL96v\xae\xde\xef\x1f\x90\xdc<$\x0acG\
\x97\xc3\xcb\xccI\xce\x9c\xbd\xaa\xee\x85\xffp\x0d\x00\x89\
\xd5\xa66\x10'@bu\x8c\xba:\xa6\xae\xa6\xcc\xa9\
\xab\xfd\x8b\xf3\xa0\xd7\x93\xd4\xc1&oR2\xe9\x83M\
\x16a\x05\xc8\xc4\xd5\x949q\xf5\xc6\x22\xfab\x1f\x90\
\xed\xe1\xc4\xa8\x0b\xda:\x95Z\x97\xce\x98\xb3\xb2\x0d\xf2\
\xear0\xb3\x0b\xb5\xa4\xd3\xd4c\xb9\x11\xa5\xa43N\
\xa5\x84\xf9\xab)\x0b\x16\x8e\xfb[\xde\xfee\xd0;\x95\
\x0e\xbaS\xce\x96kt\xca\xe8\x86\x98b\xf2j\xca\x9c\
\xbcz}\xb5\x1d|X\x84-D6\x13\x1a\xea\xc2\x16\
\x22[\xa7-\x04\xfb7\xa6\xcc\xfd\x1b\xbdM\xedu\x0e\
\x9b\xd6Rs\x22_\x1e\xa1I[\xca\xd3\xaa\x95\x0d\x1c\
S\xe6\x06\x8e\x83\xa7G\xfe\xd1N\xb0\xb2#\xe1\x1c&\
\xcb\xc3\xe9x8S,\xc9X\x87\xc9\x0a\xe8\x0a\xa4\x98\
'\x9c\xb2\xc0\x13\xfe\xb6\xe1\xed\xee\x05\x17\xcb\x12\xe8\xa8\
\xeb\x16\xf2\x19\xed\xab+?M\xba\xf9\x16<M\x98)\
\x9c\xb2`\xe3\x18N\x8d\xf4r\xed\xea\x09\xe0\xae\xb5)\
w\xb3&\x22\xaf]\xf9\x1bt\xd8\xcc\xd117s\xf4\
Ow5\x90\xf2\xf1\xaa\xf7\xe5\xf6n-\x0cW\x9b\xa7\
4\x0b\x22 \xdfmC\xc4\x11\x8e\xd8\x06\x06F\xf7F\
\xe7=\x7f[D^\xb7\x87\x1b\xb6\x9c\x88 p\xdb\x95\
\x1c\xc4\x1c\xe5\x98\xa3\x1642u\xc0\xb2{x1$\
\xb0\xa2{x\xb1\x02\xee\xe1\x0e\x93\x9b\x1dsr\xb3>\
\xe3w\xefF\xf8\xbeN\xfco\xfb\xbe:l\x8a\xe8X\
0E\xfc\xfd}\xff\xf2\x12:\xfcNS\xe5\x0b\xea\xf0\
;y\xe8\xf0\x1d\xa6\x08;w,$\xb8\xc5\xc1\xe7u\
\xd4/*e&X\xbd\xa8T\xa4\x88\x1d\x8e\xd88\xbf\
\x0d>\xfe\xc9\x8f\xd5\xf1\xcc\xa8\xb7\xeax\x09/E\x9a\
#N[\x98\xe4\x870?\xff\xe8R\x98\xe4\x0fQ~\
p\x8b\xf3\xf56D\xcc|f\xc7\x9c\xcf\x1c\xbc{\xa9\
\x8ey\x84\xb9\xc08\x1b\x01\x8d\xd3\x193C\xd8\xb1\xc1\
\x10^\xd4\xa4\x12\xd9cP?S\x0b\xec1\xe8R\xe7\
\xe90\xdb\xd61g\xdb\xfa\xdb_\xbc\x1f/\xfb{o\
%\xb9\xb3\x9b\x95\x94\xca\xca\x05Y\xef\xcc\xed\x82\xfd\x96\
\xc3t['b\x03\xa1\xe1\xfdx\x877#\xe4\xed\xe0\
\xd5\xc0\xcf\x8f\xe9\xb6\x8e\x05\xba\xedy\xcf\x9b\xb9\x7f}\
\xf5\xda\x9f_\x17\x81sC;\x84ZC\x1ccT:\
\xed\x06\x04\xcdy\xd9\x02\xddv_\xbb\xeb\x0ef\x17$\
\x92T\xa7\xa9G\x89\x7f\xd9\x02\x89\xeaE\xdd\x12D\xcd\
\xb99bA\xdcQ/[\x7f\x1c\xc8(\x87Z\xa9\xda\
\x94a\x0eU\x88\x95\xb3\xb29\xdbV\xeb\x85\xbf\xd8\x07\
\xc9\xf0\x8ev\x0f\x07\xc9\xf0\xce]\x90\x0cw\x98j\xeb\
\x98Sm\xff\xf3?\x06/\xf6\x06\xd3\xcfdw\xc1z\
\xb3\x9c\xd7\xdd\x90\x5cD\xf2p\x19\x98f\xeb\x98\xd3l\
\x07\xb3\xcb\xde\xcf{C\x7fOi\xe62\xa6\xbd&j\
 \x02[\x19kC\xc3\xc9D[\xc7\x9ch{#~\
7\xffQ\x02\xa0\xfd\xd2\x91k5IF\xae5\x0e1\
s\x1d1'\xda\x06\x9b\x0f\xfd\xc3e\xda\xea\x94\xc7\xcb\
Lt\xef\x8c\xc3R\xc7a\xa6\xad\x13\xb54V\x06\xf0\
\xd9p\xac<\x02x\xd6vst\xcc\x5cF,\x90m\
g\x0e\x83\x15R\xcd\xacf\x86rV\xe8\x85G2g\
\x0eSm\x1ds\xaa\xad\x9e\xdcO\xaf@\xccY\xcdO\
d\xa7\x8cl\x15C\xe6\x12bN\xb5\xed?\xfe\xfd\xfa\
\xf4\x85\xf7\xfc\x814@\x1c\xd7\xb2\xdc\xe1g(\x8e\x10\
\xc7; \x82\xee0\xd9\xd61'\xdb^\xf7\xd4\xabz\
\xd9{\xf2X\xa2\x12L\xa9fY\xefu4\xcdK\xba\
\xcdS\xe3\x0d\xf8\x04\x99k\xebX0v|\xbf\xe1\xf7\
\xde\xf4_.H\xc6\xe7!X\xa7S\x9e\x9a\x18n\xde\
E\x8b\xeb)\x8a\x9aKJ\xcc\x06\xf4E\x8f>/\x96\
\x83s@\xbf\xe8\xc1\xa7\x1e\xc9U\x9b\xb2g-\xe8p\
9Leu\xcc\xa9\xac\xc1\x9f\x7f^\x9f\xde\x83\xfdN\
\xbe\xdc)\xd3v'\xdf\x81\xed\x8e\xc3LV\xc7\x9c\xc9\
\x1a\xac\x1c\xebE\xf6\xd6\xe1\xe0\xd9\xb4\xf8\xfck\x84@\
\xaeFY\x96\x88\xca\xd3\xd5\xe0\x9a\x12K\xd8\xa9\xdc\xfe\
\x96\xe8\xe1\xf7\xabr\xa3\x89_\xdd\x05\xbc\xbb\xc3LK\
'fIk\xf7\xfal[z\x02\xfe3\xe8\xa6\xfc\x04\
TA\xc3\x13\x90\x99\x96\x8e9\xd3\xd2\xdb\xdc\xf4~l\
\x0f\x9e_\xf57\xcen\x07=\x14\x17\x0f\x11\xe4@7\
\xa9\xe7r\xf2(\xdfa\xda\xa2c\x81\xb6\xf8\xf0\x83\xf7\
pS\xab\x8b\x0b\x02\x03\xf9\x90\x8b\xabZ\x0fQc \
_m\x8fA\xc4\x9c6\xe21\x1b\xf4\xa9\x1f\xef\xb4\xd1\
\xe3\xc9\xb6|;\xf4\xebO\x7f\x8fY\xb1Q\xaa\x97\xea\
p?\x98\x09\xe8\xc4\xad\xa8\x88\xcd\xec\xa2X\x86\xee\xea\
H,c\x1c\x16j\x0e\xf3\x00\x1ds\x1e\xa0\xb7\xbf\xad\
\xfd\xb9d\x0aG6\xe4\x94\x8f pd\xdbS\x144\
\xb7\xa3\xe6t@\xddn|\xa3\xbde#\xc42\xc3)\
7*x\xca\xdc\x8b\xc6-\x003f\x07\xb3\x8f\xa1\x17\
m\xe9u%u\xa2-\xecD\x99\xbd\xe8\xc4m%\xe7\
\xd3\x13I\xf4\xecWr\xae\xa2\xf0Y\xdd\x05\x15\x0a\x87\
\xc9\x80\x8e9\x19P\xf7G\xeaR<?\xf4\xbe\xac\x89\
\xd6mc\xda\x01[\x5cA\xe4\xc7\xea0\xd0g\x1e\xa0\
c\x85\x07\xe8\xff\xf9\x16\xcd\xaftVF\xf7+\x92&\
q\x98\x07\xe8\x98\xf3\x00\xb5+\xfayo\x84+ze\
\xc4\xbb\xaaZ\xc1\x989+\x9b\x13\x02\xfd\xf5w\xea\x05\
KZ\xb0n\xb3V\xe5\x90s\xf8\x012\x1b\xd0\xb1`\
\xf38\xf7I\x0b^?\xbf\xf2\x84w\x95\xfe\xfe\xb4\xf2\
\xa0^N\x95\x8a\xf2\x10\xc9mt)n\xcet\x89\x94\
\x9d\x0d\xbc\x16\xff\xd8 \xe5\xb3_\x12L\xe2\x0e\xbe\x0b\
U\x9byu\x8e9\xafn\xf0\xec\xbb\xd7\xdb#\xf5\xb3\
r\xad\xdb\xc4]k\xa7\x8b\xd7\x83\xfbPsJ]\xb0\
\xf8\xc8\xebm]\xf7\x9eK\xd5\xa4\xa4\x17\xda\xe2\xa5h\
\x15\xa1\xfa1\xa9\xce\xb1@\xaa\xeb\xfd\xe9\xed,\xc2\xf1\
V~I\x93\xd0\x09W\x08\x97\xe80\xa5\xce\xb1@\xa9\
{\xac\x19\x05\xd7\xbd\x9e\x844R=\xa7\x8e{\xaa \
\x03\x8d\xb2\x95)xj\xb3M\xa5\x93\x8cZ\x22{\xc9\
2b\x7f\x91\xbdHL\xac\xeb\x82\x96\x98\xc3T@'\
iE\xef\xe3\xfeE\xff\xe9\x86\xf4v\xd5\xcf)u5\
\xc6\x0b(\xe2\xee\xd6@J\xdaa6\xa0c\xc5\xb4R\
\x03\x1d\xa8n7&\x10f\xeb6\xf0:s=1'\
\x02j[\xac\xdd=\x18\x94\xabd\x9cg\xd7\x87l\x9e\
\x06\xe5\xec\x5c\xe9\x98;W\xfa\xeb;\xfe\x19\xf9\xad\xe8\
\xbe\xc8%\xdd\xc16)$8l`\xe9\x98\x1bX\xea\
\xb1\xd1\xe3\xd5\xeb\xd3-\xf5\xa6\x12_%Z\x95rH\
\x83\x90^&n\x1eJ\x1f3-\x1ds\xa6\xa5\xfff\
f\xb09\xed=\x99\x0f\xde\xdd\xde\xb5\xaa\xd7jG\xbf\
\xfd\xc8b|\xbcS\x01\x00\x1a\x93-\x1ds\xb2e\xff\
jKk\x1c\x93Xi\xa6\x96\x1f\xe5m\x93\xa7\xef\x8f\
\x89\x8b\x8e9qq\xe8)\xe5\x7f=\xf3\xb7\x16\x84\x07\
U\xa8\xbb;\xd1,\xca\xa6\xe8\x1d\x8a\x98\xabI\xcaF\
5\x09~\xff\x134\xe7\x86\x8ca\x16\x9d\xebV@t\
\xcea\xc2\xa5cN\xb8T\xb7\xb9\xff\xf0(X\xd9\x09\
\xe6?J\xb7Y\x9dr\xb8\xaa\x12m\xd2\xc6\xddz\x0b\
b\xe6Rb\xce\xb7\xf4\xe66\xafO_\x04\x8b\x07\xd7\
W\xdb\xd2\xe3$\x5c\xf8\xe8\xff\x90\xf3F\xae\xe3B\xde\
`\xc2\xa5c\xc30TS\x17U\xcd\xf6\x0fW\x90\xba\
\xa8k\xf6\xa4\xf8\xda.\xe6'!h.))\x0b\xe2\
\xf3\x07\xc1\xe6&l\xe5\xc7\xb4\xb3[!\x044\xc3^\
~\xacN{y\xe6[:\xe6|\xcb\xe1T\xa3\xff\xf0\
 \x98\x9f\x85\xa9\x86\x8a\xf9.h\xa3\x8f\xb5\xefB\xcc\
\x9c\xa2\xcd\xa9\x8b\xc3\xe7+\xf8\x1f\xfdz\xbe\xa2\xff\x91\
\xdb\x00\xff#\x87\x09\x8c\x8ecAK\xeaE\xb0\xfc\xf2\
\xfa\xe7+\xff\xe9\x17\x01\x8a=\xd5\x1c\xce\xf7\xb3\xa28\
\xfaT\x0e>Cv;u\x1c\x0b\xdc\x9e\x17>zP\
w2\x8d\x11B\xc7\x9d\x06\xb5u\xcc\xb7t,\x18\x9d\
\xbe\xdf\xf0\x96\x0e\xfa\xcf\xb6\xbd]a\xc7]\xd6\x8f\x93\
\xaa\xba\x1a\xe2\x0as|\xac\x0a\xcd>\xf3-\x1d\xc7\xc2\
\x13\xe5\xc5`\xed\x9ch2\x13\xadB\x8dH2-j\
D\x99j\xe98\x16\xc0\x95\xf3\xea\x0f\xe3\x14\x87\x14~\
\x02*\x22Z\x83\xd9\x96\x8eca\x0f\xb1\xe4--\xd3\
\x83*\xac'\xf8\xa2*b\xc4\x5cL\xcc\xedM\xb5\x1a\
\xcc\xc3\xe7LERo@f\x225\x80\x89\xe40?\
\xd4\xb1\xc0\x0f\xfd\xf9\xd0\x9b\xfb\x88s.\xdeBtp\
\x08\xcav\xac\x8e\xb9\x1d\xab^X\xae>\xb8\xfe\xb9\xe6\
=},=\x01\xff\xa9\xec'J\xae\xb6+]X\xb6\
2\xa3\xd51g\xb4\xfe\xed\xef\xff\x08\xcd\x8fV%i\
\xcdJ\x99X^\xfaG\x08\x97\xa9\x96\x8e9\xd5\xd2\xdb\
\xdd\xf37\xb4\xb7\x9b\x14q>\x13\xce\xe6T\x8a\x93\x83\
\xce\xe7Z\x143gds\xa6\xa5n/\x96\x96\x87[\
m\xb1\xbd(f\x86[m1]\xd0\xb7\xc7\x5cK\xc7\
\x82Q\xe8\xd9\x95\xbfF\xe0\xf1\x10\xbe3\x85\x9f_i\
\x8a>?&[:\x16\xc8\x96?\xb5W6\xce\x13\x7f\
\xe9\xe4\xe1@\xb1B\x03E\xa6-:\xe6\xb4\xc5\xa1\x8e\
b\xf0\xb1'\xad.\x87:\x8a\xa1~\xb0<\xd2h\x8f\
\x83\x82p\x9aY\x80is\x16\xe0P\x92\x10\x8a\xc9?\
%\x09\xb1\xa0\xe4*p\xa9\xd3L\x05L\x9bS\x01\x87\
\xba\xbc\x1a\xf4\xb0\xb7C\xba\xbc\x15\xbd?\x11uyA\
y5\xcd\xb4\xba\xb49\xad\xae\x7f\xf2\xcd\xfb\xf12\x98\
\xbd/=\x5cK\xcd\xb2&\x9eL\xc1\xb3\xb5\xd4\x9d\x9a\
\x84\x90\x13\x1cr\xc2\x86\xcd\xe9\xf1k \xc3\xd75\x7f\
#3\x82\x0c\xaf\x1e\xad\x1d\x08:\xc9A'\xcd!\xfb\
\xfd\x937\xfd\xcb\xcb\xfe\xc1\xb4\x00\xd9\xcf\xe9\x89s\x17\
d\x12\xd4\xcfy\xba\x1a\x0e\x87l\xden\xac\xbd\x1a\xac\
\xbc\x1e<\xfb\xde\x7f\xfdXpfm\x97;\xe5\x9a+\
\xa7\x8dV\xbb\xe3B\xc4i\x8e8m\x83\xf9\xb5?\xaf\
\x8e\xd8\x9b;\x95\x96'zE\xac\xcex\x12\xb4\xba2\
]\xb8\xce\xccIJG\x92v\x94\x14\x07\xe7\x7f\xa8\xbc\
\xc1J\x8a\xcd0\xe7\xd5d)\xc5\x0a\x84\x9d\xe2\xb0S\
\x16l\x85\xbc\xde\x03H\x1c9\x1d\xb6\x96\xff\xa0\xd4\x91\
\x9b\xa4\xd4\xc1\xa4\xa4\xb4\x0d/\xc0/\xfe\xf1!\x5c\x90\
\xf0\xac\x1b\x99\xf2\xa8;\xd2m\xe0\x1d\xe1\x8bmNP\
\xba),\xf2\xa7xSX\xf8k\xac\xd4\xe9kdj\
G\xda\x9c\xda\xa1\x22\xd6\xabLxw7k#\x96\xdc\
\xf5\x1atxi\xe6u\xa4\xcdy\x1dC\x1a&\x1c\xf3\
/\x1a&\x9f\xb3\xdb\xc5s\xe6/\xd1\x9c\xd9\xe1\x1f\x9e\
\xaa\xac\xe7o\xedH\xcaL\x9d\x09\x0dJ\x9b\x04a\xa6\
Nf\x92\x22\xe6\xcf\xd0\x02\xb1\xe3\xdd\x95\x8a\x18\xceY\
\x97o>\xe3v\x06\xcf\x98?@\x0b&j\x9b\xe1\x00\
w\xf3\x89(h\xda,\xe8\xf9m\x87\xd4L\x1b\x80\xdc\
O3\xad#\x1d\xbbc\xc7\x11\x10\xa6\xfb7\x8e\x80<\
\xdcw\xf30\xdcO3=\x22m\x81\x1e1w\xe4\xef\
\x1c\xf4\xaf>\x09\xb6dc\x85\xbc\xa8\xd9<\x96\x87@\
9\xb9\xc5\x126Z\x8d\xd78\xa0kf\xea\x8cx\xa0\
\x89b\x9a=\xb3\xd2\xe6\x9eY\xdaC\xed\xe1s\x9a\xda\
\x16\xca\x0d\xf4-\xcc6`l\x9bfBD\xda\x06!\
\xe2Fa\xda\xffz6JaZ\xf6\xdfP]\x11}\
t\x9c'bi;]\x91\xa6\x99\x0b\x5c\xed\xbf\xba\xa2\
\xb0b\xcb\x8c\x88\xdc$\x98$\xa7\x99\x11\x916gD\
\x0c\x0f;\xd8;\xf7\x1e~\xc0\xc3\xee\x94\xf3\x13\xa0\xe6\
\xdd\x81o\x90A\xa1isP\xa8vr\xba\x22\xe0C\
\xabP\xd6/@\x04\x92\x93`s\x9a-\x22\xd2\x16,\
\x22V\x0fu\x1d9\xbf\x92\x92\xb2\x16\x1e\xd0\x13\x8d\xdf\
 '\xb7\x1bU\xc8\xc9\x0c\x07M'\x1c;\xbbmh\
\x9a\x7f\xed\xb6G5\xcd\xf9\x225\xcd\x0c\x0aM',\
5\xcd\xfe\xd6|\xd0\xbb\xc2\xa6y\xa2\xd9\x06\xdb\x93z\
G\x86l\xa4\x19\x1c\x9aNZ\xd2\xbf\x02G\xb5P\xff\
\x8a\x1c\xd5\xb2.8\xaa\xa5\x19\x18\x9a6\x07\x86\xfa\xaf\
>y\x0f\xbe\xa3\xbdl\xb3S`o\xd9\x0e\xac\x5c\xd3\
\x8c\x0bM\x9b\xe3B\x87\x9b*\x95\xf1\x06_\xa7aS\
\xc5\x0a\x15%R\xa8H3,4m\x01\x16\xfa\xf5x\
\xb0~\xec\xbf\x5c\x0bz\xa7\x92\x98TG\xf3\x5cCA\
E\xa9\xcb\xefTa~\xc4\x18\xcbt\xd2\x86\xa7Z\xf0\
~\xc9\x9f{\x22-~\x8aMR\x05\xd5?\xd2E\xe6\
\xd4\x9c\xb4\xe0\xa0\xfd\xc2?\x9a\x05\xb9J\xf5\xe55\xcb\
$W\x99uA4(\xcd\x00\xcb\xb49\xc0\xd2{0\
\xd3\x7f\xbaq}zO2\xb3\xa8\x15\xca\x1a&\xdc)\
\x8b-]m\xbc\x03-\x1d\xa3+\xd3\x16\xd0\x95a3\
\x07\x0ac\xc3V\x0e%\xc6\xdcN\x91.1\x17\x11s\
p\xe5\xe0\xfe\x89^Cl^H\x86=\xfa\x0a\xe7C\
~\xcf\x84x\xcc\xb9|\x09\x8e\x99},\xd2)\x1b\xae\
=\xfe\xf6\x13\x88y\xa8{\x9c)S\xcc\xdd\x1c\xc6\xcc\
e\xc4\x1c\x10\xeaO?\xf5{O4YT\xc2\xbd\xdf\
\x8c\xf3\xc7\x0bD\xdav;\x80{O3\xc02\x9d\xb2\
 q\xbb\xdd\xbf\xbf\x85\xa2\x1a\x13#\x85@\xb2\xf8\x10\
d\xa8b:eCq\xe5\xba\xb7r}z(\xf5\x9f\
\xad&\xf0\xa7\xda-\x8a\x95s\xb2\x05\x84\xe2\xf4;\xd6\
\xb3\xd1-\xdc(E\x9b\x0a)\xda\xa4\x19\x9f\x98N\xa5\
,=\xa5T\xd2\xb88\xc2\xa7T~8\xe4\x92\x1fS\
`~\x93f\x88b\xda\x1c\xa2\xe8\x9d\xe9\x99\x5c0w\
t\xfdsM^\xc8gjz6.\xbf\x00K\x99\x0c\
dg\x86(\xa6-@\x14\x1f\xaf\x05;W<\xd4\x18\
k\xb2qdv\x8c\xc6\x1a\x0cQL\x9bC\x14\xf5T\
\xfc\xe8\x93\xea4\x06\xa7W\xc2T\xdc\xd5\x0e\xcfe\x92\
Kp]\x18~2F1m\x01\xa3\x18\x92\x18a\xe1\
:$1\x8eX\xb8\xd6\xc8\xc8\x22\xcd(\xc5\xb49J\
\xd1\xbf\xff\xaa\x7f\xef\xb1\xffM\xf2\xa5.\x17\xa6Do\
\x5c\xb7p\x17\x22\x8ds\xa4q\x0b\xa2\x84\xfd\xfdK\xd5\
\xc4\xf9o\x0e\xc5$\xa7\xaa\x88&\x9d\x14d\xd4\x00\xbc\
R\x19\x9e\x98\xb6`\x06\xf1c\x7f\xf8\xe9I\xbd\xb2\xdb\
\xcc\x94\x7f}{b\xbf\xecf\xc7\xe8Fp1q,\
\xd8sn\xf8\xab\xb3\xd7\xbd\xa7\xfd\xe9\x15I\xc0;D\
uU\xe5\xfe\xa2\xdb\x02c\xc04#\x14\xd3\xe6\x08E\
m\xbex\x88Sfu\xbe\xe3#\x08\xf1\xa4\xbe\x9af\
\x90b\xda\x1c\xa4\xd8\xff\xb6\xeb\x1d\x1f\xc2:;\xe7j\
u\xdb\xd2\x88mv\xaeH\xdbl\x06)\xa6\xcdA\x8a\
Z\xf7\xe3\xf4\x10R\x9cj\xe4t\xd4#r\x5c\xb6H\
9\x8e\xad7\xd2\xe6\xd6\x1bZ~gn\x13h\x057\
\xf2;%\xa4\x15\xd4\x11V\xc2\x00\xcb\xb49\xc0\xb2\x7f\
\xf2-8?F\xe4_yd\xcf\x5c\xc2\x9e\x99\x01\x96\
is\x80\xe5\xe0\xe3\x9f^oep\xb9!\xc8\xd0\xe9\
6\xae:\x01\x84@H\x1a\x8cSL\xa7m\x98\xbf\x05\
\x17\xcb\xda\xf9F\x981\xd7\x86\x9ahZ\xe5An\xf4\
k\xad\x1c\x0c\x99\xd9\x15\x22m\xee\x0a\xa1qhgW\
(\xe7V\x0e;\xd0\x11jn\xa5\x16\x1d5\xe7g\x0b\
\xe0\xca\x9f\xf7\xfc\xf3\xf7p\x97\xc72\xe5\xea\x88\x0d\xc4\
X\x15\xaf2\xe7gsO\x88\xeb\xb3m\x8dq\xb8'\
y\xdf\xe8\xb9g\x13d\xfe*]xL\xa59/\xa7\
\xcdg\xf8\x8f6\xbd\xe7\x0f\x10\xb0\xa3_\xd8\xff\x8b\xe5\
C\xb7./\x1f\x22w\x10\xc1\x1a\xfedz3V\x9e\
xGG\x12\xe6\xb6\x11\xba\x9bdH+\xa8Q/A\
\xb8\x11\x0e\xd7|\xfc\xb2\xf1\xc8_\xdc\x0bfv\xc1\x14\
IC\x845\xfdY\xecA\xc7\xc6;\x10r\x94C\x8e\
Z\x08\xf9\xba\xa7\xde\xac/!\xe4\x8e\xaa$\x100h\
\x83\xaa\xa8b\x1c\xb0\xf9\x8bd\xe7\x98\xdd\x0a\xaa\xe5\xe6\
(\xbb\x82*\xe8\xa5\xab\xb8\x12\x1cr\xc2\xce:[E\
-\xa9?\xfe\xb5\xce.\x85\x04\xc6\x82\xb8\xcd.5 \
\xec$\x87\x9d\xb4\xc0\xe1\x08\xf6\xde\xab\x98%\xfd\xf1|\
fR\xefY\x0b\xe2z'?\xd9\xa8B\xc0)\x0e\xd8\
\x02\x98ry\xb0\xf1m\xf0\xee\x8b\xd7[\x93\xeeru\
\xe8\xa4\x06\xc3\xcfJ\xb5\x98\x87\xa0\x1d\x0e\xda\xbc\xd3\xbf\
zy\xdd[\x96R\x5c5T\xd2\xa7\x0cW\xedP\x86\
Ks\xb4i;\x96\xb8\x809\xbb\xb1\xc4e\xd8Y\xad\
\x22\xc3\xce\x22w\x22\x5cE\xcc\xcd7\xfe\xfe\x0fMD\
\x12$\xaf\xea\x0d\xf5Z\x85Q\xad\xfa\x0drE\x84K\
H$b\xe1\x09\xa5\xb9\xb7/\x1eH\xef\xa7\x86\xea\x85\
\xe4\xbe\x22K\x1f\x5c\x84\x8b\x87\xb9G\x88\x0a\xd3\xdb\xe9\
\x01\x0ec(\xdb\x860\x8cjE\x86a\xa8\xb88\x17\
\x9b\xdbm\x0c6\x9e\xf7\xdf]\x0d\xce\x97%O\xe7\xa1\
s\x8c[(\x83\x1c}\xdb\x1d\x87\x909\x0f\x9bC\xdb\
\xfb\x0f\x7fW\xe7;x\xbb(-u*\xe5\x82>\xe0\
\x22\x8b\x19Uj\x94\xd7\x22\x9c\xd7\x22\xb6\x5c\xd3\x84\xbc\
6\x9cuBZ\xabe!\xadE8\xad\x99#\xc3U\
\x93\xa9%vf{\xc1\xfc\x9cx+\xf2C\x9b\xd3\xac\
L\x86\xc9\xcb4\xfd\xc8\x9d(\xa7\xb5\xa8\x0dh\xea\xe0\
\xe9!\x8f\x0f;\xcd\x11\xc3\xc3\xce\x184oQ\xcen\
\xe6\x0e\x16\xfe\xfa\xbb`\xefQ\x7f\xeeS\xf0\xb1'j\
&N\x96\x9b\xbav\x8c\x11\xac\xcf\x1d\x83\xa89\xcdE\
mM\xee\xaf\xb6\xfc\x93Gp\x9b\xf5D\xabC7\xba\
CG\xcdY\xc3\x1c\x85?\x98~\xa6\xdd!w?z\
O\xe6\x84\xeem\xb8T\xd5@9\x11\x06\x95\xaf7\xa0\
R\xc7\xb8\xb97\x07.k\x10\xfe\xcc\x09q\xc9\x87\x9e\
\xf5,\xc2\xd4\xa6\xee>\xc6\x89\xce\x06\xc2\xf6\x9e\xffh\
\x15\xf9\xef\x8d\x112\x8f\x0d\x0a8\xc1\x01',\xcc\x96\
7\xfb\x17\xfb\xfa\xcf\xfdE\x81\xf9W\xae6k\xea\x8f\
l\xaeP\xafV\xe1)\x92\xe0\xfcl\x0eB\xd4j\xd2\
!\xebO\x1a`\xa8;qC\xfb\x83\xe1E;O\xc3\
\x8b$'\xbb\xa4\x0d4\xb0\x8a[\x9b\xf6\x1c\xbd\x94W\
\xd8\xa1\xda\x80\xf6\x88\x94&.\xedJ\x1d\x82\xe6\xfe\xc8\
\x1cn\xa6\x09\xc3\x9bOF`\x05J\xa1x\x1b\x81\x05\
\x00\x8b\xa8\x22\xe3\x5c\x97L\xda9i\xed\xc5)x\xd7\
\xff\xf3\xa435\xd9\xbc^\x1d5E\xcd\xdfa\xd2\x06\
4\x7f\xf0l{\x14\xc0\xa8\xfa\x1b\xe2\x8b\xaa2\xbeH\
\xc5\xc5\xdf\xa1\x05\x91<\xd5:\xdf\xff\x00k\xa9v9\
\xdb\x1c\xb1\x93jg]\x089\xc5C\x01s \x89\x7f\
\xba\xed=\xd8\xd2\xe3O\xe1\xc5\xaa\x9e\xd7\x137sD\
x\xb2vju(\x84\x0e\x17B\xf3\xbd\xfb`\xe5\xbd\
\x06^\xcf}\x92<\x87+7\x22%\xa1m\x8fh;\
\x5c\xa9\xb8\xd0s8\xfc\x1dZQ\xaf\xe9?<\x86\xe4\
\xa1\xaer1\xbc\x1c\x90;JE\xfa\x0a\x1d\xfe\x0a\x1d\
K\x04\x99\xe0\xddK\xd5N#\xd0H7K\xb2VI\
\xb7\x84\xf7\x83?D\xf3M\xab\xb6\x1e\x9e\xb9\x0f\x068\
\xc5f\xd8\x8e\x82\x05N\xb1C\xfdh\x9a\xef\x86\xf9j\
\xca\xdb_\x0a67\xb5\xcd\xb3\xb0\x1bv'\xfe\xe9U\
\x0e\xcba\xb7NW:\xcd\xd7#m\xe5z,\xac\x81\
\xb3Zx=j\xda\x9c\x05\xbd\xd5\xba\xb5\x1c\xcc\x0c\xd2\
|?\xcc7>\xde\xee'\xef\xecXz\xaf\xa8\xbe\xee\
n9\xac\xe2\xe2\xde\xe4\xae|\xc8\x11^\xf3D,\xd8\
\x95O?\x0d>?\xf2\xbf\x7f\xf5\x16\x1f\x89\xb0\xd5j\
\xb9S\xe8H\x9f\x9f[\xedP\xc0\x11\x0e\xd8\xc2;\xf6\
\xe1PbZ\xbc\xcc\x99\x89\x1b\x89i\xba\xcan\x8d\x82\
Nr\xd0\x96$\x12\xd4se0\xbb0\x82\x9dF\xe0\
\xc4n\xa9\xd3\x85\xa8S\x1cu\xca\x8e9\x92?\xf7D\
\x15r6G\x0a\x0f[\xb6F\xa2\xa3v8h\xf3'\
\xd6\xc9\x9b\xc1\xbd\x17\xf0^\xc9e\xcaC\xb7Y~\xb1\
\xe4@ !\x12\xe1\xe1s$b\x89\xbf\xa8\xab\xf8\xdc\
'\xbc!!_\x14nH\xc9\x85\xa8\xa3\x1c\xb5\xf9\x0a\
\xf3\xf1A\xb0CP\x18}\xcau\x17E\xb0\xba\x80\x84\
Qq\xc58d\x1b\xfa\xf4\x83\x9f\x8b\xcc{\xce\x8f\x18\
s\xb8y\x0c\x99\xb3\x87\x0d\x81\x95y\xdd\x91\x9e|\x91\
T\x90\xebC3\xa7Ri\xa2)\xaa \xd7+\xa5\x16\
\xc4\xcc\xb9#b\x09D\xee=^\xf5\xbe\xbc\x1f%\x0a\
\xd3n\x16d\xf2s\x1b\x82\xe6\xdc\x11\xb1A\xefQ\x1d\
\x87\xff\xf1u\xff\xfew\x89\xdeS\x1bj3i\xfa\xb3\
\xe8\xbd^k\xcb\xcf\xac\x08Ov#Q\x1b{+o\
\x8b\x86\xd1\xd9\xccD~\x04\x925\x9b\x87at\x84'\
\xa4\x11\x0b\xfe\xb3Z\xb5\xf9\x8c\x94U\xca\xc5\x11@\x82\
z\x91\xbe\xc1(\xdfgs\x8d\x92\xfe\xb7\xcd\xd0q\xef\
@\x1c\xdb\x95\xeb\xf2\xc4\xae\x0e\x91\xf2%6\xd7&\xf1\
NO\x83\x07;\xb0'\x0e\xa5\xe7\xea\xee\x08\x0d\x98\x1c\
h\xed\xa8\xd4\xcbi\xd9\xc2\xf8yg\xa9\x7f\xf0\x82\xdd\
}GZ\xcadst'b|\x8b\xcd\x15)\x06\xef\
W\xbd\xb9Mh5\xea\xeeDs\x88_\x1d\xd5m\xd4\
s\xd4m\xc4\xf86\xc7R\x16\xa8\xa2\xde\x87i\xef\xc9\
\x9c4L\xd2\x0a\xc8e\x8d\xd8\x17\x8f\xba\x05\xa3\xa4\x08\
O\xfa#\xe6\x93~\xef\xc7;\xed\xa4|\xf0X\x82\xbe\
k%\x8aN\xa1H\xd0\xf7R\xa7X\x85\x90\xd3\x1c\xb2\
9\xf2\xef\xc7\x91\xb7u\x0c\xfab\xfa\xc5\xad\xef\x05\xc9\
\x8b\xd5A\x990\x12AA\x8a\xf0'\x0b\xea\x0e;\x8b\
\xfe\xa2\xf6\xce\x92\x86\xfd\xe1W\x18\xaamJ\xadF;\
'km\xaa\xc8\xf83LXh\x8f\xb6\xf4Zs\xfe\
\xa3\xffmZ\x94w\xd0\x99\xae\xa5n\x87\x88\x97r[\
p9x\x11\x14\xb1\xe0P\x16\xe2\xd2\xfc\xc3\x13\xef\xe1\
k\xc6\xa5\xa9D]\x16\x9b\xba\xdcd\x1d\x9a\xba$\xb7\
\xfb\x16\x84\x07v?\x0e\xde.B\xc2\xd3\x0bM\x8d\x85\
\x18\x95\xee\x1aEJwI..I\x0b\xe6\xb3\xf3\xfd\
\xbd\xa7\xb8v\xd3\x0d\xf4\x04\xef\xdd*\xb0w\x8b\xf0b\
%b\x81\xcd?s\xa22\x1eJ\x8c\xe9\x8c7Bd\
\xacCE\x9c\xd7*\x91\xa4cgG\x01\x9d\xa8\xdeQ\
p#\xda\xceR#\xca[\x95\x88\xf9Ve\xe8\x0a\x07\
\xa7|\xe3\x0a\xc7\xc7\x9c%P]\x84\xf7*\x11\x0b{\
\x95\xed/\x83\x8b+o~\xa1\x7f%\xabe\xe7\xdc\xf2\
d9D\x04J\xaf\x94\xdc$T\xf0\x14\x9f\xb49=\
w\xf8 T7D\x82R\xfdz\x10\xb6\x89\x1e\xdf-\
\xb5e$U\x84\xb7*\x11\xc7\x96\xb4\xe9\xb3i\xef\xbc\
\x87A7\xca\x85\x0aE\xdd\x80\xa3v\xf8~8\x96\x14\
\xb3Y\x9dp\xbc0J\x9fp\x9c\xee4\xef\x82\x22\xe6\
\xbb\xa0\xc1\xe5\x86\x7f\xb4s\xdd\xdb\x95\x88\x1d\x7f\xd9\xd0\
\xeaD\x0d\xf4\x8ej\x05vX\x11^RDl,)\
\xb64l\x86\xb5\xa5t\xaa\x1e\xa9-\xd5\xa6\x92\xc8[\
\x8aH\xda\x86\xb6\x94\x1eu\xc8\x0dHx\xd65\xcd\xdb\
\x85\xfe\xa3R\x83\xfe#\xca\xcb\x8a\xe8\x9d;v\x5c\xac\
\x83\xc5\x03\xef\xcd}t\xb1v\x9bC,\xb4L?\xaf\
@\xd8\x0e\x87mE\x7fl\xfb\x09\x90\xfc\xf3C5\x13\
\xe0\xf8\xe7sc\x101O\xa3\xa3\x16\xa0\xd0\x9b\x17\xfe\
\xf1\xa1:k\xe9k\xd4)O\x1d\xf3p\x94.*L\
\xb9\x0d\x889\xca1G\xcd\x1d1U\xa2\xfe\xeeo\xcd\
\xf7\xe7\xbfJ\x13\x04\x95\xf2:\x13\xcd\xba8\x05\xebt\
\xea\x10q\x92#\xb6`{\xbf\xe9\x7fyK\x80\x9f\xe6\
P\xeb\x9b\x01?\xdd\x0a\x1d3_f\x0b\xe0\xe2'\xf3\
\x83\xe5\xcfp\x995\xcb\x9f\xcc\x93*m\xba\xca\x8c \
\x8d\x9a#H\xfd\x97k\xfe\xc9#\xd8\x17V\xcb!t\
t\xc4\xc2\xb0\xda\x81\x85a\x14\xa5\xa7\xc3\x9f\xac`\xe5\
\x81\xce6\xc4\xca\x13\x9b\xad\xde\x1e\xa7\x88\xf92[\x18\
\xe9\x86j\xbd\xea^H\xc2\xa17j\xbdc\x05\x10\x0d\
u\xf309\x88\xf2\xa84jaTzv\xe5\xfdx\
)\x01\xe5K\xcd\x1b\xb1l\xc0\xca\x97\xba\x14o\x9a\xe3\
M\xdb\xa9\x7f\xd0\xd8\xfd\xaa\x7f\xdc\xda\xd5]h\xed\xa2\
1.&1s\xab\xd4\xc5\x03\x7f\xed\x0by\x07\xaa\x83\
n7\xd99\xb0-S\xfcU\x5c1\x0e\xd9|\x1a\xfd\
\xfa\x89\xbf\xfe\x00\xa6\xd1\xba\xec\x8d5\x91\x16\xdd\x18\x83\
at\x94\x87\xd1Q\xf3at\xd0{\xe3\xbd^!\xeb\
\x88\xd0\x18`\xa4w\x04\xad\xbd\xa3<\xd7\x8d\xc6l|\
\x81\xfe\xd1\x05\xc2\xd62z\x0e\xc6\xb0\xb5I\xaa\x80\xfc\
\x92\x8dZ\xf0\xc2|t\xe4\xcd}\x04\x85\xd3PL\x01\
%N;UY\xe24\x12\xe5\xc7U\xd4\xfcq\xe5=\
\xd8\xe2YRmb\xf4,\xa9F\xb3\xa4(?\xac\xa2\
\xe6\x0f\xab\xc1\xf6S\xef\xeb\xa6\x94\x9b\xf5d4\x9f!\
\x16\xd3d^\xce\xcc1n\x98c\xe6\x0d\xf3\xe0\xd3\x83\
\xc1\xc7\x9fD\x8dV\x0d3S\x11\xaaDE\x88q\x1f\
\x17\x8bX\x02_zg\xc7\xde\xfe<\x8e64\x5c\x0d\
&\x1bw3\x10t\x9a\x83N\x9b\x9b\x10\xdd \xa9z\
=\xc1\x84\xe8W\xd4S\x05\xa0\x22\x94\xa6\xe4\x98\xb91\
\x8a\x997F\xc1\xde{u\x8b\xe1jL\x86\x07\x8c\x8b\
\xcdIb\xcd\xc7\xb8/\x8a\x99\xf7E\xc31\x0c\xbb\xb5\
\x843\x98\x11v-\x0d\xc8\x181\xf4\x8b\x08\x7f2V\
S\xbfRO?0\x11\xac\xfeV/\xa0\x85`\xb5.\
\xbb\xad\xa9\xa8b\x1cp\xccF\xf1\xfbq\x04,\xff\xb0\
\xf8\xe95!1\xfdK\xf5\x06\x05\xcd\xd79fE\x00\
~a\xf1\xfaj{\xb0\xf1Q\xdaK\xa8\x86.\xab]\
\xe4e:\x90\x9bmC\xcc\x9c6\xccW\xb1\xc1\xc6\xe5\
\xe0\xc5\x83\xa1\x0c\xbc4\x1a\xd0\xf3\xc5_:\xf0\xd2x\
\xa0\x9a\x87\xaf0\xc9\xf79y\xc7\x86M\xdc\xcc\x97\xc1\
\xe6wieU-7\xab0\xe4\xaa\xc2\xb5\xe0uU\
\xcc\xc2\xbaj\xeecp\xb9\x8b\xda \x93\xdc/W'\
)\xc7\xf1\xae*f\xbe\xabR\xd9B\xaf\xba\xe5\x01h\
\xf5\xb7p\xd3\x8d\xf3\xcfj\x0e\xe6\x9f1\xdeV\xc5,\
h9o<\x1f\xfc|\x06\x19nh\x02\x8d9\xae^\
\xa2\x1c\x87b\xbd\xe1O\x16\xda\x8c\xc5\x9dQ\x86ez\
\xf02R\xff\xa8\x03/\x93\x18/\xd9b\xe6K\xb6\xff\
\xfc\x8f\xe1\x06V\xf6;\x1c.`\xd9\xf0\xb0\x0d\x80\xed\
\x18\xf7\xf91\x0b\xfe\xca\xf7^\x07O\xee\xf7\xbf\xfd!\
\xcd\xba:\xeaU\xd2\xec\x96a\xce\xd5\x99\x94%\xe0#\
\xb14\xe78s\x01\xc0\xbf\x1a\xba\xd3/#\x1a:\xc2\
\xc5\xeb\x96\x0e\xce\x99\xdf&\xb1\xb4\x0d4\x92\xf7\xfc\x01\
\xf4G\xa5_\xb46n\x90J\x84\xb1\x8b\xf1\xce'f\
\x81\x99\xb2y\xe1o\xf5\x06\xb3\x0b\xfd\xb73\xd2T\xbf\
2$ tC\xd4\x9a\x14v\xa5+\x9fv\x9c\xf1=\
\xf1\x84\x15j\xdb\xf4\x8a\x7f\xb8\x1c\xac\xecHaW\x87\
2\xdau\xf8\x18K\xd5qy\xb8\x9f\xe0]U\xc2\x82\
\x03\xf0\xbd\x17\xc1\xca\x87\x11#\xa4\xce\x04\xf7\xfd\x0d0\
\xf7\x89$x\x85\x920_\xa1h\xdd\xfd\xd5C\xb4B\
\xf9E\xe6%7\x14\xe2\xf2&XV&a.+\xd3\
\x7f\xfd\xc6\xfb\xf1R\xefa\x05\x99\xa1\xc9P\x110\xec\
\xed\xe4\xdb1\xd9\xcd\xd3I;\x1c\xb4\x8d-\x8a\xffr\
m\xf0y}pO2Z\xd6\xad]f\xa2.\xae^\
\xab%\xb8\xce\xfc\xf2NX\x90i\xd1\xae\xf2=\x7ff\
O\x10\xb4\xe8\xbae\xd5(I\xdb\xcb\xae\x9c\xe6\x12\xfc\
zM\x98\xbf^\x83eu\x1b\x0e!;O5C\x01\
_\xce\xcdSE\xc8\xcd\x09F^&\x12\x09\x1b8\x82\
'\xa3p\x04\xad\xe6H\x14A\x0b\x9a\xa4\x04w\xfd\x09\
\x0b\xec\xff\xb3\xed`~/\x10\xa8\x83\x95rs\xbc\xd9\
\x82\xf9\xc0x\x0bbMq\xac)\x1b,\x9aum\xc9\
.\xe2qC+\xc9P\xc7I\xc6\xe3\xb6\xf3t\xbe|\
\x95\xcd\x1f)\xde\xe3\xb5\x90k\xbc*-\xd5\xb2C\x83\
8U\xada\xab\x96\xed\xb8\xf2,4\xc1\x9ds\xc2\xbc\
s\x1e<\xbf\xf2\xbfn\x8c& d\xfe\x0b\x04\x84\x04\
O\xf5\x13\x16\xf0i?_\x04\x1f.\xbc\xa3#In\
\xbfR\xae\x83\xa9\x0f(\x85$\xb8\xcfO86\xaeE\
\xff\xf2\x10\x94C\xd5\xb5\xc8\x0d\x99w2\xe3'\x07\xda\
\xa1\x894\xe7\xb7t\xc2\x12tG6\x15\xf9\xb5\xba\x1c\
a*Rw\xf3\x146\x9ft\xda\xd6\x94|wU\x12\
\x83\xf8\xf5<ie\xca\xb2\x16D\xb7\xd4\xa2\xa0\xf9*\
[\xc0v\x85>\x01\xea\xa0\xa5\xeb1\xf4\x09\xe8\x94\x01\
\x87\xdbm\x01\xab;\xc9\xddr\xd2\x06\xb2k\x08\xb4\xdc\
\x96C\x1e\x9es\xf579\xe4R\x95B\x8ep\xc8\xb6\
\x18\xbb\xbb\x9f\xae\xaf\xb6\x19\x1b\x9a)gE\xae`\xb7\
\xd4\xc8B\xd0I\x0e:i!7{;\x8b\xde\x83M\
\xd9\xde5\xc4\x0ek\xd0Q\x13\xed]s\xb2\xbd\xab\x0a\
.\xc5q\xa7\xec\xa4\x0f\x10\xdd\xf8'\xf2A\x96\xdd\xa8\
\xbbx\xa7\x1d\x8e\xd9\xb1%B\xb5 \x9d\xf5\xaf\xd7\xd4\
\xf0\xa2\x00\xed\xbf\xdd\xa5\xb3Ns\xdc\x16,\x80\xd5K\
\xfb\x10^\xae\x95\xa1\xc5+=\x5c+\xb4\xccL\xf2\xfa\
5i\x8b=\xef\xbf:\x1d\x85\xd3v\x19\xa6\x0d\xb0\xd0\
$?\x5c\x93\xe6\x0fW\x7f}Q[bn\xf4$\x09\
\xd7\xf1\x1b\xa1\x10\xf5\xb6\x02\x15\xd7\xf1N\xb7\x06Qs\
\x06\xb1\x00Z<\xd3\x08~h\xa3K\xbf\xfc:\xb0\x91\
.\xe5\xa1\x91N\xf2{;ik\xdb\xad\xff\xf9\xe0;\
^\x90\xe18Z.10\x1dM\xf2\xa3;i\xe1\xd1\
\xbd>\xef\x1f_\xf8\xab\x87\xd2\x0dQ\x97\xb9[P\x19\
\x04\xaeG\xa5\xdb\x86\xeb\xc1\x8f\xefd\xd4\xd6A\xf7z\
\xde\xc1\x15\x1e\xf4\x94nO\xc1\xf5|Jn\xa8\x93\xbc\
\x89M\x9aob\x87e\x11 =\xff,\x8b\x04\xeb\xc9\
\xe5\x00\xd6\x93\xe4Ul\xd2\xc2*vm\xcd?\xff\x00\
\xe3\xba\xc9rv\xc4\xacn2\x0b\xb3\xba$\xd3\x1e\x93\
\x16h\x8f\xbf\xef{\xbf\x133\xa5\x13\x12\xa6\xf9a\xd8\
\xc9\xc1\xc30\xc9\xb2\x8cIsY\xc6\xc1\xc5\x93\xc1\xd7\
i\x88y\xb2\x5c\x1d\x11\xf1d\x15#\xe6{aa\x17\
{v\x1c\xcc\xd0.VCz\xc6\x0b\xa8\xcarw\x9c\
\x0a8\x0f:\x92I[\xef\xac\xf3^\xf0e\x19\xd3\x86\
.\xdf]Y\xb1\xb3T\xe9B\xd4\x9c\x9f\x93i{N\
\x99#\xda\x8e|y\xa8\xd0\x22;eB\xe3\xc1\x03\x9a\
\xa4\x05\xfe\xe0\xfa\xa2\x16\xba\x97\x1f[\xba\xf1\xd0b\xf7\
\xf2[k\xbcAo\xad\x14_\x8f\x94\xf9b\xf3\xfc\x83\
\xf7\x98\x84~\xb3!\xe8\x04\xb5!\x5c\xba\xd0\xcc\x1cL\
Z\xd0c\x5cz\xe4-\x91\xf1kh\x13\x8d\xb9\xb9C\
j\x8cI\x1e*%-\x0c\x95\x16\xf4\xad \x00q3\
\xd3\xd0\xe6\xa9\xff\x05\x00q\x92\xd5\x18\x93\x8e\x05\x7f\xa5\
g\xfe\xc6>\x9cs\xa39q\xb7\x89\xe7\xdc\xb8K\xe7\
\xccj\x8c\xc9t\xd2\x8a\xf6\xec\xf7\x91\x88\x88\xf2\x7f\x0d\
\x10\x91\xe4QX\xd2\xda(l\xe1\xb3\xc4\x09\xfbk\x14\
V VX\xb7\xd4\xa2\xd3\xe6\xfbaa\x16v\xf1R\
\xbb\x02/\x1e\x88>\x19\xc3\xf19\xb5\xd0\xd5\x8c+\xb7\
\xd0)\x9e\x85\xa5,l\x8e\xdf.\xf6\x1f\xdf\x87d\xa7\
\x97WE~\x7f\x17I\x1d)\xc5VV)s++\
\x95;<\xac(\xea\x84u\xd4PQ\xdc\x22T\x94\x14\
\xeb\x93\xa5\xec\xe8\x93\xcdm\xaa\xc7\xf7\xe0\xcd\x03\xb0\x98\
\xbf\x11\xef)\x03\xce\xae\x9b\xebV!p\x87\x03w\xcc\
\x1du\x06\x1b3\x92`n\xbdQ)\xcbB\xb9\xea\x17\
\xb9\x0dM\xb1dV*\x9a\xb2\x81\xed\xb9\x19\xfa\x0b\xd8\
\x9e\x7f\x9d\xf9\x8b\xd0\x9e\xba\x9b\x87\xa0\xf9xm\xbd_\
U\xc8\xd7W\xafG\xb6t\xed2tt2\xc05\xc5\
\x1d\x7f*iM_\xf4\x8b\xf4~\xfd\x9f\xc6\x1b\xf2\x03\
\xb6[\xea\xca\x0f\xd8\x147\xa2\xa9\x94\x05\x19\xaa\xfb\x83\
\xd9\xc7\xc0%\xd5\x0a\x16U\xe2EOV\x81L\x9a\xe2\
>4e\xa1\x0f\xdd\xf8\xae\xa2E\xf2\xab\xb6j'\xf6\
\xeb\x18\x05\xccM]\xcaBS73\xef\xed\xeeA\xb3\
1\x9c\xd6\x8d\xa4\x85\x95\xc8\xbf!\xc5]]\xca\x86\x9b\
\xb1\xb6}Q\xaf*it>\xb4}\x095\x0a&\xc0\
\xf6\x05v\x14)n\x90R\xe6\x0dR\xff\xd9\xb6\xba\x19\
\x83\xcf\xeb\xfe\xeam R5d\xbfj`\xbc\x88\x81\
\x1e+A\xda\xe0\xe6(e\xa19Z\xdf\xf1\xf6g\xa1\
\xd3\x08!\xaeMj4\xda\x84Ps\xb87rl\xed\
\x09\xaf{\xbb\xa3^\xdc\x9a\xa1\x82/\xeeJ\x05\xc2\x8e\
p\xd8\xe6\x14\xd8\x17\xab\xeaR\x80\x94y+,&#\
\x84\xcc[m\x102wx\x7f\xe5X\xd9_\xa9\xea\xed\
\x7f=\xf3\xb7@\xb4Z\xef\xdc\xd4SV\x9c\xc8\xb8\x1d\
\xb8\x1f\xbc\x08r\xcc\x17ACv\x8a\xbf:\xdb\xbf \
vJ\xabPk\x83Y\x8d\xdbjC\xccI\x8e\xd9\xbc\
x\xf7\xfeT\x7f_c\x01\x05\x8fR]T\xdc\xa6J\
\x1c\xb2?i\xc5\x05\x7fR\x87\x9bP'b\xa9\xac\x10\
\x00zXVF\xc0\x9f\xf30\x16uXS\xc11\xd7\
TP\x7f\x99\xedH\xdc\xff\xa5\x1d\x89Kv$\x0ew\
\xd1N\xd4\x06lM=\xadH\xf3f(\xb97J\xf2\
\xa6\x08\xbbM\x87\xdbh\xc7\x02\x06\xf3r\xd1\x9b=\x10\
\xfd\xe6\x0b\xe51\xf4\xd2\x1c\x1f\x93\x9fT\x0e\x93\xd0\x1d\
s\x12\xba?\xf7dp\xff\x02\x01k\xda\xdfq\x94`\
.\xde\xe6\x04\xdf\x8b\x84%\x81\xed`\xe7X%\xe8\x11\
\xe6):A\xcb\xde)\x1d\x08\x9aO:a\xebu\xb5\
\xb7\xacJ!\x06=V\x08k\xa1\x18\xf5\x98\xfcLq\
\x98\x88\xe7\x98\x13\xf1\x82\x93\xcf\xda\xdfX\xbe\x1f\xddr\
h\xd5M\xb7\xa3K\x12\x81\x0e/\xad\x1c\xf3\xa5U\xf0\
~\xa9\xbfx\x14\xcc\x9f\x09\x0e5\xd5L\xb9!\xd5\x92\
\x22\xe8\x5c:\xfctu\xcc\x9f\xae!\x03H\x1b<~\
\xfbA\x0c\xa0\x10\xe5*js\xaa\xbf\x80\xc7\xcb\xf7\xd8\
\xd6\xba\xaa\x7f\xffbT\x1bZ+\x0cU\xeb\xc4\x8b\x5c\
\x83\xac\xcc\xfb*\xc7\x02\x7f\xf0\xf9\xd5\xe0\xedKU\xbc\
\x83\xde\xae\x10vF\xb3$\xcaa\xf9\x06\xfen\xb7\x08\
\xef\x14'\x85\xe3E\xfd\x93\xf1\x90\x7fS\x97\xed\x8b\xfd\
\xfe\x9c\x94\xeb\xb4\xa3\xa6\x8a\xb9\xda\xaca\xe2\xa8W!\
q\xf0|\xc3\xb1\xb0h\xfb\xf2\xd6W\xb5{\xe5\x9b\xb7\
\xf1A\xb4\xc7\xd0\x9b6\x84\xcat\x1b\x00\x95qx\xc6\
\xe1X\x98q|\xdb\xd0\x87M\xfb\x89Bx\xd6#\xf7\
\x13u\x98\x198\x0egi\xc78K\xf7//Xg\
\xa1Z\x1e\x0a\x86 \x09\x99\x84\x16\x1c\x87\x9f+N\xc4\
\x16\xec\xf5\xbb\xff\xf5x\x84/P\x0d\x86v\x94\xfb\x1c\
\xfe\x18\x9d\xa8\x0d\x93\x8c\xdd\x8f\xc1\xd7KQ\xe8K\xd5\
\x96\xa1\xf2,\x81\x1a\xdd\x06\x0cg\x1c\xde\xc7:\xe6\xfb\
X\xffhG\x9d\xf1(sM\x0d\x0f$\xa9=\x176\
\x85\x0e\x0f\xef\x1c\xc7\x22hmfa\xf4Tw\x9c\xca\
L\x17\x06\x07L\xeau\xccI\xbd\xd7\xbd\x17\xfe\xfa\xce\
`\xe5\xc5\xe0\xd9\xe5\xed\xddwF\x0f\x96\xc63\x13\xa0\
\xd6\xdfi\x8f\xc3\x1b\x80\x87w\x8e\x95\xed\xa6\xc6\xcc\xc8\
2\x81\xc33.\x94G\xe8\x04v\xc7A'\xd0\xe1\x09\
\x9ec>\xc1\x1b\xb6\xa6\xa0\xb8\x1d\xb6\xa6,\xb9\xdd\xad\
\x80\xe4v\x9aGx\xe9;\x16\xbc\xd3\xd7\xfc\xd53\x98\
\x85\xd5\xd4\x836s\xb3{\x93\x87a\xb5\x22\x0c\xc3\xd2\
<\xc1K[\xb0\x9d[=S\xd5\x1c\xaab\xf1WE\
\x1cU\x16\x8b](\x8bi\x9e\xe2\xa5-L\xf1z\x7f\
\xf6\xaf\x9eH;\xfbP\xdb\xbcY\x83}}\xa5#\xa7\
\xbc4\xcf\xc2\xd2\xe6\xb3\xb0a\xf3AO\xad\x9b\xe6c\
\xc4k\x8b\xb8ci\x1e\x87\xa5-\xf8F\x85\xa4iH\
\x1eC\xa7i\xce\x1c\xed\x0ad\x8e4c\x8b\xd3\x11\x1b\
\xd8\xb5\xe1\xab\xcb_\xdcca\x0eU\xcf\xc7\x00\xcf\xd1\
q\xc7\xe4\xb0\xd9\xec*mnv\xa5.H0?\x87\
\xa6\xa0\x85\xechK\xd0,%\x0f\x9e\x86\xa5-\xe8\x8c\
\xce\xeez\xb34\xfe\xff5\xc0\x1b\x95\xf4\x8a.\xc6\xcd\
w\xc4\x5co\xd4{2\xdf\xdf{\x00qkNdy\
D\xcc\x95:\xc5\xccP\xee\xb4\x05\xe9\xce\xc3\xd3\xfe\xe5\
|\xff\xfb\x8cw\xfa\xbb\x00\xbc\xd3g\xad\xa2\xd6OF\
)\xe8\x8e\x9b\xabC\xd0|\xd0\xe6\x02U\xdey\xaf\xbf\
\x7f\xc9\x82kZ\xdcb\x84\xde\x1af\xbd8\x07\x1d\xb7\
\x84~\xf5f{\xea\x83\xc4\xf6T]\x90,\xf4\xa69\
\x99\x00\x97N\xe0\xebE\xffd,\xde\xb9\xe4\xbd|\xaf\
\xf7\x00K\xb7\x81\xc6\xf5\xe6X\xa1V\x0b\x85\xc0\xa4Q\
\xfaX\xad\x08\x11sI\xb4cot\xb2\x0d/\x17\xad\
\x0c\x10\xda\x94\xc0\xcb%O8\xff4\xcfy\xd36\xec\
\x8d\x96\x07O\x7f2\x85l\x1c\xf7\xca\x15\xc2\x9f\xa7\xd9\
!(m\xee\x104\xf4c\xc2\x15\xc0\x8d\x1f\xd3\x88%\
\xc0$}\x82<\xe6M'\x13\x96xoG\x17\xc1\xab\
\x15\xfc\x04'\xcb\x1d\xf8\x02'\xa1\xf1\xe0\x81o\xda|\
\xe0\x1b,~\x0d\x96\x96\xc1\x8cIc\xed\xf4n\x08\xdd\
\x98\xaaU\x98R\xa7y\xe0\x9b\xb6 \xc4\xb0\xbf=x\
\xfa\xc6{<#I'e\x87\xb3%\xf5\x1f(\x9d\x94\
-e\xbb\x106\xa7\xe8d\xda\x8e\xa1)<\x0f\x87\x86\
\xa6\xfc>tk\xf4>d\xc5\xb8\xb4\xb9b\xdcp\xd8\
\xab_\x89_G\x0c{U\xe4\xb0\xd9\xaaS;\xedp\
\xd4N\xc2\x1a\x03u\x94\xbd\x91[@{#\x00;\xa6\
y\xc0\x94\xb65`\xc2\xd7\xd6?\xc7\x8fd:MI\
\x8f\xc7Ki\x1b\x9aq\xear\xe8g\xad\xa8\xccW\x1b\
N\x1fY\x9a\xaf\x06T\xa1t\x9a\xdf-\xe9\x88\x05\xfd\
$o\xe5\x89j:\xa4\xfb\x91\xcf4\xf4\xee%\x03\xb7\
#\xdf(\xc2\xedHs\xab\x94\x8e\xda(\xe2/fp\
dZ\xeb0\xb5\xa2\xd2\xa1\xb6\x83EF\xd26DF\
\xbe\xa8\xa0\xbd\x99?\xbd%\xa0V\xe8\xab\xa1q\x1e\xe2\
\xe3\xb0\x02\xcaZi\xe6\x83\xa4m\xf0A\x0e\xb5\x14\x98\
|\xcc!p~\x04\x8f\xb3X\xc5\x83Nq\xcc\xe6n\
\xc8'\xdf\x06\xeb\xc7\x88\xff\xd1\x0d\xc7(\xf9\xc3\x0e\xe6\
\x0d\xcevi[z\x0c#\xb2]{\xe4&\xbf\x8dQ\
s\x09\xb7 \xda\x18\xbe\xaf\xe0\x0d>|]\x8dx\x84\
\xe7`\xe0\x11\xbb\x833\xde\xf0'\xe3\xa1cO\xeb5\
^\xdc~bM\x15\xb4V#\x08\x83M\xc9\xc2`*\
\xa2\x08\x07k\x9e\x9a\xdf\xbd\xf3z?t!\xdc\xb8\xdd\
\xdbe&\xc627\xa0R!\xe0\xccX\xa9\x02\x11G\
9bs\xba\xcd\xfe\x92\xbf\xfe\x98\x1cUB\x94\xff\x8d\
\x0e\x83l\xaa\x92\x93MUThq\x8e:n\x5cO\
~.\x0e.7\xc8\x06\xed\xa6\xf1'\x1f4\xc0\xfb\xab\
\xb8\x12\x1cr\xc2\x02\xde\xdf_=\x1b\x81\xf7\xd7\x93\x7f\
B\xfc\x171\xe4$\x87l\x5cN\xb4T\xea\xfa\x22\xaf\
\xc1\xf5\xe7\xc7kpx}\xab\xc0R\x1c\xb3\xb9b\xdc\
\xeb\x9e\xbfq\x00\xc7\x5cw\x9b\xb5!\xb5\xa2\x22\xdb\xf3\
\xe21;\x1c\xb2\x05\x1a\x96\xb7\xbau}z2X\xfb\
 0\xb1\xda\x9a46.\x1e\xb1\xfa\xb1J)9\xcd\
\x01\xdbp\xba\x0d\xe6\xe9*g\x0b\xe5\x061W\xb2\x0d\
:\xe0\x08\x97\x90\x88\x05\xa4\xffl\xb0\xb9\x09\xf7\xb8\x95\
\x19\xca\xfd\xd2=n\xd5\xe9\x1eG\xb8\x92X\xb0M|\
27X9\x07E\x1f\xf5\xf8\x0b\x95\xceI\xcf\xc7\xcd\
\xcbz>*0\xae%\xe6\x9a\xbf\xde\xdc\xa6\xf7p\x13\
\xda\xcf!\x07\xb2\xca\xf3\xc5\x1c\xf4\x9f*\xb2\x18\x07\x1d\
\xb3\x810\xd8\xd8\x87\xcb\xd1\xc9\xdc\xc5\xf1b\xe7.^\
\x0c.}\x11\xe3\xd2\xe7}\x98\x1e|^\xef\xbf\xbe\xe7\
\xcd\xde\xfe\xf8Z\x85\xb2&\x065\x0b\x00\xe1n\x95\xda\
\xf4\x01r\xed3\x97\xa7\xf2~\xae\xf7\xf7))\x87\xdd\
r\x93\xac\x1e\xdd6\xa6\x0c.}\x11+\xd6$\xaa3\
\x12d\xa05\xf3#\xb4@\x13A\xa4.]a\xaey\
V\x08\xc8\xfd\xd7\xaf\xfb\xfb\x97\xfd} \x9a\x0e\x1d(\
\xe4\x13\xee\xbau:a\xaez\x11\x1b\x1a\x11zO%\
'\x0b\x95+\xea#@T*b:g\xae{V\xf6\
\xdc\xfa\x0eonx3\xe0s5VP-F\x09\x06\
\xb7\xdd\xb1zI\x8e:\xca\xd5/j\x0e9\x9f;\xe2\
\x04\x97)s\x82\xcb`\x82\x8br\xe53_\xcb\xffM\
\xf5C\x0b\x8b\x83\xb3\xa5[\xc1\xfe\xad\xdeP\x17\xe3\xae\
\x5c\xf3\xf4\x8fw!\x5c.z\x16LaW\x0f\x07\xf7\
^\xa8VY\xca\x14\x8d\xd0BE\xc6j\xc8\x96K*\
$\xaev\xd1\x98\x85\xea\xe1\x9dnS+T(\xe7Q\
\xcd\xa9\x95\xc7\xdb\xc0\xa5\xc3\x9ci\xa5)\xc7G\x9f\xe8\
\xa5\x97q\xd5\xa3\x1a\x9ey.\x15\x8e(\x17\x0e\x0b\x16\
m;\xc7:\xe4\xfb[\xa2\xae\x82[\xceg\xc2n\x13\
\xd4\x15\xf22/L\x05\xc6\xf5#j\x83;\x1f\xbc\xbf\
\xf4\x96\x8f\xa5\xd5\x8e\xe6\xcek\x9d_Y\x02z\xd2\x95\
e\x89UX\x5c<\xccQ0\xfdo\x9b\xc1\xfb%o\
\xf7\xa3@c+\x17\x9b\x0d\xf9\x93\xab\x17\xa1jD\xb9\
jX@\xbe\xec~\x1c\x9c\xcd\x90{\x87\x8a\xb4\x80\xd6\
\x1d\x05\xfa\xe4b\x5c0\xcc\xcd\xef\xbc\x99\x0f\xc1\x97e\
r\x19\x0c\x1f\x1eX3&\xbb\x182\xd7\x0cs_`\
o\x7f\xde\xfb\xf2\x02\xb2D\xa6VlB\x92\xc8\xe0`\
%\xc65#f\xfeP\xba\xfc\xa1\xca\x06%\xb5\x02\x1b\
\x9f\xe7\xb1\x1b\x8eq\xd50\x07B]\x9f\xce\x07\xe7'\
p#\xea\x99Z\x8bE\x00\xeb-\xbc\x10\x5c6b\xe6\
e\xe3\xf44x\xb0\xa3\xfd\x80\xdf\x1d\x92q@s\xb2\
,#\xb7r\xf5\xc9:\xc4\xcc\xa5\xc3\x5c\x83\xd3{\xff\
\xbb\xee$\xe4S\x9ej6F\x98\xfcL5\xf0\x94\xb9\
p\xc4\xcc\x0b\xc7\xec\xc1\xf5\xcf5\x88x,S\xbe\xd9\
\xfb\xca1\x8fq\xaa\xe0\xd2\x11\xb3\xf1\xee\x08>?\x82\
\x98UY\xae\xe2Uv\xab\x180\xd7\x0fs@\x9f\x7f\
\xbc\xe9]\xee\x07\x17\xcb\xc1\xf9\x96\x04\x17W\x1f_+\
\xa4\xacIz\xe5\xc5V\x0b\xda\xcc8\x97\x90\xf8\x1d\x1b\
\xcf\xe7\xed'\xfe\xabY\xa9)\xee6'\xb2eQ]\
\xbd\xdd\xcdB\xb0\x5c<\xe2\x11\x0b\x04s\xff\xde\xb6\xca\
\xc9\x12\xc1\xbc^\xce\x8b\xe2\x95\xf5<D\xcau#n\
C\x1b\xad\xff\xc7<\xcdQ\x9a\x99\xf1\x0c\x89\x1c\xb9\xe3\
T8\xe2\x5c8\xe26li\xbd\x1f/\x073O\xbd\
\xfd\xef\xb2\xb8\x83\xf6\xd4\xaa\x94\xd5\x1f\xa9\x1f.u+\
\x145\x17\x8f\xb8\x15\xc6\xf3\xe5\xa5\x9e\xc0\xce.\x0b\xa4\
g\xf5\xea\xd0\xf35\xe9k\xcb\xbb\x14/\xa7\xb4\xb8\x0d\
\x9a\xa5\x7f\xb438_\xf4\xd7\x17% {\xc8I\xab\
\x96\xc7A|\xaeBK\x848\xa75+\x90\xdf\xe0\xcb\
\xaa\xff\xf1u\xff>\xc8\xa8\xe7\x0a\x9a:\xacy\xcf\xa2\
\xebE\x8eF\x99\x09\xcel\x09\xf3i\x8a\xfa\xf8^\xae\
\x81f\xfdX\xa1Zf\xbd\xfa\xb1\xaaL\xc2Uaq\
zK\x98\xfb\xc9\xabo\xf0\xe8Hed\xff\xffg\xed\
\xcd\x96\xd3\xe6\xd2\xfe\xd1\xfb\xe9\xa3H2\xd3i\xd7\xbe\
\x83\xee\x83}*\x10 \x81\x00\x1bP\x838\x8a\xe3\x97\
x\x9e\x12'\x1e\xb0\xe3$\x1e2\x1b;\xb6c\x1b\xdb\
p3h\xe0.\xf6Z\xc2\xe9]\xbb\xf2\xfc\xd8\xff\xb7\
\xd7\xaaJ\xd7w\xe0\xf7\xabzJ\xb5x\xc6\xdfp\xb0\
A\xc8Vr\x08\x1c\xd7\x0c\xa2!\x92\xb5f\x06\x84\x8c\
\xf3\x9c8\xb2\xda[\xefz7\x07 \xcf=i:\x80\
DW\xcc\xa0D\x17\xc3\x89.\xa6\xc9\xd1\xfd\x08\xe6\xe7\
\xa8g\xf1\xa4\xfbQ\x05\xef\x22cT\xd1\xbb\xc0YN\
\xdc&\xce[\x1f\xeb\x1b\x91\xef\xa2\xaes\x01H\xf8.\
\xea&|\x17\xb8\xdf\x14\x17*\x09\xae\xbe\x05\xf3oF\
G\x87\x1e!o\xd4\xe2P!\xd6\xd0O\xd3j\x8an\
\x0dl\x07c85\x8b\xa3\xd7\xfd\xf3[\xce|\x01\xd7\
\xa5\x08E\x06\xefK\x05\xd4n\xc6p^\x8e\x89\xaf+\
\x9e\xafzK\xef\xfd\xabY\xea\xb2\xcbrq\x81\x14\x8f\
J\xa3B\x1d\xc7\xc9X\x5cM\x85\xc3d\x8f\x9e\x83\x1b\
\xc2\x93\xca;<\x22\xe4\x0b\xe8\x88\x10\xc7\xe98\xaeH\
\x80B\xfa\xd77\x80D\xc99\xef\x80C\x89.Kq\
\x9c\x88\xe3\xe2\xb8\xcd\xde){\x0c\xe1R\xd7#4\xd0\
X\xb7\xc9>0\xcc\x11\xa5\x02\xca\x11q\x9c\x89\xc5\xe9\
\x17\xc1i\xdf\xdf\xef\x80\x02mf\x1b\xfa\x04kF\xb3\
\x81*t\x1cgbq\xea\x85w6\x08\x07\xb3\xe1\xec\
V\xd0!\xbc\xd8\x9d\xb1z\xa9\x0e]\x89k36X\
W\xc4\xf1\xbaB\x9c|1:\xbc\xe4\x0a0/>{\
?v\x08\x87\xf0r\x8e\x9b\x07:\x19\x87\xd6\xa5\xcf\xa0\
\xb7\x81\xeb\x87\xb8o\xa7\xbf\xd2\xe5#\x14\x9d\x8d9\xcc\
{\x82\xf8\x7f\xcbD\xe98\x8e\x0b\x88\x04\xb6\xc8\xea\x1e\
\xcb\x15,\xc5\xb1\x0e\xe3\xcf\x8c\x5c\xa9G%$\x03^\
F\xba^@\x9f\x19\x97\x10)T\x11\xbey\x03\xa7]\
\xdd\x9a\xc1 \x10s\x06%\xe5\x04.$\x09\x19\x08!\
\x7f\x8d\xbb\x12\x8f\x9e\xbf\xa7\x10B\xc5\xc8\xcb\xdcj\x91\
\x93H\xa3\xd8\x02\x18\xc8\x04.$\x09\xf1\xb5\xc5\xe2\x97\
a\xef\x13\x90\xa3o8|\xc99A\x90\xbe\x911\x01\
D(\x81\x0b\x8a\xb8\xfc\x92w\xfc\xc5{\xb5\x12\x1c\xcd\
\x92Mgtj\xcaX\xa8\xe7D9#\x81\xebIB\
|\x85\xf1\xf8%<\xf8\x05\x0cR3\x5cs)\x8b\xfc\
Q3F\x0d\x1c\xc7\x12\xb8\x9c\x88\xb3\x9e\x82\xb9\x1f\xde\
\xe7Y\xb4G\xceNX\xd6W\xe1\xb2>\x81+IB\
\x82\xf5\xf3\x86?\xf7\x1e\xa0\xa6\xed\xac\xe9X\x084m\
\x9b\x084\x9d\xc0uD\x82\xd8\xf8\xab\x95\xd1\x8b\xd3`\
\xeb\x90\xfd\x06\x89\x1e#\x1d\x9d\x17\xb2\xdch\x9bJq\
\xe9\x1a\x80\xa6'p!\x91\xa0\xc5uq\xc8\xcd\x9f\xfb\
g@\xb2\x88\xab\xd9\x92\xd8c\x13E\x8bK\x88\xb8\x85\
\xb2\xb7\x7f\x14\xf6\xfb\xe0\x0bG\xdf\xf6\xe9\x90N~\xe2\
\x9a\x81>q\x12W\x91\xa4\x8c\xadw\xf0\xf6e0\xfb\
-x\xf1\x9d\xd6\xee\x88>t\xa5\xe0\x90\xda\x1dhw\
\x98\xc4U$)\x83L6\xbcE\xfe\xcfF\xe4\xb6\x81\
\xd2\x9b\x91C\xe9-\x89K\x88\xb8h\x18w\xac\x9e\xff\
\x8a\xd1\xc7-\xb4\x03O\xb7\xd0j(\x89\x0bHR\xbc\
\x80,n\xfa\x1fN \xf0\x9f\x8f\x22\x10\xc4R\x98\x81\
!\xe3\x0a\x92\x94\x00\xba\xf9\xc2\xdaM\xf6\x95)A\x17\
^\xa5\xa3\x86\xb3\x85\xf4\x5c\xea\x99V\x11D\x8d\xcb\x88\
\x04\x9f\xac\xf6\x02\xcb\x19P\x82^/\x1b\xb0\xb9oB\
pS\x12\xd7\x91\xa4\xf8>kk\xc7?X\x0bW\xbb\
\xd4\x8f/\xcf\xa7>W\xaf\x90\xbf\xbd\xbc\xed\xa2\xdf\x1e\
.\x22\x12< \x223\x85\xe0g\x9f}hh\xa6\xc0\
s3m\xa5\x00nfI\x5cI$\xb8z\xfd8\x0a\
\x8f\xdex7'\xc0\xc1<r&\x80f\xadn\x1e|\
\xe6\x14.$\xe2\xb4d\xefl\x1d\x13\x16\xcc\xcaSw\
\x01\xef\xd4\x90\xb1\x90\xc2\x95D\x9c\x96<|\xd8\x1em\
~\x83\xc3\xf5\x98\x13\x09\xa7\xeb&\x8c\x19\xd7\x92\x94\x0c\
 \x8e\xb7\xd4\x19>^\x12(\x1cNU\xd0I\xfe\x18\
H\xc9)\x5cER\x9a\x04\xa9;\xbe\xad\xdf?\x0c\xaf\
>QRw\xac\x7f\x9b\xb1L\x12\x03P6g\x00\xaa\
0\x85\x8b\x888\x83:\xfc\xb5\xc4K\x1f\xcd`q\x9d\
\xec\xd8\x82\x13QX\xdc\x02\xa2\xb0\xa4p\x0dI\xc9\xc0\
\xfd\x07\xf7\xeb^\xfb\x16h\xaf\xe5\x91\xc7\x14\xcam)\
\x5c?\xc4\xb9\xd3\xac\xa7\xe7\x22D\xabka\xff\x9cn\
\xebk\x0e{\x18\xbcZ\x93ZO&\x18\xa8S\xb8\x86\
\x88s\xa7\xfd\xa3\xb3`\xf1\x0e\x81\xc9\xb2\xe5:\xc4C\
\xd6 \xca)\x85+HJ\x86\xd4u\xb0\xfb\xe8]\x5c\
\xd0@\xb2\xb4n\xf1\x1b*\xc9\x98\xa6\xf7\xb2\x0a&L\
+\x12D1o\x0e\x86\xf7_\xc1\xf7\x8dN\xa7.\x5c\
\x00d\x80\x15\x0f\x8bK\xc1!\x8b+\xf1]\xccs\x7f\
\xf2\xed_\xc3\xfb#\x02\xd7\xc2\x13q\x04\x9d&w\xf6\
\x05\x00\xc5Q0oZ\x11\xe7M\x07\xbb\x1c \x82l\
du\xcb\xcc\xfe]\x17Y\x16\x95\x86\x03\x16\xbfP\x7f\
\xfe\xea\xf5\xb6\xbd\xc7\x8b\xf0\xd3Kbg1\xcel\xae\
\x15\x8d{$\xa5\xd0E\x8f9\x86\xa3\x16/\x22K|\
\xbd\x09\x86\xa7'\xc7z0;5\xcb`vR0i\
Z\x11'M\xfb\xb3\xafF\xaf\x7f!\x8cV6\x12\xb3\
@ -\x17F\x9c\xc0\x11K\xa0\x8f-=m\xec\x09\
m\xe8\xdf\xde\x8a3\xd64\xb9\x1e\xaa\x993\xd3 \xe6\
$\x8eY\xbc\x88\xfc:\xe5\x10\xad\x95\xfb\xe0\xed6\x81\
\x95-s\xcf \x9b\x06\x0eU\x0d\xd7\x06\x11\xa7p\xc4\
\xe2\xf2\xca'\xefF_\xce\xfd\xfd\x1e\xa5\xda\xc3\xfb\xf9\
\x8c\xc9\xf2\x1ch/j\x19\xd0_(\x988\xad\xc8 \
N\xefs\xb1\xe2\x83\x0d\xff\xed.\xa9\x17\x18\x09,\xeb\
\xe8K\x1b\xb9\x0c\xf8\xd2\x98:\xadH\xa0N\xf7n\xbc\
\xf3\x07\xf0\xa5\xb9\x04G\x19\x7f\xe8b\x19~h\x5cM\
\x14\x19\xc0\xce`\xb0\x85A\xc9\x11\x10\x0e\xce{hv\
R0qZQ$\xe8\x1cn\xe2\xd4\x5c\x98\x98\x9a\x0b\
05c\x1a\xb2\x22NC\xe6Yn\xe7\x10}e\xdd\
jZ\xff\xd3G\xc6\xd5D\x9c\x87\x1c\xf4>\x86\xfb\xf7\
\xe1\xfekr\x0d\xc0\x85$\xeb4\xaa\xd3\x9c\xa9\x83p\
q)\x91\xc1D\x9e\xe7\xe8\xc8\xc5/\xfe\xf5,uG\
\xb5\xadr\xc3\xb1-j\xff\xdd\xb0\x1b(Y\xe0B\x22\
\xc3~\xee\x22\x1c\xa0UK\xfeI\xe6\x0b\xbc\x89|\x01\
\xbe\x09\x5cI\x94\x94\x1c\xb8o\xb8zD\xd1\xd3\x7f\xc3\
}\xab\x90\xa3\xde*T\xc1\xd3\xc04dE\x9c\x86\x1c\
\xbe\xe8\xb2\xb1\xcf{\xf1\xdd[yK`:\xd9\xd8\x97\
q\x80\xe9t\xb1\x9e1A\xc4\xb8\x8e\x88\x13\x91\xb9\x13\
\xf9\xe1\x9d\xb7\xf4\xd9[\xeaPI\x995DF\xc4\xef\
\xa5~~\xd3\x06x\xcd\x98\x8c\xac\x88\x93\x91\xd9H\xe2\
uW\xc6Z\x8cD\xf3\x99s~+1\x92\xee\xe9\xad\
<\x08\x19\x97\x11qFr0x\xef\xf5\x11=\x9d=\
\x89\x09\xe7\xea\x0c:W+\xea\x14\x8exJ\xc6%\x95\
\x1bO\x90\xc0\xd9\xe8\xc7W\x9e\x00\xa9.\x94\x01,N\
\xc1<jE\x95A\x88\x1b\x1d\xbc\x02\xd5:\xdac\xcc\
`a\xa4\x0c:C)\x98K\xad\xa82\xac\xc8\xd9'\
\x0e\x97^P\x1b\xc41E\x80C\x10\xb3`\x85\xd8\xca\
\x14\xca j\x5c\x03\xc5\xd9\xd4\xfe\xce\x8f\xf0\xc3*{\
\x1e\xe1j\x97\x14\x9du\xa3\xd7\xe1\xd2\xac\x06\xb7\xe9\x82\
\x98q\x15T\xa5\x88q\x5c\xdd\x82\xba\x1d\x11\x8b*\xa8\
n\x9b%T\xb71\xabZQ%\xf8M\x9f\x8c\x8e\xd6\
@r\xce\x98Ndf\x0a\xd3s&\x87\xd23fV\
+\x9a\x04-\xc3M\xae+\xfa\xe5;\xb1\x0f/\x8f\x9d\
\x81\xa8\xfa\xe7\xd2\xd6K,\x22\x5c\xfe4E\xd2Z\xe0\
\xe7W\xca\x9c\xeb\xf7Z\xc0t\x807W\xcd4A5\
\xc1\xccjE\x93!4\xeb\xf5\x1f\xb1Z|\x84%\x02\
r\xf1p/\x87\x99\xca\x8a&Ghv\x15$\xe6\xe8\
M<)\xcb\xd0\xe2=\x08\xd3\xa0`\xaa\xb2\x22\x81\xaa\
|\xfc%\xe8\x9c\xf9woIt@\xc91\xa9LQ\
/\x81.\x0es\x94\x15q\x8e\xb2?\xfb\xca;\xdf\x03\
Ed\xac\x8b\x14\x91\xccP\x151k\xa8\x8a`\x9a\xb2\
\x22\xc1H\xf8\xfaf4\xbf\xee\xbf9\xf7W\xcf\xa8Y\
\xd5\xb6\xc6\x1cv\x12Kd\xda5\xf4*pN\x96`\
=\xd2\xbb\xf1\xe7\xdeC:x\xe4\x97\x02\xd9\xe0\xf0\xd7\
\x87\xe9|JL\x0a\xf0w\x7f;8\x9a\xf5>l\x92\
\x03+_pY5z`\xcd\x80\x8d8\xa6\xf3)\x12\
\xe8|/N\xbd\xc3\x1e\x82?EO\x19\xe1\x9f\x90\xbc\
\xa5\x82\xa9qJL\x93SG\xbc{\x1e3\xac#\xbc\
m.f\xc9:R(\x82\xa0qV\x16'\xc7\xb1\xf6\
m\xd8\xdb\xf3\x1ez\xd4\xd1\xc1\xd59%\x83\x94\x84w\
g@\xb08\x1b\xc7$\x00\x9f\xee\xbd\xf6\xdc\xe8\xe4\x8c\
\xa2\xc5E\xfa\xd9\xd1\xd1\xafL3\xe3\x5c\xd7\x05\x1b|\
\xcc\x8cS\xc4\x99qa\xbb?\xea\xef\x22Y\x9c\xecX\
\xc2\x17*\xe3\xd80[\xe0\x04\x17K\xc9y\xca\xeca\
\x84\xbbw\xf0)\xbb\xba\x89Z\x22\x17\x14@L\x92S\
\xc4Ir\xfe\xc5\xfc\xe8\x03<H9\x96\x81\xe7>\xd3\
@\x19\x03S\xe4\x14q\x8a\x1c\x8b\x95c]\xd6>\xb1\
\xd7A\xac\x8a\xd8<R\x8c\xde\x06YF\x8a\xa0\xed\xc4\
<9%.\xc3\xc8v\xf4|\xcf[\xdf\xf4.\xde\x90\
F\xb6\xd1\xad\xa4E\xc3\x04\xccz\xae\x05b\xc6yY\
\x9c(\xe7\xed\x1f\xf9\xbbo\x01\xb3\xe8I\xa4\xcc\xc2\xdc\
\x22\x96\x98\xc1\x1e\x03s\xe5\x14q\xae\x1c_{\xee\x1e\
\x06k\xdd\xe1\xe0\xe0\xcf\xc3_\xa4W\xfed\x82\x97\xa6\
\xaf\x7f\x193\x0d\xc2\xc6)Z\x82SQ$)\x01\xb2\
\x1d\x97\x94@\x99.\x87\x90\xa9\x0af\xca)\x12\x98r\
\xb7\xc7\xecM\x87\x8fg\xfe\xed\x07\x82v\xc6\x1bP\xa7\
l8$\xbc\xc1\x06\x174\xcc\x93S\xc4yr\xe1\xda\
\x9a\xbf{\xc6\xb5.\x9f\x1fP\xa9y\xda\xd1-\xd2\xaa\
\xa36\xad\x836\x0es\xe4\x14q\x8e\x9c\xd7>\x0f\x0e\
/\xd9\xe4G\xb9@\xd9\x11\x91\xfdi\xf8\x03j\xa2v\
\x0d\xb0\xce\x14\xcc\x94S\x12\x12\xa0\xa9\x07\xc1\xb7e@\
\xc1Os+fH\xc1O\xdb\x80\x82\xaf`\x9e\x9c\x22\
\x81'\xf7y\xcd[G\x82Ol\x82\xb2\xdc\x0a\x94\xb3\
\xabA<\x14f\xc9)\xe2,96\x95\x0co\xcf\xb1\
`yn\x92^y\x0e\x86\x8c\xabIB\x02\xedz\xdd\
\x7f\xdb\xa5`\xe19\xa7f\x91\x80\xf0\x1c\x02nav\
\x9c\x92\x90\x00Km\x8f>\xbe\x05\x86\x17\xdc\xcd\xd3\xb5\
&\xf8]d\x5c\x03\xfd\xeap\xf9H\xc4e\xf4p\x11\
\x0b\x98\x16K\xb6\xc64`\xc4\xa9\xad\x03N\xad\x82I\
r\x8a\x04\x92\x5c\xff\xc6[\xe8\x80Jm\x8cE\x5c&\
\x14j\x03\x16jL\x93S\xc4ir\xac+\xc2cI\
\xd4\x15M\x9aKjp.\xc1l9E\x9c-\xc7o\
Q\x97\x8b\x90\xf9R\xe6\xa2\x9d\x90\xfa2\x83B\xc6\x5c\
9E\x9c+\xc7\xad\xe6\x17W\xbc\xb3_\xdeE\x9bZ\
\xd4NG;\x01r\xbbU\x98\x06b#\x0af\xca)\
\xe2L\xb9`o~\xf4\xe5;\x16_\xe3\xcb\xfb\xbf\xab\
\xbe\xa6`\xa6\x9c\x22\x81)\xb7\xb3\x88\xe5\x0e\xd8\xd7\x9d\
\xa0v\x80\x97\xe1\x98+\xa7H\xe0\xca\xdd\xf7\x82\xf7[\
\xa3\xdd\x8f\xe4]\xd5e\xff\x90I\x1c\xb8\x9aa\x9a\x9c\
\x92\x94ak\xe0\xb5\xe7\x82\xfb\x01\xb9Z~\xb2=\xb7\
\xff\x83\x16\xcb\xae\x0d\x16\xcb\x98%\xa7H`\xc9\xb1\xc9\
\xfa\xc7\x11\xb8^\xb3\x17\x11Q\xa2\xe0\xf5\xdal\xa1\xeb\
5&\xca)\xe2D9\xbe@<\xbb\xf3^\xde\x8c^\
\xf7\xa9\xf9\x9a\x0f~v\x16j\xad\x9bU\x1b\x9c\xfb0\
[N\x91\xe0\x89\xd9\xdb\x1b\xbd8\x85\xd6\x22\xe9\x09\x98\
>7\x0d\x7f\x7f\xb8\x90\x88\x93\xe5\xfe\xf1\xaf\x7f\x07\x8f\
\x9bT\x17\xf7\x8fZ=\x92\xce\xd1i\xe9\xfd\x06h\xe5\
0MNI=\x93\xf1}\x9f\xef\x05?\xfb\xd4\x85\xd2\
\xd5\xebO\xe8-p\xa1t\xeb\x05\xb0*\xc249E\
\x9c&\xe7\xefw\xbc\xf5\x1d\xa0O\xc4?q\x9a3U\
\x91BQ#\x0d\x14\x8a\x14\xcc\x93S\xc4yr\x9c\xa0\
\xd1\xdf\x9e\xb0C\xcc\xfe\xed\x0d\x22f\xcb)\xe2l9\
\xff\xd7\xa9\xbf\xff\x1dJ)\x97\xd3Y\xd8\x0fU\xe1/\
/\x85AE\xa9)\x19\xfe\xb9K\x9dI\xecI,L\
\xdc\x82]'&\xf8)\xe2\x04?\xaf\xfd=XDv\
O\xfcGW\xb6\xb0\xadk\xbe\x8c\x86\x12\xcc\xefS\xc4\
\xf9}\xc1\xabw~o\x03 \xda\xa7\x1d^\xb01\x9e\
}\xdaExv\xcc\xf2S\xc4Y~l~\x1a\xed\xbd\
\x84\x17\xbf\xca\x04\xaf\xc3\xb4\x0d\x7f~\xb8\xf0\x89S\xfc\
\xc2\xc1\xda\xe8K?\xbc\xfa0j\xbf\xa2\xa4\xc1\xb8\xa6\
\xeb\x18[\xeb\xd0\xc2\x87(h\x5c\xfb\xc4i~\xc3\xbb\
\x03\xde\x1bm\xb7\xfd\xdb[\xa2\xfd\xe4DJ\xfb?\xb4\
Qx\xc1\xb4\xe9\xfeS\xc5L?U\x825\xea\x18\xa1\
s\xb5=\xda\xbf\x85\xe7\xa8\xa6\x95&\xadF\xccf\x1a\
\x84\xac\xe0\x90\x15\x090DN\xddA\xe4D\x0e\x5cv\
`j\xceTA\x9eS1\xd5O}&C\xb3\xca\xdf\
_\x1c\xde\xf6H\xb0\x0b{\x11\xb4pN\xddm\x80`\
5\x1c\xac\xf8\x045\xf8\xe6\xb5\x97\x01\xeb\xba\xe8p\x81\
pL\xba.\x16\x01\xe9Z\xc5$?U\x9c\xe4\xe7\xcd\
\x9ex\xe7[^\xef\x86\x9c\xfa\xb2\xd5\x22\xbd\x01/d\
\x8b \xd88\x0e6.a\xa8\x0e\xd6\xbaX\xcee\x82\
6q\x01Y\x12\xa9\x98\xdf\xa7\x8a\xf3\xfb\xbc\xf3u\xff\
\xed\x9d\xb7\xf0\x8b\x02\xa46Y\xa9\xcbE:\xec\x16\x8d\
Hm\xe6Z(\xb7%q\xd0R\xe4\xaa..\xfc\xef\
\x9f\xfc\xab>\xa0\xb6\xb3lQq\xa6i\x90u\xad2\
\x0d\x82N\xe1\xa0%\x1cu\xae\xb0\x83\x07g\x17M\xf2\
\xf0h\x22v\xbb\x8a9~\xaa8\xc7\xcf\xbf<\x1f\xdd\
\x0e\xb8E\xea\xb7eR\x06\x9a\x85\x1c1wHI>\
\x80\xfdU1\xc1O\x15'\xf8\xf9\xbb\xcb\xfe\xf2k\x0c\
\xf2\xac;\x15\xb8\xd7\xc2\x1f\x19\x97\x10q~_x\xdd\
\x19>\xac\xb2\x8c\xe1\xefw)\xcb\xaa\x06k\x94k$\
h\xb2\xd6(\xd4@\xc0\xb8\x8cH \xf7\xbd\x99\xf7\xaf\
\x96\x01\xa0\x81\xaf\x888\xac\x08\x22\x1aZ.@4\xa8\
\xd8\x1aU\x15\xb7F\x0d\x16.\xbc/W\xde\xd91a\
s\x88\x99\xed\xba\x8b>0\xaey\x12\xb8\x88\xdd\xada\
\x1f\x19\xf1\xa5-,\xd1\x90v\xe1\x0b\xc6eO\x82!\
\xea\xc7S\xae\xddI\xef\xebKY\xceC\xe4Z\xdb\xf4\
\xc6\xbeT\x07\x1b{\x15\xb3\x11Uq6\xa2\xd7\x9e\xf3\
\x16\xbe\x80R\x1d\xedf\x11T\xd2Es\x93\x8a\xc9\x88\
\xaa8\x19\xd1\xdf>\xf1\xf7\x91\xa8D\xd5r\x1d(*\
Q\xc5\xaf\x02\x17<q*\x22'\x9b=^BX\x0b\
\x1f\xf3\x10\xae\x05q'U\xccBT\xd5g2\xacr\
\xaf\x0eX\x91\x1e\x0e\x80U.\xf7/\x1fkUQ\x89\
-]o\x82\xa8q\xc1\x13g\x22\xb2\xc46\xbc}\x04\
?>\xbe\xae@?<\xddF?<LCT%x\
\xa2^\xaf\xf9\xe7\x9b\xbc\xad'{\xfa\xd2X\x0a\x13\xb5\
\xf5%\x80\xf8U1\x0fQ\x15\xe7!r\xdd\x0e\xd8\xbb\
\xf1\x9b\xc8\xa4\xde\xcd\x84m\x05&\xf5\xa9\xaa\x0c\x94\xb2\
7\x7f<\xba=\xa2\x9aM\x0e\x12\x01\x96?\xcd\x5c\x09\
D\x8bK\x888\x9d/\x5c\xff\xe9\xbf\xdb\xf6\xdf?x\
\xc4\xe6;\x97e\xcf\xb8\x9c\xcff\xabT\xb2\xb0\xf3Y\
\x100\xae\x1f\xe2L\xbeQ\xe7\xabw\x89l\x1a\x9bN\
67A|\x06\x19K\xaa\x98\xc7\xa7\x8a\xf3\xf8\xfc\xdd\
\xae\xbf\xdd\x03\xe0\x16~\x0b\xf9m\x7f@\x82[\x0a\x0d\
\x00nQ1\x95O\x95`\x90zr\xc2\xc5/h\x15\
L\xbd\x12i_ \x1dL\xbd\x09.\xbf*&\xf2\xa9\
\x12,R_\xb6\xc3W\xbb\xfc\xe7G\xb8\xfc\x96\xb3V\
i|C\xa5\xe9\xec\xe5R\xd3\x041\xe3\x22\x22\xce\xe7\
\x0b\xae>zg\x07ag9\xd8%\x90-N%\xad\
W\x0c\x0e\xc6!A\x92i\x03l\x0b1\x9bO\x15g\
\xf3\x8dsE\xf8\xd8\x1d\xde\x13\xf6q,WT\x9d\xa8\
\xe9$\x0f\x0c\xd9*\xf8\x05b\xabTU\xdc*\xd5;\
\xfe\xe4\xad\xbf`y\x8e\x10S\xceD\x02\x18$\xd6\x09\
\x8c\xd1\x98y\xa8jRT~#\x962\xf5\xbb\xe3\xed\
\xfc\x98\xa5L\xfe\xee\xea\xf8w\x87K\x888\xef0\xf8\
t\x1f\x0e\xf6A\xfb\xe6Z\xbc\xa7\xc7\xcd\x9b\xeb\xa2\xe6\
\x0d\x13\x10Uq\x02\xe2\xb0\xb7\x15.]\xfao\x97\x09\
\x93\x86\xf1\xe6\x8d\xfc\xc95\xd0\x08\x8di\x87\xaa8\xed\
0\xec\xf60d\xa1\xcc\x93\x04n\x82\xca\xe8r\xaab\
\xd6\xa1\xaaI\x92C\x19\xde\xefR\x9eJ\xbf\xe5Px\
\x11\x01\xceJ\xadB\x93\xbeD\xaa\xd8\xb4Q\x157m\
\x1cm}\xe0\xaaOH\xd9\x8e\x93\x5c@k\x01\xb7\xc8\
\x98\x11\xa7\x8a3\xe2F\x0fk\xa3\xdd\xb6\xd7'\x12[\
t\xd0#mR\x0d\xa0\xa6\xa5b>\x9c*\x81\x0fw\
\xb6\xceMF\x00Z\x81\xbd\x02\x13\xc2\x15\xf0\xb7\xc5)\
\x22\x96\x90q\xfc\xef<\x06\x9b\xef\xa8\xba\xf1[\xb2\xa5\
\xeaXt\xf5h\xe5\xab\xa0|`\x02\x9f*N\xe0c\
]\xe6\xe8\xc7\x0b\xe0K\xcc{L\xd3)ccb\x03\
\xae\x8e1\x83O\x15g\xf0\xb1j\xe7\xef\xacq\x858\
\xc2\xee\x97\x15;>0\xf1\xb9\x94|\xcdn\xa9\x08\x9e\
3&\xf0\xa9\x12\x5c\xee6\x16\x82N'\xf8\xd0\xa6\xea\
\xb4\x99}\xd2\x02\xa7=\x1a\xcc\x1a\x100W1\x83O\
\x95\xc0\xe0\xfb\xb6\x1c. \x8f\x06\xdb\xe2w^\xf0\x0b\
\xb4\xe1/\x10\x13\xf8T\x09\x04\xbe\xa5\xe7~o\x03`\
Y\x0aQc\x01\xa1,\x05\x17@YTL)S\xe3\
24\x18&\x10h\xb9g\xdc\xffB\xa0U1\xadL\
\x15\xa7\x95\x8dn\x07\xac\x7f\x03\xf3\xe9o\xc4,\x9cO\
MD\xbeP1\xb5L\x15\xa7\x96\xf9\x07}o}\x13\
Q\x02\x22f'\xe4\x03\xe4\xe0g\xc6YN\x8a\x01\xdb\
\xe8\xf6\x04\x0b\x1db\xc2\x93YA\x01cV\x99\x9a\x90\
\xc1\x06\xf0n\x0f\xf0E\xcf\xc0\xaa-\x06\x0c\x18'8\
qR\x99\x7f~\xeb\x1f\x9c\x03\x14\xf5\xd8\xd75\x0bA\
\xd4.r\xc6T1\xabL\x15g\x95\xfd\xe3_\xff\xe6\
\x1e\x93\x83-\x0a\xdckG\xf3\x1e\xbd\x91\xe5\x7f\x06\x93\
\x13\xe6\x94\xa9\x12\xac\xd7\x8e\xbfx\xed9\x80e\x89\xb0\
7\xce$\x0b\x81\xba\x8b\xd0,\x98`\xa6\x8a\x13\xcc\x86\
\x0f\xdba\xff|\x92\xa0\x0f\xa7(#=\x1fd_\xad\
b~\x99\x9a\x90!Z\xed\xb5\xaf\x10)`\xbc\xcc\x9a\
@\x0ah\xc2\xf7\x8c\x8b\x898\xc1l\xf4\xfa\xd7h\x0e\
i=\xb9,i\xe04\xe7\xe2\xac\x81+\x89\x04r\x19\
7\xdbB7\x06Cw\xe1y\xcf\x80\xe7=\xcc+S\
%\xf0\xcav\xbb\xfe\xd5Ix\xd4\xf6\x8e\xe7\xc9u2\
\xfb\xdf\x98\xa0\x9c\xa6\xbd\xe3\x0a-\xb06\xc4\xdc2U\
\x9c[\x16\xa93\xde\x857]\x7f\xbfGy\xa5\xe4\xa2\
\xa9\x84\xfc\xfd\x95s\xc0\xddE\xc5\xdc25)\xc1\x00\
\xe10x\xbe7IR\xd2\x9c$)\x89\xdc\xd8UL\
/S\xc5\xe9e\x5c \xa7\x0d\xbd\xcdYO4\x89\xdf\
\x92G\x0f\x1a\xf3\xcbTq~Yx\xdd\x09\xdbH\x86\
\xa1\xa6[\xf5\x09\xc4j\xe8>\xa2&1\xa8%)\xae\
6\xfan\xdb\xbb\xbb\x04H\x1c;\x12\xf5\xc1@\x1c{\
\x1am\x1111N\x15'\xc6\x8d\xb6\xce\xf0\x16\x91?\
\xe7Ik\xc4\x02\x5c#b^\x9c*\xce\x8b\xf3\xb7O\
\x82\xce\x02\x18M\xaa\xd6DVx\x15\x0e&\x98_\xa6\
&eh\xc4\xf1\x16i\xf3\x92\x5c\x0c\xb0\xd7\xcc\xe2m\
d\xc1b\xa0\xde\x00\x8b\x01L0S%\xb8\xb1]\x9e\
\xf35\xd7~\xcf\xdb\xfdL\xa1\x0d\xab\x5cr\x86d>\
\xd5\xab\x05\x9a\xf9\xa4b\x8e\x99\x9a\x92\xe0\xe9\xc9E\x0d\
\xbc\xd5%\xaf\xfb\xf0g\xc6\xb0\x0c\xce\xe23H\xe0l\
\xcdH\x83m\x11\xe6\x97\xa9\xe2\xfc2\xd6\xe2{\x1b\x0b\
\xfe\xf9\x95\xb7\xf4\x81\xc8\x17\xdca\x99\x8b^\x90\xbe\xa9\
\xb6\x09|SU\xcc\xd6R%x\x9b\x1d\xce\xb1w\xe1\
\xb5\x97\x09lK\x9d#\xd6\xa9\xc3o\x1d\x80D0}\
HM\xc9 \xcfz\xcb\xc7\x00\xc7\x19Y\xb0\x95\x11\x90\
\xd3\x9cA@NL\x1eR%X\x84\xb1A\xf5-\xfb\
\xb6\x8b\xde\x8fSrP\x8dL\xf9\xf8\x85\xc4!W\x9e\
\xcd<\x98\xfc0\x81H\x95\xe0\x11v\xf0\xc3[_\x84\
\x0e\xf2|\x84\xd2\xb1\xdeE\x06\xed\xe30\x7fH\x15\xe7\
\x0f\x85\xcb\xebAgc\xd8{\x13\x9c\xbc#\xee\xeb\xae\
\x1e\xf9\xc7\xd5L 4\x03^\x87\x86\x19D\x9a8\x83\
\x88W\x90\xc8XpD\xa8\xf9\xb0\x0a26\x16\xac[\
d\x05)\x9bu\x10\xb2\x82C\x16o\x95W\xba\x5cY\
\x84v\xfe\xe1\xc8d#\x0b\xad\x7fZ\xc8\xfaG\xc3\x9c\
\x1cM\x02'\xa7\xbf\xcd\xed\xc2\xdb\x9f\xfc\x9d5B\x09\
%=>\x02W\x00X\xcbH\x03\xf9g\x0d\x93r4\
qR\x8e\xbf\xfd\xc3[\x9d\x07?\xc1\xa6\x13]\x1d\xe0\
O\xb0Y+\xa0\xb7\x11\xc71K\xd16\x98_\xc6\x12\
\x1d%h\xb4\x0c\x15:4L\xcd\xd1\xc4\xa99\xfe\xe2\
w\xef\xe6\xddh~\xd3\xbf\x5c$\x95;[f\x85\x0d\
\xaa\x91\x80\x0b)\x0c\x0ez\x22\x0dss4qn\x8e\
\xd7\xdb\xf2\xafg\xf1\xe2%o[x\xf3\x82\x0e\x0f\x1a\
f\xe6h\x12\xdc\xb7\xeeY?\xd4\x01Y\xa3\xc1\xb1\x87\
0i4l\x9440/GS$\xd88\xae\xf2\xe7\
L\xaf\x04X\xc4\x91+\x14X\x084\xd0B@\xc3\xbc\
\x1cM\x9c\x97\xc3\xdf\xf1\xf5\xcd\xe8\xdb\x0e\xa5\xf4\xcb\xc5\
\xd7u+\xcf\x7f\x81\xb4\xdeL\x11D\xac\xe2\x88\xc5y\
9'\x03\xaf\xcd\x1b$j\xc3\xdc\x8cL\xc2\x9eL\x06\
I\xd3\xf0f\x19\xc4\x8c\xab\x8985\xc7\xffx:6\
\x9f$i\x18\x91\xf5$E\xc1H\x9b V\x5cD\xc4\
Y.\xc1\xe9\xfa\xe8\xdd*\xe4\x07`U\xaa\x9c\x8e\xd2\
\x04f\xb9h\xe2,\x97\xb0;A\xb1%R\x16\x9d\xb4\
\xb9\xc8\xa4a\xd0\xb8\x88H\xa0\xb9D;\x00 \xc9\xf8\
\xb4\x03\x80\xa2\x8c\xf5\x06\x10e\xd40\xd3E\x93\xc0t\
a\xf3\xe9\xfaf0?G\xa9\xa0\xf0\xf94\xa7W\x81\
\x04J-W\x05E\x0fS]4q\xaaK\xd0_\xf3\
\xef\xde\x82\xa7Q\xe2\xf9\x18=\x8b\x12\xd2\xd2\xd20\xd5\
E\x93`\xb85\xf8\x1a^\x1d\x00\xa1\x19\xc3Jg-\
\xa82c \x95\x19\x0d\xd3\x5c4q\x9a\x8b\xff\xb1\x1d\
>\x9e\xf1\x88?v\xa9O\xcc%g9\x8e\x8f\x0a\xb9\
d\x1b\xa0\xe3\xc4L\x17M\x9c\xe9\x12\xfej\x87g]\
l\xabTi:\xe8\xd4\x97i\xa2\x96\x13\xf3\x5c4q\
\x9e\x0b7\x0c\x7f\xb9?z\xfd+\xfc\xb0B\x8c\xa9\xe5\
J\xe4Pk\xd2\x97\xe0Z\x19H\x98k\xd8qK\x13\
w\xdc\x0a:\x1doq\x13|\xe5\xa7I\x04\xb2\xeek\
\x05\xf8\x9dq\xe9\x93`\xb8\xb5\xba7\xda{\x09VE\
\xe9H\xb4\x05\xad\x8a\xd26Z\x06`~\x8e&\xce\xcf\
\xf1\x176\x87w\x1b\x80e\xd6\xa8\xd8Y\xc42k \
\x96\x99\x86\xe99\x9a8=\x87kj\xbf^\x04\xaf\x22\
\xe7T\xb1,N\xae\x0a\x9f\x04.z\xe2\xec\x9ca\xff\
`\xf4a\x00N\x0c\xaee8\x18\xfa\xe4\x1a\xe0\xc2\xa0\
aj\x8e\xa6J2<\x18u\xda\xc3\xfb7\x13\x0c\x0f\
hbu\xcd\x04\xccj\x0dss4\x09\xdc\x9c\xe3/\
\xfe\xd52\x18\x9c\xeac\x19I\x8ce\xa8\xbbht\xc2\
\xe4\x1cM\x029g\xb7\x1f\xf6\xfb@\xca\x8e\xf5\xf4\x86\
>A\xc9.m\x00%;\x0d\xb3s4qv\x0e\xaf\
$7\xefF\xfd]\xff\xe0\x9c\xa8$|u1\xcer\
\xa4\xafK\x0b\x1c\xda5L\xcf\xd14\x192\xd5|\x87\
\x7f\xbe\x17\xf4\xbe\x139\x83\x0d\xd5\xd1\xab\xa6\x15}r\
\xe8<\xa2i\xb8\xfai\x12\xa4\xe1\xce\xbd\xe7\xab\xc1\xd6\
a\xb0\xf8\x85\xe0MF\xe0\x8b\xa8\x08\x927\x9d\x5c\x1a\
\x06\x8d\xcb\x9f8\xb9\x88u\x9f,b\xca\x9c\xcf\x18\x07\
K\x0a\x8a\x185\xb0j\xc1\xac\x22M\x93\xc1\x17\x08\xfb\
\x8b\xfe\xbb\xfdp\xeb;\xcd\x17\xe0\xbeU\x15p\xd71\
\xf3(\xcb\xe1\xe2'\xc1\xd6\xec\x80\x1f\xcc\xa0\x0cQ\xb6\
\x88(\x0e\x85\x22\xaa}\x98X\xa4\xc9\xf03\xe3,\x9d\
\xd1\xc3\x1a\xf5$~\xb3t\x0c\x0b\xbc\x8bV\xc1@\x0f\
\x03\x97?\x09\x86f\x9d\x8e\xff\xf6\x0e\xf5\x9dV\x0e\xc3\
\xd8k\x88\xff\xabM\xe122%\xbe\x81c\xc9x\x1b\
\xe9t\xda\x91c8\xc2\xdd\xcf\xc0\x80qn\x9b\x12G\
\xb7\xec\x1cz\xfd\x9bpn\x9f\x94K2\xc6\xe4\x06r\
\xf7\x06~tS8\xa9M\x89\xf7\xf4g\x8b\xc3\xde\x1b\
\xb0i\xf9}\xdf\x03\x8b\x16\xbd\x80\x16-\x98f\xa6\x89\
\xd3\xcc\xfc\xb7\xf3\xc1\xec\x00YIdY\x17\x04wp\
\x8d\x0c\xda[`K>-\xf6L\xc6G\xbe\x9b\xa34\
\x88\xf5rY\xa7\xad$\xf4\xb2\x01\x22\xc5\xbf6q+\
>\xef\xf3,\xa7'\xd3\x04Z\xd6Bd\xab\x88>\xdb\
\xc8\x02\xfa\xac\x16\xc3\x1d[L\xbcc\x9b\xbf\x1c\x0e>\
@\x91Y\xab\x89\xbd\xee[M\xf8\x18p\xbf&n\x1e\
\xe8\xbdZ\x19}\xe8\x05\x87\x97\xfe\xcf;\x92\xfb\xe4p\
\xa7\x1cZ\x95\xd3\xac\xd5\xd0G\xc6IB\x9c(\x19\xae\
]\xf0\xcaL\xef\xddl\x0eg\x81{7\xbb\x88\xf6n\
\x98/\xa9\xc5d\x9cM\xc3\xf5\x0b0|p\xd9Sk\
\xa2\x90\xb6i\xa3\xf1\x03\x93&5q\xd2dx\xd6\x0f\
\xcf>\xf8\xcf\xef)\xbb\x80\x1a\xef(ZO\x84\x22r\
)\xd4Bo\x03g\xe3\x98\x14\x9fm6\xe6\xc1\x03\xb5\
\xa1\xff]\x1dm\x0d\xd3%\xb5\x98\x0c=\xf8\xe1\xed~\
\xb0\xfe\x9e\xa2\x8c\x18c{*\x9a0\x82\xd6\x15\x98)\
\xa9\x893%\xf9]\xec\xc5Oo\xe5-\x05vbS\
\xb4^\xe1WS\x12\xe8\x94\xd6\xcd&\x88\x18\xe77\x09\
&|,\xdc\x97\xfb`\xb6\xd3+|\x1b\x8bG;\xbd\
\x8cF;l\xc1\xa7\x89[\xf0\xf9\xe7W\xbcm;\xfb\
\x15\xf4z\xe4\xed\xa69Vx\xce\x81\x1dr\xb3\x00*\
\x09\xa6Kjq\x19\xf8^o\xbe\xc7^3\xeb\xe8\x09\
|o\xc6t\x8c\x88\xcaG\xc6\x5c\xcd\x18(f\x9c\xe2\
\xc4\xe9\x92a\xff\xdc\xff~\x04\x1a\x0c~\x8e\x9c\xa0\xd0\
\x91A\x0a\x1d\x1a&Kj\x12\xc8\x92\x87\x97,^\x00\
\x1b\xb2-\x87\x85\x0bQC6\x22\xd2j\x98-\xa9\x89\
\xb3%\x87\xf7K\xc3\xdb\xb7\xc1\xc3\x0e\x85Y\xe0\xdd\x05\
\xa0\xfd\xa2\xee\x023%5\x09\xfe{\x11&\x84\xd5j\
\x0ac1\xc6\x84\x14\x22CW\x92\xa7\x05\x94\xd54L\
\xe3\xd3$\xd0\xf8\xce\x16G/N\xfd\xa5co\xf5\x1b\
\xd1\xd3\xa7#\x1b0z\xe3\xa6\xa7M\x90\xe10\x85O\
\x13\xa7\xf0\x05l\xee\xdf\xedz\xfd3tlB\x1b\xc2\
Z\x01\x85\x8bS[B\x02\x13\x9c#\x0b\xc1]\xc1\xd0\
K\x93\xa8\x0bF\x09Uj\xcc\xdd\xd3\xc4\xb9{Q_\
\xe1o\xff\xa9\xea4n+\xc0A\xa1\x8e\xa6~\xcc\xda\
\xd3\xc4Y{\xbc\x09\xea\xedyG\xdf\xa8&\x08\x1d?\
\xf8\x9fP\xb08\x99%$\x5cl\x16\x83\xfe\x1ad8\
\x95KYH\xa5\xae\x95\xd0\x88\x87\xd9z\x9a8[\xcf\
\xdfy\xed\xf5oF\xfd]\xea$\x96\xb5\x81y\x0f\xda\
\x07b\x9a\x9e\x96\x94\xc1\xfa\x0e\xe7\xef\x11\xf01j\x87\
\xb1\xb1\x8c\xdb\x82\x9f\x17\xcf\xfcI)\xd6\xd4;\x97h\
\xe4\xe0\xd7;l\xff\xed\xa2\xa1\x03\x93\xf44q\x92\x1e\
w+\x7fq\x07T\xdf\x8c\xa7d6A\xf9\xcd0\xaa\
(l\x5c4\xc4Io\xfe\xdc\xfb\x88)\xf4\xcd\xbf\xbe\
\x22=\x92t\xce\xc5\x22\x17\x15\x06\xe0bi\x98\xf1\xa6\
\x893\xdeF_\xd7Y^C'\x04\x87u\x96\xe8\x84\
\x80\xdf\x05\xae\x19\xe2&p\xdea\x8f\xab\x17\xd2\xb3R\
\x81}\xdf2\x1e\x95\x0a\x06\x1a\x950\xddM\x13\xa7\xbb\
\xb1\xef\xcb\xf9\x0a4\xa4\xc2\x8d\xbc\xf6\x10\xa8\xc2m!\
P\x05\xe6\xbbi\xe2|7\xae\x81\xdb\xef\x83\xed\x15W\
P3t\xb8\xbe\xaa\x1bh}\x85\x19o\x9a8\xe3\x8d\
\xfbf\xcd\xee\x05s?(\x10\xafm\x15\x9cj\x16 \
x\xedB\x15 x\xb1\x9b\x9a\x96\x92a\xef\xccy\x90\
\xf4Cn\xe8\xe5\xba>\xe1\x9e\xdb\xa8\xa3\x97\x8c9z\
\x9a\x04G\xb5\xb7\xe7\xde\xf1\x97\xe0\xaf_\xd4\xbb`C\
\x07\x07V \xc4f\xb3\x8e\x10\x9b\xd8\x9fL\x13\xf7'\
\x0bz\x1f\xc7\x07<\xf2\xa6;>\xdf\x91kcP\xa6\
1\xb3P\x13g\x16\x8e\xe67\xd9\xb4\x8f\x15p2\x13\
:\x8b\x02<\xd4`\x92\x9e\x96\x92\xd1\x17\xfb?7\xd8\
hG\xf5\xc5%'\x0d\xc5dJi\x10-N\xc5\xe2\
\xf4\xbcH\xb1gq\xb4\xf5\x82\xda\xa5\xb8\x95\xb1\x9f\x8c\
M\x93\xa5\xdd\x1a\xf0\xf7\x9a\xc2\xec\xbc\xa9g2f\xfd\
\xe1\xdd2\x85\xae\x89|Z-\x1aYc\xb6\x0a V\
\x15\xc7*\x9c\xd3F\xbbo\xc2\x93\x01pO\xabE\xea\
\x15\xc8=\xad\xd6\x84_7\x8e#\x96\xa1\x9f\xe6uW\
\xa8\xb9\x83\xe7\xb2\x9c\x03&\x8fz\xce\x06\xc1&p\xb0\
\xe2Z7o\x06\xe1\xd1\x1b\xb0V\xe3\xe2\x0fy\x17{\
-\xb6\xd0^m\x0a\xd3\xc4\xa6$\xd0\xc4\xee{\xa3\xfd\
\xb7\xd0\xe2;\x12C\x86\x1e\xdf\x08R:\x85ibS\
\xe241\xffb\x9e5@\xfe\xda'\x96\x88\xa9\x1e\x9e\
7@\xc5HV\x8f\x94T(\xd2w\xb0)\xccY\x99\
\x12\xe7\xac\x0c\x07\x1f\xfc\xd5\x1b\xd0\xb1E\xeb@|p\
l\x16@\xc76\x85\xd9\x1fS\xe2\xec\x0fo}\xd9[\
\x9d\x87s\xb4\xf3$i\x09\xe6\xe8\x1a\xa8vS\x98\x9c\
0%NN\x18=\xac\xb1/\xcd\xdb\xe3\xb3.9\x95\
\xf2&\x88\xf3\xe9\x1dr&m\x02\xed\xe9)\x8c\xdf\x9d\
Re\xdc\xefx\xceX_\xa6Jt\x01\xdc\xcd\xf9\x9f\
@B\xc6\x90\xc1)\x09z\xe4;\x8b\x9c\xd9\xbd@\x0d\
w\xba\x91%\x81a\x08\x176\x85qaS\x9a\x8c%\
\x1bg\x93\xd2\x8ez5\x9e\xd8\xa0\x9d^\xcd\x06\x87\xe7\
)\x8c\xb3\x9a\x12\xc7Yy\x1b\x8b~w+X\xbc#\
\xbem\xda\xaa\x93\x94\xcc4(\x1a\x18\x8b0%\x8eE\
\x18\xde\x1d\xf8W?\xc1\xc9\xab`E\xa8bt\xf2*\
\xb4\xc0\xc9k\x0a\x1f\xf5\xa7$\x1c\xf5\x97w8\x16\x81\
\xcef\xc5h+\x81rY\x11\xe62|\xd6\x9f\x12?\
\xeb\xb3\xc9\xc8?\x18L\x10\xc8NC6\x8d\x99\x06\xbb\
\x9f)|\xbd\x9d\x12\xbf\xde\x8e\x8e\xd6\xc2\xee\x8f\xe0\xc7\
&\x09\x80v\x1d\x1a\x87\x90s\xe9\xdb\xc6\x14\xbemL\
\x89\xdf6\xbc\x9b\xcf\xfc>\xfer?X\xfcD\xec\xd5\
\xf8u\x9c\xdf\xf5Kd\xdf\xd3,\xd3b\x0fSx\x15\
8\x95\x94\xe0\xab\xb0\xe9\xff\x9c\xf3\xdf\xfe\x99\xcd\x8a\xd9\
F\xa5F=\x84b\xa3\x06\x02\xc5\xbf5q\xc9+\xef\
\xe2\xcd\xe8n\x1d\x8ak\xea\xe5i\xec\xc9\xd3\x9aFO\
\x17\xef\x00\xa7\x92\x12LA\xbfq5B\xe0\xf4\x17\xa1\
$\xa0\xd7\x1f\x92\x0f\x9e\xc2\xbb\x88\xa9\x94\x0c5\xd0\xe1\
m\x0f\xa5\x87lt\xfcD\xe9\xa1\x81\xbe1\x1e\xee\xa7\
\xc4\x87\xfb`\xb0\xe5\xdfv\xa1\x99\x02\xff\xc4\xf8\xcc\xd1\
\xcc\x83\x98cx\xba\x8f\x89O\xf7\xc1\xc9\x89\xf7j\xc5\
;{GU\xba(f\x8eo\xa4\x17\x12M\x13\x80\x0f\
bX{'&\xae\xbd\x13^|\xf5>\xcfBY\xa6\
\x0a{\x17X\x95\xa9\x01\x86\xd0\x18\x96\xb1\x89\x89\xcb\xd8\
\x8c\xe67\x83\xc3\xcb\xf0\xfa/\xbf\xb7\x01\xf0\x1d-\x8c\
\xf0h\xa1\xaf\x1c\xc7!K\x80cn\x8f\xe6\x1e\x83\xc5\
/\xd4\xc3(\xeb\x5c\xd7\xb6\xe1\x90\xcf\xa2\x8c\x0eI1\
\xbc\x9c\x88IP\xb1Y\xe9\xfa\x17\x87\x10V\x1c\xdd8\
p\x92k!'\xc8\x18\xdeN\xc4$\x18L??\xe0\
\xa20\x0b\xdbl\xda'\xb8\x1d\x91&L\xb6H\xef\x80\
j\x0d\x9b\x06\xd2\xc4\xb0\xbeJL\x91a\x03\xe9\xb7\xdf\
\x80\xef\xac[%\xa8@\xa0\xa3\xcb~\x0c\xab\x7f\xc4$\
x\xdc~\xff\xe4\xef\x9e\x01\xdd\xab\x8a3\xedLP\xbd\
\xaaL\x03\xd5\xab\x18^\xa6\xc4$\xd8\xdc\xde\x5c\x0eo\
\x7f@>\xbfS\x8e\x04\xbc\x11\xa3\xbf\x85\x0a\x09\xd6\xff\
\x88)\x12\xb04\xc1\xfd\x81\xb7yI`i\x0aN\x16\
\x00\x95\xea\x00\xa9\x14\xc3\x8b\x9f\x98\x22\xc1\xf4\xe8\xd4\xbf\
|\x0dm6\xcafe\x82\xa8X\xc1D\x15\x04\x0b\x7f\
\xc4$\x08\x7f|[\x1e\xed\xdf\x82_\x9dm\xa5\xa1\xf9\
\x83\x8d\xe4`bX\xf7#&\xae\xfb\xe1\xad\xdfz\xc7\
_)7\xf7\x1aW\xd3\xb4\xe9\xe7`\x83H\xf1\xc3\x15\
'\xf0\x0f\x1f\xb6YU\x06L\xed\xd6o;\x10H\xd5\
n!\xaav\x0c\xb3\xf8c\xaa\x04\x11\xf7\xbd\xe1\xc3)\
H\x11\x86S\xb1\xa1\xe2\x87\x81\x5c\xa5cx\x09\x18\x13\
_\x02\xb2\xb2\x11\xacu@\xc0\xacl \x98\x87\x8e4\
\xf1b\x98\xbf\x1f\xd3$\xf4\xc5\xefF_\xbes4#\
\xc1\x14\xe5\x9b\xe1R\x84@\xa0\xdfq\x09\xec\x03c\x98\
U\x1e\x13g\x95\xfbk+\xa3\x9d\xf6\x84\xa9\x94=d\
\xc4\xc7m\xb9\xf0+\xe3\xda,e\xd9\x1av\xf7\xbc\xce\
\xe3h\x97<\xced\xc6+\xf8\x0a\x0d\x00\xca\xe4Q\xcc\
\xb88\x8b\xf3\xb4\xfd\xb9\xf7\xde\xfa&\xa0_F\x9aQ\
\x90}i\xe6\x00\xfb2\x86Y\xcf1q\xd63\x87b\
v{\x94Il)k\x95\x9d\x0am\x10[*\xd3\x22\
;1\xccf\x8cI`3\x9e\x9c\xf0n\x0d\xa4\x89\xca\
\xb4\x83\xd2\x04Z\xab\xc4\xf0\xa28&\xbe(\xe6\xd2\xb5\
\xed+\x90&L=\x22\xa1\xc0<a6Q\x9e\xc0\x94\
\xb5\x988e\x8d;\xf0\x5c\xdf\xf8?N\xa8s\xcc\x8c\
\x95\x06\xd7\x98\x994\x88\x15?]\x09[\xed\xd9\x93\xa0\
\xd3\x81\xad\xda\x13\xd8\x0e7kH\x016\x867\xdb\xb1\
\x98\x84\xcb\xcc\x8f\xd1s\x9e\xd6\xc2\xbf\x16\xe9\x96bl\
\xe3^)\xd1-E=\x0f\xa6\x0e\xcc\xa8\x8a\x893\xaa\
X\xd4\xe1\xf9\x0d\x9b\xf8\xfd\xebY\xe4\xff\xd8pl\xcb\
!\xdd\x1f\x81\x91b\x0c/\xe4c\x12\xe8T\xbbg\xe1\
\xda\x85\x7f\xf8\xe7\xc6x\xda\xb1\x81f\xfb4\x9a\x9a1\
\x89*&N\xa2\x0a\xd6W\xbd\xb3\x03\xef');Q\
\x8e\x5c\xafI\xadh\xa0\xde\x1f\xc3\xf4\xa9\x988}j\
\xf8p\xc8\xa9\x1ck\xdd\xe1\xe0\x80\xa2\x94\xf3i\x99\x1b\
\xee\xa4i\xa9\xda\x92\x09R\x05&P\xc5\xc4\x09T\xa3\
7\x83\xe1]\x1b<\xdf\x0co\x7f\x0a\x16|\xbf\x99\x02\
z\xbf\xf8H\x13\x13?\xd2p\xa4\xc7\xfc&e\x19l\
r\x0b\x0ad\x16\x0cGP\xcc@\x89\x893P\x86\xb7\
\x8b\xfe\xce!\x18\x94j\xd1\x88\x84\x15\xadj\xc8\x9d+\
\x86\x89(\xb1\x84\x04\xa7\xd5#n\xea0{\xe2\xf5\xfe\
tZ\xe5\xdall\x16\x8dT\xfb\x00\xe3\xb2\x0e\xb8j\
1LF\x89\x89\x93Q\xc2\xc5>\xfb\x07\xa8\xf0\xba\xc5\
C\x86<x]\x07<\xf8\x18\xa6K\xc4\xc4\xe9\x12\xfe\
\xea\x8d\xbf\xb32\xfar\xe1-}\xa6\x94\x80\xa2\x1f\xe0\
L\xc4n%[\xf9\x19\x90\xe70Y\x22&N\x96\xe0\
\xdaa\x0b_\x10M\x89\xa5\x0aHRB\xfa\xe11|\
 \x8d%e\xc0sG\xbdW\xa3\xde!\xb5\xb5\x9a\x01\
\xc6\xcc\x85\x19\x90\xd90M\x22&\x81&\xb1\x7f\x1e\x5c\
\xbd\xf7\xb7\x7fy\xe7{\x94\xf8\x96\xc3\x86\xa4\x1a\xd0\xf7\
4j\xb5\x1a\x08\x19\xe77\xf1\xab\xee\xe8\xdbN8\xf7\
\xc8\xaa\x9e\xf7q\xee\x8f\x90\xf3z\x85\xc3\xf7Mg,\
\xb0CD\x9d/\x9b`\x02\xc1\x87\xdd\x98\x84\xc3\xee\xfa\
\x91\xf7c#\xf8\xfa\xf6\xcf\xa3y\xc5i\xf1\xe4F\xd5\
\xe8\x22\x80\xe7\xc60\xad#&N\xeb`I\x98\xc3\xcb\
iXMQ\x1f{R\x22\x5cM1\x03p51\x8c\
\xdf\x8f\x89\xe3\xf7#\x8e\xa8w\xfe\x008\xa2e@\x11\
-\x83Pqz\x10\xbf\x98\x0f\x1f\xba\xc1\xe2\x1d\x05]\
KW\xea4r-\x8dV\xae\x18\xb3\x1f\x13\xc7\xec{\
\x0fo\xd8\xbc<|x\xef}}EY7\xd8\x5c\x08\
!b\x89\x92\xde\x0d\x190\x1d\xe1\xe3~L\xfc\xb8\xef\
\xdd\x0d\xb0j\xd1\xd8\xbb\x08\xeb\x16\xe5\x91nQ\x1c\x1f\
\xf7\xe3\x12\x8cu\xceo\xc3\xc5\xde\x04\xa6\xa8\x0b+\x9c\
\xeb\xc2\x88\x15\x1c\xb1\xf8\xfa\xe7\xe5\xaa\xb7:\x8fv\x98\
O\x8c$\xb4\xc3\xac\x81\x15P\x1cs\x0e\xe2\xe2\x9c\x83\
\xa0w\xed\x7f\xfe\xcazx\xf6<\xfe\x0c\x99\xeb6f\
\xc7\xf3~\x93,\xcf-\x13`r\xe3\x18\x91\x10\x17G\
$\x04\xeb\xcf\xd9\xe4<\xea\xfc\xb9v\x9d\xae\xd8\x9c\x8f\
KN\xce.\x884\x8e#\x15\xcfj\x91XJ\xb0u\
\x1d<\xbc\xfc\xb3\x93xRK\x89vl4\x0f7\x07\
\x96lq\x8cF\x88\x8b\xa3\x11\x86\xbd\xef\x5c$c\xf0\
\xdck/\x92\xa6\xb5,\xc1\x15\xac(o\xd0G\xc6<\
\x08:\x89\x83N\xca \xa3,t@\xd3\xc6\xf9(Q\
Z\xceOh\xdd\xea\x19\xd0\xba\xc51c\x22.\xc1X\
\xe7\xb4?\xbcE\xbc53\x9b\x9b\x00\xe47\x11\xba-\
\x8e\x8du\xe2\xe2\xc6:\xac\x8f\x0f:\xe8\x1c631\
\xcf\xcd\xc0<\x87q\x1fqq\xdc\x07?!,u\xc0\
7.;\x15<-\x95m\xf8\x89qb\x16\xb7\xd5\x09\
\xae>\xf2-,\xedY[s*\xf5\xca\x04\xcf\xdaZ\
\x1dx\xd6\xc6\xb1\xadN\x5c\xdcV\x87\xef\x8cg\xb7`\
\x97Q\xe1\xd6\x99\xb0\xc9\xc0\x9f\x19W\x12q|M\xb8\
\xf2+\x5c\xba\x80n5:K\x19\xd0\xaa\xc6\x84\x11\xe3\
\x8a\x22\x0e\xaf\x19\x1d~\xf1\xee{\xfe\xcfK\xef\xe2\x82\
\xf2u,<\xf9\x93\xd2\x08\xc2\x82\x092\x1c\x86\xd7\xc4\
%\xd8\xebltX\x92C\xcc\x5c\xa7\x8c\xd1\xfd\x05\xfc\
\x91q-Qd\x98g\xb2\x9a\x8dR\xf2S\xc9\x86I\
\xd9\x801\xe32\xa2\xc8\xb8\xdb\xf8\x9d\x07\xa0\xf3\x19]\
@J:V\xfal\x95\x00\x1c6\x8e\x0d3\xe2\xaa\x14\
\xd4\xfc\x11\xba\x98\x16\xb3\xb5,\x02\x82\x14a\x1d\xc1\xc8\
\x95\xb88r\xc5\xbfm\xfb\xbd\x0d\xf00f\xac1\xdc\
\x06=\x8c\x198\x96`\xf0J\x5c\x1c\xbc\xc2fjV\
J\x80\xb6\x95\x1d\x112\xa1\xb6\x95\x8dT(\xe3\x18\xc0\
\x12\x17\x07\xb0\xf8\xcb\x8b\xe1\xd2%\xe7\xbd\xae\xbc%\x04\
`s\xd1=D\xa7O\xffv\xae`\x82\x90q\xf1\xd3\
$8\x94\xbe\xf1\xf7?#\x8c\xdb$h\xa9\x8d\xa0\xa5\
q\x0c\x05\x89k20\xd2\xde\xe7Y\xa0\x11T\x8e,\
\xcf&(\x04\x95\x1b@!(\x8e5\xfb\xe3\x9a\x04\x12\
\xf7\xbc\x7f}3\x01'\xcd\x0d\x12\x11J\x1a\xd6\x12\x0c\
`\x89\x8b\x03X\xf8=d\xf0\x95\xdfC\xba/\x89{\
\x88\x11\xddCJ$,\xc4(\x94@\xc08_\x88S\
39,d\xe1\x8bGP\xa1M\x8e}\xccVI\x01\
\xe3,\x1d)Vf\x8f\x8b+\xb3\x07o\xda\xb8\xe1\x8c\
\x8e6\x93Z\xce\x0cl9\xb18{\x5c\x828\xfb\xe3\
q\xf0\x19\x9a\xebT\xc6{\xe4\x09\xee:\x19p\x8b\x8c\
cI\xee\xb8\xb8$\xb7\xbf\xbf\xed\xad\x22\xa5+\x9b}\
\xe44\xf2\x05\xb6\x11\xdd1\x8e\xc1Mq\x09\xe0\xa6\xcb\
s\xd6s\xfa\xbb=J\xd2\xa8\xce->[\xa6\x05D\
\x8d\xeaf\xab\x0cB\xc6\xc9M\x1c\xdb\xe4\xef\x9cx\xed\
\xc5\x09\xc8\xf9h\xe3\x82\x90\xf3y\xf8\x99\xf1OP\x02\
\xc6\xe9l\xd1\xeb\xf4\x91\xfar\xb9\xeeL\xd0^F2\
Lq\x8co\x8aK`\xee\xbez\xc7\xde\x86\x7fpB\
\xc0n8\xb8\x9b\xfc\xd5M\x83SC\x1c\x8bq\xc7\xc5\
\xc5\xb8\xc7\xf6P\xecAPV\x0ec{\xa8b\x96t\
s\xa8\xb5\x8a\x06\x08\x18\xafY\xe2\x8a\x04\xda\xa3\xffn\
\x1b\xae\xb2x>\xc6c\x13L\xc7q\xbch\x89\x8b\x8b\
;\x1ev\xc7\xe7\x1c\xff\xafCb\x02y\xba\xe6\xe4\xc9\
&\xa8hg\xc0\xa6\x13+\x9e\xc7\xc5\x15\xcf\xb9@\xe9\
\xc9\xc9$,\x8b\xfe\xbf\x80Y\xe2\x18\xa0\x17\x17\x07\xe8\
y\xbd\x9b\xd1\xdeK\xea!\xf3\xdb\xa9\x1d\xc9\xe2\x91\x9f\
\x18\xbdc\x5c<\xc4\xa1y\xc3\xde\x80Ki\xbcZ!\
\x0e||\xf0 \x15\xae\xd0\xd8\x81\xa1y\xf1\xb8\x84U\
\xfd\x96\x7f\xf5\x93\xbf\x85\x9d?\x13Z#J\x11\xfc%\
\x98\xa4\xa4J\xa3\x05\x9f\x02\xae\x19q\x19\x9bzNO\
\xa0\xeb\x1c\xdf\xd4C>E\x1d\xf1)\xe2\x18\x9d\x17\x17\
G\xe7\x05\xb3\xd7\xfc\xfaO\x9f\xfeyJ\xe3O\x18\x9d\
\xfe\xed\x228\xfd\xc7\xb1\xa2u\x5c\x82\xa2\xf5\xea\xb7\xe1\
\xe0\x03\x85\x1cc\x83\x1d{\x12\x004\xd6h\x16A\xb0\
\xf8\x15K\xd0{8\x99g\x03\x92\xbf\xdf\xf3?\x9e\x13\
k\x95B\xe4\x86\xd0$\xb5\xdaf\x0a\x05p\x82\xc4x\
\xc2\xb88\x9e0\x98\xfd\x16\xbc\xf8\x0e\x96*\xa6S)\
8p\xa7b\x16\xd0N\x05\xa3\x09\xe3\xe2hB.\x85\
\xf7\xf8\x1a\x1b\xa7\xd4\xa1 A\x1d\xfd\xe80\x8e0.\
\x8e#\x1c\xde/y\x0b\x18=\xfft\xce\xc3\xe8\xf9\x0c\
\xc0\x99\xc6\xb1\xbeu\x5c\x8a\xbe\xb5\xf7\xf2=\xa8\xcdn\
\x04C\x9f\xc0\xc7s\xf3(!c\x81\xeb\xb8\xb8\xc0\xf5\
h\xeb\x94\xeb(\xbcy\x19\x9c} 9\xa5\xd1=!\
\x0a\x9d\xdc\xd1\xd7@\x17\x84A\x9bq\x09\xa0\xcd\xdd_\
c'\x07\xeaK?\x1d\xa9\xe1\x87.\x98\xf0C\xe3&\
H\x82\xc0\xf5\xee\xe7\xe1\xed9\x9c\xf0\xb2\xe5\x1c\xbe\x9c\
fr\xf0g\x88\xeb\x88\x04]\x9b\xd3\xf5Q\x7f\x97\xd5\
k\xc2\xeb\xd5\x8e\x8e\x0a\x94j\x90\x0d\x16W\x18\xb6\x19\
\x97\x00\xdb<\xfe\x14\xce\xedS-\xa6\xa1Gc(\xd9\
a\x1a5\xd0ab\xbcf\x5c\x1c\xaf\xc9\x155\x96\xd1\
\xe1\x91_i,|\xf5\xaf\xc1;\x02\x06k\xc6\xc5\xc1\
\x9a\xc1\xde[\xac_\xcc5\x97'\xe8\x177\x90~q\
\x1cc6\xe3\xe2\x98\xcdp\xfe2\xe8u!\xab\x94\xcf\
v\xe8\xc0\xd4\xca\xa0\x9f\x1b\x16\x89\x8eK\x10\x89\xbe8\
dS?\xcbj\xd4\xda*\x12\x01\xa9\xf1\x86\x1e,\xae\
\x0a\xb5&X\x5ca\xecf<%\xc1\xfdw1<;\
\x9f`\xea\xf9\xf7-=\xe3)\x9c)R\xe2\x9b\xb6\xfd\
Eo}\x19\x04\xecV\x9cH@\x13\x84\xec\xba0d\
\x9c0\xc4a\xa7\xe1\xc2W\x8ep\xba9\x09>/\x93\
'i\xfe\xf3\xcb\xff^\x1f\x93m\x5c\x1e\x94<\x0c=\
\x8dK\xd0\x95\xea=\xf23\x13@\xdeX\xdc\xb5\x08B\
o\x1a \xcf%0\xf04!A3\xfal\xd6?\xbf\
\x02\x8dg92\xa8u\xb0HS\x19\xb16\x13\x18{\
\x9a\x90\x80=\xed\xdfp\x0fn\xfa3\x1b\xd91\x01\x92\
\xfe\xcc\x86\x09?\xb3\x86#\xd6d8D]!\xfb\xed\
\xa8\x5cO\xf0U\xa9!\xca\x7f\x02\xc39\x13\xd2\xe0\x9c\
k]\xefl\x1e\xc29\xf9\x5cB\x9a\x94\x189\xd3\x05\
A'p\xd0\x09\x094d\x96\xec\xa0.>\x0b\xb6\x02\
o\xd3\x05\x17\xbe\x8d$\x0eY\xc2U\xe1\x17\xfb\xe7\x13\
\xba\xf8\x5c\xed\xda\xd2]\xd2\x80\xb2P@\x9f7\x85c\
\x95\x82\xbb\xe9m\x00\x8d\xee\xffJ\xb0 \x95\xee\x96\x0b\
T\xba\x13\x18\x0f\x99\x10\xc7C\x8eNwGG;\xec\
\x1f-\x9b7m\xe9\x95i\x9a|\xd3\x9c\x9e\x06\xf1\xaa\
8^\x09~\x1fs\xc3\xdb\xe7\xc3\xde\x0a\xb1\x1dr\xe9\
\x93\xf4\x8c\x9b\x05\x81\xe2\xac&\x01\x03\xd9}\xe9\x9do\
y\xede\xca\xa9\xaf\xc4\x22-\x029\xa9R\xb6\xd8\x00\
\xf1\xe2\x8c&\x0e'\xf4>\xbc\xe3:\xcc+\xf7\xc1\xdb\
m\xe2\x96`\xd9\xec\xf3\xda\x16\xd0avm\x101N\
g\x12\xc0\x84\xac\x0b:<\x04\x17G\xde\x04\xb9\x13n\
\x8eu\xb7\x86\xbe2\xceg\x8a\x14\x9f\x8fkR\x97\xfb\
\x1f\xb5\xba\x09\x14\xa5\xf8\x9f\xd0\x07\xc6\x09M\x1cH\x18\
.vY[<z\xdd\xa3\xf1bQz(O;4\
^lz\x9a\xdem&\xb0\xb2|B\x5cY\x9e\xe5`\
\xefn\xc0^\x86\xbf\xfc\x05\xa9?<\xb5\xc8\xad,\xa9\
\x00QGa\xe3\xac\xa6\x8a\xef\xddv\xb8\x824\xa5\xbe\
\xa2\x17i\xca\x9b^\x04/B\x8d\xe18c2~r\
g\x8b\x08\xb2\xc2>\xea\x84\x95f]\x07\x9b\xb6\x04\x06\
\x96&\xc4\x81\xa5\xfe\xfev8\xf8\x8aLt#\x04/\
6\xd15P\x0b\x8f\xb5\xdc\x12\xe2Zn\xde\xea^8\
X\xa0Li\xd3\x5ck\x85\xd4\x03I\x97\x8a R\x9c\
\xce\xc4Q\xb0\xa3\xdb#o\xb0\xcd\x8f\x1f\xbb\x9f\x89\x22\
\xc7M\x1c-h\x98Qj\x01\xc3\x8c\x04F\xc1&\xc4\
Q\xb0\xff\xfa7_c\x1e^\x13TX;\xea\xd1h\
\x22\x05`\x8d%0\xfc5!\x0e\x7f\xf5~^`\x07\
RC\xb7&8\x90\x1a\x08L\x9a\xc0\xe8\xd7\x848\xfa\
ux\xbf;\xba;\x06\x117#J\x02\x8a\xb8\x09\xc7\
O\x8c$M\x88#I\xb9 \xc8\xd1\xb5\xff~\x93B\
P\x14\xb35R\x0d\xbfV\xac\x81P\xf1\xcfM\x1cA\
\xca\xe1J\xbb\xbf\xd0\xbd|,\xa8\x81\x0e\xe6\x054'\
c\x08iB\x1cB\x1an\xed\x85\xaf\x0f\x90=_\xd6\
\xb2'\x19M6l\xd4\xa3a\x84cB\x02\xc2q\xfb\
\x04\xdb\xc7qw{\xec\x1eWE\xeeq\x09\x8c\x17L\
\xc4d\xdc;\xbc\xf6\x9c\x7fyM\xc1\x12\x0c\x9d\x8f\x9d\
i\xbeF\xa1\x0a\x87\xe1\xa6Af\xc3p\xc1\x848\x5c\
0\xf8t\xca\x97\xc5\x90?1\x81<\xa1\xc3o\x8c_\
rL\x0a\x18\xfa\xf8\x0bd\x02Y\xf5ID\xa0:\x0a\
\x19\x83\x97\x12\x12\x8c>\xf6^\x8e6\xbfE\x94\x8f?\
\xab\xb3]\xf9\xaf\xcd\x92K\xcb\xd9\xd8\xcd:x\x19\x18\
\xc8\x94\x90\x00d\xba\xfd1\xfa\xf2\x9d\xcb*\x10\x1a<\
O\xf4\xa5\xe8\xe4\x0fTxZ\xa5\x8c\x01\xc2\xc6\x0fZ\
\x02\x96\xe9\xf6vt\xf0j\x12\x04}f\xc2%/3\
\x83^H\x02W\xeb\x84\xf8\x91\xe9\xe7\x9c\xff\xfe\x81c\
\x8d\xb7\xfe\xec\x87\x1a\x95|6\x9a\x96\x0c\x9a\xf9\xd1\xc8\
\xe7\xc1\x87\xc6x\xa6\x848\x9e\x89\x03+X\xe6\xf8\xb0\
B\xa2*\xc6\x02^\xd4\xb5Fo\x82`\xf1c\x96 \
\x8dvp2|X\x02L \xd7\x02< \x17\xbd\x05\
\xfc\x80\xc5\x81L^\xe7\xd1\xdf=\x04\xcdE\xde\xa9d\
&\x90\xb9\xf3\xe8F\x9a\xc0H\xa6\x84\x04$\xd3\xe7Y\
\xd6\xcb\x83\xdf\x1c\xef.&\x1c;\x1a\x08e\x9c\xc0(\
\x8a\x84\x14w >\xdeQ\xe8\xd7l\xbaB#_\x81\
zb\x02c(\x12\xe2\x18\x0a>\xe4\xb3F\x085\xf2\
\xe5*\x9c<\x9aU\xf8e\xf1\xfb\x95`gt6\xeb\
_~\x1c}\xdb\xf1\xd67\xc9k]\xba\x92\xd7+9\
\xea\x0b\x97\xd30b\xfc|\x93\x12&\xd1\xb1\xb7\x151\
\x89\xfe6\xb6\x22GQp\xdaO`\x04EB\x82\x99\
y\xa7\x1d\x0e\x10\xe1\xd5e=f\xf9o\x8b\xf0$\xf0\
i?!~\xda\x0fg\xb78\xf5\x87\x96\xff\xe4\xdbK\
\xce\xfd\x81\xf2\x9fv\x1d\xc8\x7f&\xf0q?!AS\
\xaaw\xe3\xef\x9e\x8d>\x0cHp\xfc\xb4c\x90\xdb\x89\
\xe24\xc8\x10\xf8\xa0\x9fH\xc9\xc0\x91r\xec\xc4\xab+\
j\xea`_6\xba&\x923\x87\xe9\xe6\xe9\xce2\x89\
\xef\xf9I\x09BRW_\x83-\xa8\xafRyBN\
\xfc\xdd\x1e>\x89\xcf\xf9I\x09\xe7\xfc\xc1\xf6\xe8\xc5)\
<*Z\xe91\x03\x9a>)\xa6\xc1I1\x89\xef\xf9\
I\x09\xf7\xfc\xcdw\xfe\xdbn\xa4\x92\xf7g\x95\xab:\
V\xcd\xe2o\x99,u\xd5\x1a`+%\xf15?\xf9\
L\x06\xb4\x91EL9z\xe6\x9c\x1a\xed\xe8\x99\xab\xd5\
A\xa0I\x1c\xa8\xf8\x02\xe8\xc7\x8a\xb7\xd4\xf1\x9f\xff\x99\
\xd0\xf2Y\xdb\x22\xbd\x05\xf3v\x0d\x04\x9a\xc2\x81\xa6$\
\xb8\x9b\x85s\x8fpZ\x8eT(\xe1/\xad\x8c~i\
X\xcb()\xaee4\xbc=\xf7..\xc0\xa1\x80\xc3\
qk\x91\xa8\x0a8\x15\xe4\x10\xda'\x89\xcf\xf7I\x19\
rF{\xfe_\xeb\x80\x90\x12u\xec\xae\x85\xf8(\x19\
\x17\xf0Q\x92\xf80\x9e\x94p\x18_;\xf4\xce\xf7P\
#\xe1\xf0\x85\xa0\xfe?8V'\xb1<PR\x5c\x1e\
h\xd8;\xf6\xee{\x18:S)L(\x1d\x85\x02\x8c\
\x19g5\x09\x02A\x1f\xfac\xf8\x0cU:\xf2\xce\x18\
@C\x16\x8e|\x01\x15\x0e|\xd0O\x8a\x1f\xf4\xf9\x8a\
\xed\xf2\x03\xe8\xd8\x22\x1b\x0a\x1d7lf\x134lI\
|\xd0OJ\x10\x08\xea\xfc\x0c\xfak\xe0#\xcf8%\
\xee\xe2H\x7f\xe4\x99\x12\xfc\xc883K\xb0\xe0:y\
\x87\x05\xd0\xf8.\xfe\x7f\xd0\x8bN\xe2\xe3xR\xfc8\
\xfe\xaf\x7f{;\x8b~\x9f\xf4d\xb3t\x1a\x91R/\
\xe8 R\x9c\xdaT\xf1\xceg\xb7\xefm,\x84K\x17\
\x847\xadefi\x99\x9a\xb4i\x82PqBS%\
\x08\x02s\xce\xcc\xe2w\xe2\xa3\xf2\xd6]\x07\xa3'\xc0\
-&\xf1\x09?)~\xc2\xf7\x0e\x8e\xbd\xc7/H\x1b\
\xca\xe1x\x03$\x0e\x85\xf6RI|\x16O\xaa2P\
>\x5c\x91\x9dh\x7f\xffQ\xab\xdb\x16\xd9\xfa\xf2\xbf\x80\
\xde\x17\x9f\xc3\x93\xe2\xe7p\xff\xaa\xe3\xcdw\x91\x5c\x91\
S)b\x1d\x1d\xbb\x88\xf2\x01>1'%8\x84}\
\xff\xe4_\xf5A\xca\xad8\xd3:L\xb9\x95i\x94r\
\xb1\xc0RR\x93a\xaf\x14|^fc\x1c\xf5\x22X\
]\x8b\xfa\xb44\x9a\x89\xcc\x0c\xd8\xff%\xf1\xad9\xa9\
Iy\xc3\x9d\x0ee\xea\xc1^j\xcd\x02\x9e\x1e\xfco\
\xa0\x0f\xc6w\xe6\xa4\xf8\x9d\x99\xa3\x92~\x1c\x01\xcdW\
\xbd\xcc\x05\xa1&\x09\xbe\xea- \xf8\x9a\x9c\xc2/y\
J\x93\x81\x06\xfcq\xe4\xdd]R\xdf8\x8ay\xdaB\
\x9f\xb95\x0d\x02\xc6\x8fB\x5cg\xc9;y\xf4\x8e\xbf\
\xb2\x7f\xd4LW\xd7\xb9'&\xb9:\x01O\x02\x9f\xf1\
\x93\xe2g|V\xdf\xc2\xd5#4\x82:zu\xc2q\
\xc0D+\xec$\x96*J\xc6d\xb0\x0a&p7\xb8\
\x08\xf7\xff\xc2\xdeH\xe2C~2&a%q2z\
3\xf0\x16~\xb1!\xf4\xcf\xb6\xc7\x89\x1c\x1b[&\x1f\
B\xa9\xde\xa7\x05\x5c\xc1\x93\xf8\x96\x9f\x14\xbf\xe5s\x83\
\x8cO\x9b\xa0\xa1(Gg.\xd0P\x94\x8b\xa8\xa1\xc0\
\xfa?\xc9\xf83\x19\xb0\xd6\xf6\xf7\xd1\xb7\x1d\x0a\x148\
\x86\xb5\xf2\xff\xe9\x95\x22\x0dj\xcd\x17A\xd0x7!\
\xae\x01\x14\xec>\x0e{\x9b\x00\x1c\xc8\x1ab\xd7)C\
l`\xda\x05\xd8\xc0$\x16\xd4I\x8a\x0b\xea\xf8\x07\xfd\
\xe0\xc5s\xe0p_\xab\x8c\x99H\xd0\xe3\xbe\xe6\xa2\xd7\
\x8ca\x1eI\x09\xf6q\x1f\xe6\xfc\x83\xb5\xd1\xc1Go\
\xa5M\xa0\xc2*\xb6U\xb2\xd0\xd4\x5c\xb7K`j\xc6\
\x18\x8fd\x5c\xc6q\xd1[y\x8b\x8f\x8b\x13\xd4\x96!\
J0\x89\xe1\x1dIqx\xc7\xe8\x88\xcbo\x81\xc7\x9c\
\xcb\xb2\x01\x04\xbe\xe5\x5c\x11\xbee\x9c\xe4\xe22\xae\x8b\
\xbb\xbd\xe0\xf0\x84\x98\xf0X>f\xff\xc8\x01\xafE\xc3\
\xdf\x93\x09\x9c)\x12\x8a\x04\x03]o}\x19\x1b\xe8F\
\x97$`\x9f\xeb\x02\xfb\xdc$\x06\xa1$\xc5A(\xa3\
\x87\xb5pn\x1f\x00\xe1\x8d\x88\x1a:I\xbb\xd1\xa8\x01\
,|\x12\xa3Q\x92\x12\xd4uX\xefvw9\xba=\
\xa4\xc0\xa3\xbc\xd5,\xd3\x04\x9f\xfat\x19D\x8b\x7fr\
\x09\x09\x9d\xc5i8\xe8\x0coWG[\x0b\x84\xa2U\
\xc1*\xa7\x9d&\xe9\x83\xd8(\xa4\x9b `\xfc\x8b\x13\
\x87\xa3\xf8\xe7\xb7\xfe\x0b\xe4f\x1e\x19\xd5@\xe7j\x17\
\xd1X\x93XZ').\xad\xc3\xa5\x7fW\xbf!N\
v$\xfd\xfb\xb79\xd9I,\xab\x93\x94 \xab\xf3\xe6\
\xdc_=\xf3o\xbb\xc4\xee\xd2)8y\xb0\xb8\x02F\
$I\xac\xa6\x93\x94\xa0\xa63\xbf\xe9\x1d\x1ez+\xf7\
\xde\x0f\x8a\xbfZv\x1d\xd7j\xd2\x04V\xd7\x05\x0f\x18\
+\xe9$\xc5\x95t\xc2\xe7\xb3|\x85\xf9\xe95\x81V\
\xab\xa4\xc7>\xd0\xa4\xb0+\x0a\x16\xcfw\xe2\x12:\xde\
\x06\x17?\x0c\x17\xbe\x06_z\xc4\xd7\x8d\xe8\xab|\xf8\
(\x02\xb3\xc6\xa6\x09\x9ab\x8c\xffJ\x8a\xe3\xbf\xbc\xf6\
\x5cp\xf2v\xc2\xf5\xab\x05)\xd8n\x0b\xfe\xe2p\xd1\
\x90 \xa6s\xb8\xe6\xed\x9f\x8fNw\xfd\x8bC\xfa\xc4\
h\x8c?vt\x02\xa3\xee\x8cF\x13\xe56\x5c>\xc4\
\xf1`\xbc\xc7\x5c]\x0b\x1e7A\x83\xd9\xa0\xa3m\x9a\
\x0d\x10,.\x1d\xe2P0\xdeI\xf4/qC\xacW\
`?\x8c\xe0\xf0I\x0c\x07K\x8a\xc3\xc1\xfc\x9d\x93\xe0\
\xd32\x90\xbd\xe3j:3\x16\x16\xbe\xcb\xcc\x00\xe1\xbb\
$\x96\xd4I\xa6d\x00S\xc2\xa5\xae\xd7?\xa3P)\
\xec#\xd3|\xecj\x13<\x08l\xd8\x98L\xc9`Z\
\xf2v\x02\xa8VGZ\x0d\xd1^\x05\x09W\xbb@\xb8\
:\x89\xf5\x7f\x92\x12\xf4\x7f\xba\x83\xe1\xfdnx~C\
Tg\xae?\xcao\xe4\xa4\x12-(\xcf\x18 \x98L\
I\xb0\x10\x18\xb0\xdc\x065\xd8\x9e\x8c<\xa1\x0a\x1b<\
-a\x80`2%c\x03\x1b\xae]xg\x1f\xa9\x0d\
,2\x8b7\x81Y|\x12\xe3\x03\x93\xe2\xf8@\x7f\xf7\
\xb3\xd7^\x84\x8c\x88\xecX\xc5\x1c2\x22\xf2 \xaf\xa5\
0F0%\x8e\x11d\x1f7\xb8os\xce\xcc\xec5\
\x85\xd9\xe7s\x1d\xbf}\xd8\xa0\x15\xaa\x01}\xf0\x14F\
\x09\xa6\x9eI\x11\x9b\x5c\xe8\x80l\xe1FZP\x8e>\
)_\xb8\x19\x90/R\x18*\x98z\xa6\xc9\x90LY\
\x99\x85.\x1eQ\xe0\xd8\xc6#\x03_H\x1c\xc7,>\
\xfa\xf7w\xc3\xc3\xf7\xc8\x00\x81\x85<\xad#)9{\
\x1a\xe4\x8c\x14F\x0d\xa6\xc4Q\x83\xc1\xe2'\xbe:\xfe\
\xfe\xa7\xba@\x89\x0dL\x15\x83$g\x03nO\x0a\xc3\
\x06S\xe2\xb0A\xef\xbe\xc7\x9d\xee6\x16\xc2\xee\x1e\xa9\
P\x94\xd3\xcd,\xd25+\xe4Lz\xa9\x92\xc2\x8a4\
)\x09\x8a4\x8f\x97\x5c8\xa5\xd3\xa7\x02\xb6\xad:U\
\xf0\x0av\x1dD\x1a\xc3\x91\xc6d\xd8\xf2\xad\xbc\xc0\xb6\
|%\xdce\xe6\x11\x9b<\x85!l)q\x08\x1b\xf7\
=X\xdd\xa3\x80\xb95\x87\xbbAS\xbdD\x1a}\xda\
\x04\x0eT\x82\xb1\xdd\x02{\x04HS9kCIe\
\x1be\x04\x8cZK\x89\xa3\xd6F\xf3\x9b\xfe\x87\x93\xe1\
\xe0\x83?\xdb\xa56\x133\x96^a\x0dq\x93\xdc\xb8\
\xce4\x9b d\x9c\x1a\xc4qk|\x99\xd2\x7f\x1c\xb5\
_\x91\xba\xc4\x5c\x87\xcf\xa1-h\xe9XU\xdcD\xa8\
\x12\xceuo\xc3\xc1\x067\x0e\xbc\xe9\x92\x9a\xae\xe3\xcb\
\x97M\xf6\xc2.p\xfaMa\x90]J\x06\xc8\x8e}\
\xe0\xd1\xed`\xf4\xa1G\xe2\xec\xca\xbc\x18\xd7L \x8e\
\x81\xdc$S\x18\x17\x96\x12\xc7\x85\x8d^\xcf\xfa\xd7\xa8\
{\xa8[\xecW\x07w)u\x04eLae\x97\x94\
*\x83\xdb\xccM\x5c\x1e\xbbt\xb3S\xccV\xe9\xcbb\
\xabX\x05\xd1\xe2,!\x0ec\xf3\xda\x9c\xda\x83\x97\x12\
y\x17ky\xb8\xf0\xfb\xe2$!\x0ef\x1b\xf6\xf6\x82\
\xc1\xd6\xa8\xf3\xd2_ D\xd7\xf5\xa75\x15j \xdc\
f\x014\x10\x1an\xde5\xf1\xe6\xfd\xfd\x03\xf7\xca!\
\xb0a\x9c\xd4Q&Aay\x80\x15La\xe4]J\
\x1cy\x17\x1c\x0c\xc6\xd0\x09\xaa\xcaU\x1d\xab\x8c\xc7\xe5\
j\x19\x15:\x0c\xbdK\xc9\xf06\xdc\xf3\xdf\xac\x835\
U\xbaR\xb2\xcapI\x95.\x81%U\x0a\xcb\xd1\xa4\
d\xc8\xd1<z?;\xe0\xb2\xc8\xb1\xa3\x15xU\xb4\
\x8d&z\xbf8M\x88#\x05\x87\xb7\x8b\xde\x0f\x94&\
j\xacg\x87Y\xb8\x86\x5c\xcbS\x18,\x98\x12\x07\x0b\
\x06\x9d%\xee\xb3\xbe\xda\xf5\x17\x06\x84\xafO.R\x9c\
\xad\xe4\xe8\xfd\xb0\x9b\x03\xec\xfc\x14F\xde\xa5$ \xef\
\xee{8\x17G\xda\xad\xd9\xbf-\xdd\x9a\x9a\xc2_y\
J\xbca\xeb|\xe5B[4\x9f\xaa\xe9d\xf9\xa8\x0c\
\xe9TM\x1b\xd0\xa9R\xd8\x921%n\xc98z3\
\xf0{\x1b\xc3\xdb}j\x85\x19A\xd9\xdc'\xe1\x91<\
\xad\xe1j\xe4A\xd4x\xae\x93\x80t<\xfe\xe4\xad\xce\
\x05[\x87\xfe\xf3YB\xfe\x875\xf3c\x91%\x1a\x9d\
i\xcc\xd4\xd0\xa7\xc6\x99Y\x1c\xeb\xe8}\x9e\xf5\xaf\xfa\
\xac\xf6Q\xc2\x0d\xd3\xba\x95\xa7\x86\xbb\xc64\xfa\xbe\xf8\
\xb7'\xc1\xda\xf0\xf5\x82\x7ft\x06\xc9\x8c5\xac\x07e\
\x22\xb6Z\x0a\xe3\x1bS1\x09\xd0\x1f~\xc6%DF\
k\xf54\xd0\x18e\x7f\x01c\x07\x066\xa6\xc4\x81\x8d\
^{\xd9?8\xf1\xf7{\x94\x00M1ks,?\
\x90\x9f)\xda\x05\xd0\x03a\xb4]J\x02\xda\xee\xf2\x8d\
\xd7>\xf7/\xcfY\xe8\x7f\x02\xc1t;\xd2\x15 \xb7\
\xf09\xbb^\x04\x01\xe3\x86B\x8a\x9e\x92\xb7\xd0\x09\x16\
\xbf\xb0Y\x09\xedX\xf9r\xb8\xe1\xd8\xe4\x08\xdd\xca4\
\xd0\xcb\xc0?:\x09\x80\xbb\x97\xcb\x18\x22\x98q& \
\x043\x08!\x98\xc2x\xbb\x948\xden\xf4\xfa\x17\x16\
\xa3q\xad\xf2$1\x1a\x17\x8e\xa3\x09\xfc\xebKH\x81\
\x15\xbf\xdc\x0f\xbe-{\xabk\xf4\xd3(G\xa7\x0e\x9a\
\xb8\xd6*\xdb&\x08\x1a\xff\x00%\xe8?\xfd8\xf2n\
\x0e&8\x7f?\xbd\xe7\xbf}5\xc0\xd0\xbb\x94\x04\xe8\
]\xe7\x91\xe5\x0c\xd0\x0d\xe5\x9dJ\xa4\xde\x08\x9a\xa1|\
\x1d5C\x18\x7f\x97\x92\x80\xbf\xbb\xb9\xf0\xf6/#G\
\xc9C\x92)\xca?v\xb4%\xa41W-\xb4'\xc4\
 \xbcTB\xc6\x9e0\xec\xee\x0d\x07\x1fh\xab\xb81\
*\x93\xb4\x89\x03\xd1b\x00^J\x02\x00oc\x91\xfd\
\xf6\xa0\xb7\x1d{\xc8\xd8\xd7\xceD\xaf\x02\x83\xdaR\xe2\
\xa06\xffr\xd1\xbb<\xf7/\x1e\xc3\xc7S\x82\xf0\xac\
G\xcee3|\xc7Bq\x9es3`B\xc5\xb8\xb6\
TR\xc2\x99\xf16\xe8\xaf!\x15R\xbd\x5c\xcaZ\x13\
THK@\x854\x85\xe1m)\x09\x0eq\xb3\xaf\xfc\
_\xa7\x13\x1c\x94\xabXq\x09\xd2\x97R\x18\xdb\x96\x92\
\x81m{\xe9\xef\xbc\xe6\x87\xe8\xb7\xe7\xd4\xf4Tq\x9f\
<\x94\xe9_`\xcb\x85?A\x9c\x99%\xe0\xdbz7\
^\xff&\x5c\xbb %\x97\x8c,\xed\x03^D[z\
\x8ciK%\x932\xf6\xc7[\xd7\xec\x1f\xeb\x98\xe9\x82\
\xcd\x9be\xfe?\xda\xca\xcc0\xc0\x12\x0e\x83\xdbRI\
\x09>\x02}\x9c\xe4\xf4\x89IN\x87I\x0e\xa3\xdbR\
\x12\xc4\xcez\xa7\xe1\xe0+Xt\x96t6\x92\x805\
g\xc9@k\xce\x14^!\xa7\xc4]\x5c>\xbe\xf4\xda\
\x0b\x88\xc4m\xf1_\x1c\xee\x88\xec&\xca\x16)\x5cH\
R\xaa\x04\xae\xd5h\xff-\xb2}\x1aCl\x90\xe9\x13\
\xbc\x9ab\xfc`J\x82%\xdfUg\xb4s9z\xf5\
@\xba?;\x15N\x0e+\xd1\x8ag\xb6[rA\xc4\
\xb8\x88\x88\xa3\x08\x83\xad\xef\xbc\x1f\x023I\xb4\x80\xc3\
\xb2}\x05\xf8,p:\x16G\xe5\x05\xf7\x9fX\x7f\x01\
\x17\x9d\xb9\x09\xc2Q\x05\xb8N\xc6\x90\xbcTJ\x02\xd0\
\xf8.\xe8t\x00\x03\x96o\x91\xa3\xde\x02r`s\xb5\
\x16z\x1a8)\x8b\xa3\xf3\xc2\xee}\xf8\xbc\xcde\x96\
\xbf\xfeyR7\x9c\x16\xc7\xd98QkD\xed\x0c[\
\x19\xd2\xd75\xf6\x0c\xc2\xdc\xa2?\x89\xef\x0c\xbd\x93\x13\
\xac\xf7\x8a\xf1+\x0d\x80\x92fQi8`\xf1\xc6\xf3\
a\xdb\xdf\xefx\xb7s\xe1\x22\xa8\xd7\x1c\x85\x9ev\x5c\
\xb2Z7hev\x16X\x0c\xc7\x1c\x93\x01ei_\
\xc1\xc6\xb39A\xc5\xdal\xc2\xaf\x1c\xc7\x11\x8b\xf7\x9d\
\x17\x17\xc3\xdb\xfd`\xed>\xe8\x1d\x13\x83\xeaxa\x9f\
\xae4\xe9=b\xcd\xa0\xe9+,\xb2\x04\x0eZ|-\
\xd7\xdb\xf2\xaf~\x06\x8bwA\xef\x96`\xb7\xb1\xc7\xe1\
\xd4\xb34K\xb3\xd1\xa2M\x8aXXI\x1cqR\xc2\
q\x84\x03D\x10\x09]\x7f\x92'@$t\x93&\xa1\
\xb3\xc8R8h\x19B\x84\xfe\x8bS\x7f\xe98\xd8x\
IA\xa6]'k:\xe4F\xdcti\xd3\xad\xd83\
\x05\xe78qE?\xff\xe0\x87w\xf3.\x98\xfbAm\
\xc4\xc7b\x0a\x15\xa7\x9a\x05Kq\xb3U5@\xd0\xf8\
\x17(\x8e\xd3\x0bv\xfb\xa3\xfe.\x9b\xfc\xbc\xce\x0f\x8a\
\xeao\xffw\xcb\x0c\xa8\xf3i;\x03r\x9d\x82\x9f\xb4\
\x22\xe3I\xe3\xc9d\xfc\xa4'\x0c'-0\x9c\xc4\x9e\
AtY\xf4'\x09`\xefW+\x13\x9a:l\xb1\xe3\
\x9a(A\xab\xf83\xabI\x19x\xb8\x95\x17\xe1\xdc#\
)\xab`Z\xa5\xb1 (\x92U(\x95\xc1\xdb\xd0p\
\xed\x96\x00v\xe9\xafq\xc9&\xfa3\xb3\xb6(=\x81\
\xbcPJ\xa3\xef\x1c\xc3/C\xfc|\x1d\x9c\xae\x07\x7f\
\xfd\xf2\xfa7\x84\x8em\x95\x95A\xf2*\x85\x12F\x0c\
7\x19\xe2'\xebp\xb0\xc6!\x18\xf0X\x92\x9f\xd4\xe7\
\xbb9\xf8uq\x92\x93p\xb1~u;\xec}\x06*\
\x05ck+\x1e3\xadS\xd04i\x9d\x02\x16\x18\xfe\
\xe5IP\xe7\xe9_z\x0f;\x00\xff\xa4W~o\x8c\
H\x00\x94n\x1a\xa0\xcd\x88\xe3G,~\x12\x0eg\xb7\
\xf8>\x0e\xed2\xf83\x86\x9b\x0c\x03=\x8c8~\x18\
\xe2'a\xce\xd5\xfbq\xc4\xb7r\xe7[$W\xaf5\
f\xc9\x02}\x90:\xf0\xc1c\xa1\xe1\xa7!~`\xf5\
w\xd6\x22\x8f\x87\x1fa\xbbOz\xf7\xf1\xd3\x0e\xebA\
\xc9\xe3N\xa9\xd9\x04\xa5/\x8e\xbb9\xf1\x1b+\xbf\xfd\
\xbdZ\x01H\x97\xe8+\x9b\xd9\x09P\x97\x96Y\x03Q\
'p\xab/\xe1\xf6\xb7\xba\xc6\xd5\xd0\xa1\x12YqB\
%1\x8b\xe8I'\xf1\x8fP\xfc.\xe5_s\xbaw\
8\xff\x95\xd5\x13\xeaCG\x5c\xef\x96U\xa5\xfb\xa2B\
\xab\x0ab\xc6?\xc3\xa4\x0cb\x16\x1bNP\xe2\x18\x8f\
&0s\xe4\xe1g\xc6\xbfA\x09\x9e%/\xdf\x07\x9d\
\x0ed\xe4<\xe1\xb6 )\xa7\x06\x83\xc6?B\xf1u\
\xbe\xb7y\x19\x1c\x9e\x8cNw\xa9\x15\x0c\x9bX\x9b@\
\x07\xa0\xd1\x02sv\x0a\xbfd\xf1U\xfe\xf0\xee\x80w\
\x1at\xefY\xb0\xf8\xa7\xcdOh>\x0b9\xd4|\xa6\
\xf0\xc3\x10\xdf)\x86\x1fV\xbc\xa5\xcf\xfe\x9b\xdd\xf0\xc5\
O\x12zoD\xcb[>\xbfR\xcd\x86Q@A\xe3\
\x87!\xc1\x10\xa4}\xc1F\xc0pu\xd1;\xf8S \
2\xff\xdf\x110\xc3-\xe5\xc9\x17\x92\xcfdHU\xcb\
\x98\x029\xbf\xd1\x9f\xc4\xf33nFY\xc8\x93zQ\
\x13\xf5\xa2\x0a\xde\xc5(\xe2\xbb\x18oc\xc5\xeb\xbd\xf4\
O\xfeDOrr2w\x9a\xb3+\xa4\xed\xf9\x0c\xbd\
\xd3P\xf0NC\x91\xb0\xd3`}\xc6\xd5,\xc5Mf\
O\xb9`e\x01)\xb9Y(\x83`\xe38X\xf1n\
\xee\xe4d\xb4\xb5Aq\x0e\xf5J\xd5\xa1\xdd@\xf4j\
\x1dD\x9a\xc0\x91\x8a\xf7\x15\xfd\x1b\x8c\x097\xb2\x18\x11\
n\xb8\xe8\xd1\xe2m\x8b\x22\xbem\xf1\x96:\xa3\x875\
\xe06h[\x86\xf5\xe4\xce\x0ev[\xac\xbb\xa7GU\
\x052\xe3\xa2?\x09#\xb7:\xfe\xdb;@\xc8\xa8Y\
9}\x82\xce[-G32X\x5c\x1a\x0eY\xc2\xa1\
\xb2\xcf\x81\xb5t\xc8\xd3\x1c\x9e\x0a#\x9e.\xc2\x88\xf1\
\xd3\x90\xb1!Z\xf2\xafo\xfc\x9f\x03\xff\xfa\x94\x5c\xe1\
\xe7M\xddr\xf5\xf24I\x994]P6\xf0\x82H\
\x11_\x10y\xd7;>\xbcTru\xe1:\x96N\xaf\
\xd6\xd1/P\xc3\xb9M\x93 0\xfc8\xec\xf58\xc5\
\xe8\xf4%\xf1\x0b\xacr\xf7\x87VT\xa4\xa9\xdf_\xd5\
n\x81\x98\xf1\xd3\x10\xa7\x17\xb1\x06\x19#'\x7f\x0f{\
pG[\x03\xd8\xc9\x98\x12\xc3\x15/&\xee\xcbs2\
\x18?i\xa2\xe2\xfd~\xceT\xc5\xab\x99 \xd8\x18\x0e\
6&!X\xef\xf8\xd3h\xfb3\x11\xac\xc1\xfe\x1b\x92\
\xa0c\x94@\xa4\xf8-H`b\xac\xae\x85\xfd>H\
l\xec\xdd\x1a:Ll\xa6\x81\x12[\x1cW\x8f\xb8*\
\xa1\xf5\xe1\x22'\x84^!\x8bt\xac\xdc\x0ct\xc8Z\
y\x10.N\x10\xe2\xab\xacpv\xcf\xdbX\xa0H\xe0\
\x05\x87\xafV\x1c\x1a\x89Z\x03\xa1\xe2\xeeG\x9c\xd7\xe0\
-|\xf1\x0f\xd7\xa9>\xcd\xb6\xd2:\xdd\xa7\xd9i\x90\
\x0c\xf0\xa6M\x89\xcb H\xb2\xacK9\x16\xd7\xf4r\
5\x0b\x01\xd4\xd5&\x086\x85\x83\x95\xe0\x07\xf2\x95\xab\
\x1f\xcd\xcfQ\xcb\xcc\xc8$\x91\xfd\xaf\x0aV\x99f\xbd\
J\xaf2\x15\xbc`S\x12\x12(.\xfb\xc3\xde\x1ep\
A3\x22\xd9nd\x82f\x00\x134\x16\x16~\x12\x12\
\xb0\xf5\xdb\xbf\x82/=\x04~3\xadb\x052\xa9k\
@\x82\x9e\x85\x85\xdf\x858\xae~x\xfb|t{4\
::\xf4^\xcf\x12\x17\x9bR\xa4y\xccE\x84\xa9\x83\
M\xa9\x06\x1a4\xbc\xc4Td\xa8\xdbF\x98o \xca\
\xe2\xe8\xb5\x09\xf2nf\x0d}\xe5$\xee)\xc5\x91\xea\
\xc1\x873\x7f\x01\xb9\xec\xce8c\xed#\xd4T\xced\
PS\x89\xf7\xae\x8a\x04\xd8\xf7\xec\xc9\xa8\xd7\x87b2\
:Wg\x81b2f\x13$9\xbcwU\x922\xbc\
\xce\xb94\xdd\xe0\xddhk\x96b\xe3Dc(\xbf5\
\xd5\x1c\x0a\xb2\x97\x07\xa6\x9a,4\xfc\x13\x94\xb0x\xed\
\xae\xf8;'\xfe\xe1\xeb\xe0~\x9e\xb8\xf0r\xd5\xcd*\
?6\x91\x22\xf4\x99*h\xdeS\xf8mH\x10\x84\x5c\
]\xe3\xd5\xa47\x08\x1e^R?A^L\xf8\xbe\xd8\
\xa6\xd1,\xf5&XW\xe1\xe5\xab\x22Ac\xf1l\xd1\
\xeb\xdfP\xfcY~|$\xc1B\xba\x81\x02\xc5\x0f\x22\
%\x81\xe7\x1bn~\x0b\x97N\xbd\xcfs\xa4\x8f\x9b\xed\
4t\xda\xc6\xcd&)-1\x15/-U\x09\xee\xb5\
\xe7\xb7\xe1\xca\x0b6\xcc\x91\xa8\x95R\xe4 DV\x0f\
\xbaiS\xf1\xb2J\x15_V\x0d\x1f\x0ey\x91\xa6/\
\xe7\x0dN\x18\xb2\xe0\xe5\xbcQ\x03\x97s\x15o\xaaT\
\xf1MUx}\xe3\xdd\xbe\xe4\x04\x11\xe2\xc76\xc37\
U\x06\xfc\xa9\xcd\xe4\xc0\x0bV\xf1\xdeG\x15\xdf\xfb\x04\
'\xefx~@}\xd0Xk\x135BuP\xa2U\
<-\xab1)\xca\xbc\xbbgPu\x8a\xef\xa8\xa0\xea\
\xd44(\xd0*\x9e\x9aU\x19S\xf3zt5'\x9f\
r\xd3\xca\x9aY\xf8\x92\x9b\x08\x03\xa2B\x01\x83\xe8O\
\xc2$\x80A\xb0u\xee\xef\xf7\xfc\x8f\x7f&\x0b\xfb?\
\xf5\x88\xe0\xc4\x22\xa7F\xbcz\x81\xee(T<8\xab\
q\x19M\xd0\xf0ny\xf8xIv@\xac&\xb3\xff\
C\xf5?-\xf0\x84\xf1@\xaa\x8a\x0f\xa4\xc1\xda2\x97\
\xac<[\x1c\xed\xfc\xa4\xf8\x90Q\xeb\x03\xf4o\x1a\xb6\
\x0e\xde0\x1e\xf1\xd4\x84\x0c\xc7 .\xee\x85\xdep\xd9\
\xd5\xf1\x1bv\xd1\x1b\xc6m\xb1*\xa1-\xde\xe0^\xed\
,[x\x1b]\xf2Jg[u\x08\x09\xb2\xeb3 \
d\xfc\x91\x932\x0eJ\xfe\xe2*<(e\xf0>\xdb\
@\xa3\x87\x8a\xfbxUB\x1f?\xdf\x0d\x07_A\xc0\
E\xce\xd3C\x01\x17\x0d\x180Nl\xe2-|\xf0\xb8\
\xedw\x1e\xb0\xdbji\x02M\xaf\x84\x22\xc6\x1d\xbc*\
\xde\xc1s\xbf\xe8\x97\xfb\x13\xd6\xef\xe5I:N\xb52\
X\xbf\xab\xb8\x83W%t\xf0\x83\xb6\xd7\xdf\x06mE\
\xda2\xb2\x88\xbf\x996PO\x81\x1byU\x02\x19k\
\xe1\x15\x07!<\xbe\xa6\xe0\x1e5\x93\xab\x9d\xd4-\x97\
\xbe}\xd5\xe9\xfd\x95\x86!\x13\x9a8d\x82\x15\xba\xe0\
\xb4\x0f\xb6A\xac\xd4\xf1]1X\x06\x15L\xb0\x0c\xd2\
0\x15K\x13\xa7by\x9d\x1f\x5ce\x11\x1b\xaf\xd8\x13\
\xa8\x90@\x9e\x85\xc5\x15\xc3!\xc7$\xb0\xbdG\xbbm\
\x8e\x87\xddX\xa0\xd9c\x05\xcb\x8ep\xc7$\x08\x8fV\
g\x89ixl\xd2\xc4\xc7&\xff\xf2M\xb0|6\xea\
\xef\x12LH\xf6$l\xda\x8c'W\xb3A\xac)\x1c\
\xab\xf8\xaa{\xfb\xfdh\xeb\x83\xbf\xd2\xa5\xe4o\x1aN\
\xd3\xe2\x88RZ\xfb\xa6\xd1l\x81\xaf\x8bO\xce\x9a\x04\
\xeb\xeb\x9f_\xb1\xa5\x82\xe9L4T0\x11\xc4Q\xc3\
'gM\xfc\xe4\xcc}\xa4o\xdb\x14\xe2\x83{E\xb3\
\xaf\x8b\xf4\xbd\xf8\x9f\x0d\x10p\x02\x07,\xdei\x1e\xac\
\xb1\x1e\x93\x222\xd9\x16\xb4\xfe\xb4[ \x0b\xe3\xd3\xb8\
&~\x1a\xf7n\xae\xfc\xee\x16\xc8\xc2i=m\xc1$\
\x9cN\xa3$\xac\xe1_\x9c\x04\x9b\xee\xd5\xeda\xff3\
\x08\xb8\xacG\xba\xe30\xe6\xf2\x0c\x8a\x19O\xcf\x9a\xf8\
\xf4\x1c|[\xf6w^P\xaeA<\xf7\xe6i\xd3 \
[\xa7\x17lZ\x1c\x17\x8cxLB\xa8a\xbfOi\
\x1fq\xe1XZu\xc56\x9a R\x9c\x15$\x8c\xcb\
g\xeb\xfe\xe1::\xe4s\xban\xe46\x07N\xf9i\
p\xca\xd7\xf0\xd4\xac\x89O\xcd\xe1\xeb\x036\xcd\x81\xcb\
(\xd7\xfdc\xcf\x01\x1dFmt\x18\xd5\xf01W\x93\
p\xcc]\xe6\xccho\xe5>x\xbbM\x22r\xa3\xe3\
(o\x22\xc83\x87\xe1\x82\xb2\x9c\xc0o#!C\xb3\
9\x1c\xcc\x82\xb7\x91\xaep9S\xf84\xd23\xe8i\
\xe0\xed\x84&\x85\xe1\xe1o\xf7\xf0\xa5\x91\xefT\xd0\xa1\
\xb1\x01&\x0e\x0d\x1f\xa0\xb5\x84\x04\x07\x88\xb5\xd1\x97\xef\
\x9c\xb3t\xf1\xfe\xcfv8[\x8a\xd6)\x19\x93\xde\xc7\
\x1b\xe0\x1b\xe3Y_\x930\xeb\x1f\xcc\x07\x9b\xbf\xbc\xd9\
\x13\xafwC\xa0S\xca\xae^\xe1\xab\xb6\x22\xbd\xb6*\
\xb8\x85\x22\x08\x1a\xff\x00\xc5\xe7}\xce\x99\xef\xff\xe5\xff\
\xfa\xe9\xad-\xd3\x04c;\xd2\xd1wI\x81E\x1b`\
\x134<<k2\xf4L\xce\x83\x17\xdf\x83\xc7\xcd\xe0\
~\x9f\x04l;\xd1\x8a\x90\xbc\x8c6\x0b\x0d\x902\xf0\
\xfc\xac\xc9\xb2\x1a\x03)\xe3\xbfVc0kd\xf2 \
kL\xe1\x17=%\xfe\xa2\x83\xd3\xf5p\xed\x02D\x9d\
s\xec\x09%0g\xa3\x88\xf1w\x9eJI\x00\x81\xec\
\x8f\xee\xd6G'g\xfe\xdb]\x12h3\xcd\x994V\
\x19\x14\x14c\x1a\x14\x94\x18^V\xc4\xc4\x97\x15\xfe\xd1\
\x19\x1b\xfd\xbd\x95vx\xf4'q\xb7\xc61\xaf\xe5\xb4\
^\x81\xb8\xd7\x9a\x9dn\x81\xa8\x138j\x19\x8a\xa1\xa3\
\x17\xa7\xacvS\xb2By\xa7\xc2\xf9\xe7.\xd0\x14\xca\
\xa7A\xe6\x88\xe1\xd3XL\xc2i\xac\x7f\xe3\xef\xac\xe0\
\xfd\xb19a<\x85\x1b\xe4\x18nDc\xe2\x8d\xe8\xf8\
7\x18\xbez\xa4\x80\x84\xd1o0[\xae\xd3j\xce\xd9\
:\x88\x17\xbf\x0aq\xd4\xa3\xbfs\xc2\x85\xf5\xe9\x09\x8a\
#@\x9a\x0e^\xbde\x9a`\x82\x8a\xe1\xee(&\xde\
\x1d\x8d\xfa\xbb\xc1\xe2\x02\x90\x9a\xb2\xa3f\xbf<Al\
\xcaN\x03\xb1\xa9\x18F\x8f\xc5$P`g_qn\
&M\x1c\xe4%%\x82\x8fM\xa0\x0e\x9a5@\x1d\x8c\
\xe1\xaa\x12\x93\xc3)=\xbc\x04\xbd\xe8\x98S\x8a\xb6\xdf\
y\x04z\x8b\xe1&)&\x01\xd7\xb4\x7f\xe4_.N\
B\xf8s]Y|c\x98\x017\x86\x18n\x93b)\
Y\x94\x95\xdb\xae\x7f\xd7\x87\x94\x15\x0e\xeen\xd0Q\x9b\
\xf9\x06\x88\x1a\x7fk\x09\x97\x86\xf5\xfd`\xb7\x8fd\xd5\
u\x8e\x9c\x86\xba\xea\xa4\xa8I\xea\xd9\xb3\xd4\x14\x8dj\
y\xfa\x93h\xf6\xb8\xff\xcb\xbb\xb8\xf8'\x0b\x99\x9a\xac\
\xf8\xcfP/\xa7I;\x0e\xb3\x96\xce\x83\x80\x9f\xe1\x80\
\x9f\xc9\xb0\xe3\xd8X\xf5\x0e\xd7\xfeI\x98qp\x9cl\
\xd4\x90\xa6\xa9\x1aX\xca\xa4A\xc01\x1c\xb0\xb8\xd40\
{\xc6k\x9f\xe8/\xacGPd\xf0}\x8b\xf0\xfbj\
8\x5c\xf1K\xce\xc3s\xf6\x8f\x0c\xb7\xc8\xc2eo\x98\
\x8c\xb6\x08\xa3\x05\xfb\xef\xa7?\x89>\xdf\xbf^\x84\xd7\
\x7f\x91\xd1f[ \xd4l\x0b~\xd8\x04\xfe\xb0\xe2\xbd\
Et\x09!C}\xba\x84\xd0\xe1\xb6L\x14.P\x83\
|\xfa\x93\xb0\x82\xdefx\xdd!\xc3u\x9dr\x0d\xbd\
\x03\x17f\x85g8\x8d=\x13\xa7\x91\xde\xbe\xf0V\xb6\
\xc9hYANgA\xb4\xb54\x8c\x16\xbf\xdagq\
\x19\xc6\xcc\xddv\xd8\xef\xff\x93><\xba\x96\xa1\xa7i\
\x07$\x90\xc1\x9e\xe1\x94 \xe1\xb8{\xfci\xf8@\x7f\
\x5cC\x8f\x02\xa6\xbf\xae\x01\x7fh\xcfp\xc2\x15?\xec\
\x86\xcfg\xbd\xf9\xe3\xe0\xe4\xe4\x9f\xc4\x1e\xb9\x92\xcb>\
\xe95S\x1f\xd8\xce5\xd1\x07\x9e\xc2\x11O\xc9@\x81\
\x9c\xcc\x83\xd7\x9b-\xcf\xa0\xd7;\x83\xbe\xaf\x82\x9f\x83\
\xa2\xc90\xdbx{NF\xcb\x06\xe7\xa6\x05\xfa\x85|\
\x13\xbe\x86$\xfe\xb6\x12`\xd1\xdd\xe0#\xdd\xe0\xd8\xff\
\xe1+M:Z\xbb\x00\xbf-\xeen\x14\x09\xca@7\
\xc1\xb7e\xd4,\xd8\xe0!\x986\xfc\xb4)\xfciS\
2\xf8\xa2\xe7K\xa8wtQ\xb0.\xfc\xb2\xb8\x9e\x89\
\xabd\x8cM\x99\xc9`\x9f,\x99\xe9p\x0b\xf8G\x86\
\x0b\x9a\xb8\xef\xb9w\xfcv\xf4m\x87\x0c\xb7\xc1\x07\x1f\
\x10m#\x0f\xa3\xc5\x09L\x11N`\xa3\xadSo\xff\
s\xd0\x1b\xfc\x93\xfa\xb8-=R-J\x93\x08]\x94\
p5\xfcu5\xf1\xa9g\xf7\xa5w\xf6\x8bN\x0a\x0e\
K\x0a\x7f;'\xe0nA\x82d\xca\xfc\xb17O\xe7\
[^\xcc\xa21\x8d\x0e8\x07[G\x15\x7f]q\xa6\
\xc4\xf0v\xd1\xef\xd2\xadcM/\x97\xd0\xdb\xad\x95`\
_\x8e?\xef\x94\x0c}\xc1Qg\x96\x8c\x96\xdf\x9c]\
T!\xea0\x8fix\x8c\xd0\x12Rh\x97\xd7(\xe9\
\x1a\xb0\xa0\x99\x06\x0c\x17\x97_q\x10\x0d/h\x9f6\
\xffI\x8e\xbe\xd94=\xf6\x820q\x02\xd3d$0\
\xff\xe2\x10U\x87H\x8f\x0f\x94\x07\x98\x13\xa6p5\x9b\
Rdp\xb2\x07\x1f\xe8\x96<\x22\xfd\x81W`\xc0&\
L\xc1-\xb9\x12\x13\xa7\xd2\xb1\x91'\xbc\xe9\xfe\x93 \
\xd2E\x03\x84\xed\xa4I\x0eR\xcb\x06\xafA\xc1\x8fV\
\x1cf\x19>\x7f\x1e\xec\x9d\xd1\xb3/\x97W\x03\xa3\xef\
4\xcc\xb68!\x88\xbb\xde\x07\x8b_\xc2\xab[\xbaS\
p`\xb2m\xc0d\xab\xe2\xd9A\x5c;\x89oGg\
\xb7\xc8`#\xefT\x94\xbd\xd2\xb0\xc3U\xf1\xbbU\xc5\
ww\x91u*H\x0b8\xd7\x16`\xaeU\xf1\xf0 \
.]\xee-}\xf6\x96:0)\xa0\xe9\xc1\xc0\xdf\x16\
\xa7\x5cuJ\xc2\x86\xdf\xbb9\x01C/?e\xc2\xbd\
B\x0d6\xb9*\xce\xb9\xaa\x8c\x09\x22h\x1f\xa3\x1aQ\
B;\xa6\x02\xfe\xa5\xe1\xb6F\x95\x80\x01<\xe0\x15\x82\
\xf8\x99E#:\xf5\x1bC\xad\xb8\x8as\xad\x0cm\xb2\
+\xff\xb6K\xb7\xe2V9\x0f\x0b\xaf\x8d'\x1d\x9cm\
\xc5U\x01\xf96\xff\xfb\x11\x1a\xd0a\xdd5a\xddU\
\xf1\x84\xae\xa6d\xb45\xdbm\xf4d\xed\xff\x80\x17\x0b\
\x13\x82\x86\x83\x15\x87/\xfb\x17\xf3\xc3\xdbG\xa2Ut\
\xf8\xe2\x83^{\x80\xd6\x0b?\xd8)\x09\xd4\xf5%\xff\
\x92\x1e\xc7\x5c\xab\x0e\xf7\xe2u\xea\x9b\xc6\x93I\xe8\xe9\
4\xfe\xd3\x9f\xc1\xfe\x7f\xfda\xfe\x0f\xc4\xb1\xdbW~\
o\xc3[\xe8P\xf3\x02\x17G\xe2\x07\xf6\x0c\x82\xe7\x98\
M7\x03\xe2Vq\xdc\xaah\xdc\xc1\xc1\x80\xfb\x9d\xf4\
\xcf\x82\xde\x9f\x9c\xdf\xaa\xf3\xe4t\xd9\xc8Ze\x0a\xda\
W\xcd4\xca h\x0d\x07\xad\x09\x7f\xec\xe3/\xde\xfc\
K\x80\x0d\x18+\xd5;\xc8t\xaf\xde\x22\xc1\x01<\xae\
)\x1c\xf2\x94\xf8\xfb\xd8c?;D\xe5\xab\xb0\x9f\x1e\
\xa2\xf2\x990\xde\x18\x8e7&\x1c\xef\xd9\x1dk!A\
\xbc\xd51\xb2\x1dD\x5cM\xc3\x88\xe38\xe2\xb8h\xc4\
\xdcqh\xbd\x8b\xc0\xcb\x11r\x19a\x97\x8b0\xe0\x04\
\x0e8!\xfc\x89\xdb\xdc\x82x\x02\xc2%r\x0fA\x18\
\x97\x1c\x8c9\x89cN\x0a\x7f\xe4\xfe~\x18-\x1a\xa8\
\x98m\xce\x1a\x00\xf1\xda30\xde\x14\x8e7%\x1a\xef\
\xff\xfd\x7fqs\xf8\xce\xe3\xe8\xf9\x9f\x8ajMc,\
\x5c\xe8T\xea4\x9d\x8f\xfd\x07\xf9:\x1d4\xb8M<\
\xfdI4'\x9f\xaecz\x5cn2=.G\xd3\xe3\
x\x5c\xb8\xfc)\xc2\xe5\xcf\x7f{\xce\x9f3\xad\x89\xcc\
k\xdf8f\xac\x8a\xdc\xcc\x93\xaa\xc8<8\x5c\xfe\x14\
\xe1\xf2\xc7_G\xff\xcck\x7f\xf7\xd6o\x81\xb3a\xd6\
\xe2\x03R\x8d\xb66\xcc\xd7@\xd0\xb8\xfc)2\xca_\
8\x7f\x04\xe80\xf5\x88\xf0\x90-C:L=C\xa2\
\x97yd\xb8\xa0(\xc2\x05e\xd8;\xf6\xd7>\x81\xcc\
\xc1-\x00&h\x05\x16`\x82VpEQ\x84+\x8a\
7\x98\x0b\xffZ\x04\xdf\x99=\xea\x92n\xc1\xaf\xdc,\
\xc1\xaf\x8ck\x8a\x22\x5cS\xb8\xe2\xcc\xde_\xe1\xf9\x86\
\x7f\xf9\x918\xc3\x1a\xd9\xa6\x95MWh\xfe\x5c\x1a\xc4\
\x8b\xeb\x89\x22\x5cO\x86w\x1b\xa3\xcdo\xa8\x9ep}\
oTO\x9a\xf0I\xe0z\xa2\xa4\xc4\xdb\x22\x0e\xf0\x04\
\xf1rp'\x08W/\xa0pU\x5cI\xd4g\xe2i\
\xf9\x0e\x9b\xbfqe\x9cI\xeeo\xb94*%*.\
%\xaa\xf8$ur\xc2\x0d\xe0\xc0'\xae\xe4\x1c\xf4\x89\
aG\xa4\xe2\x0a\xa2\x0aW\x90\x7f\xfd;x\xbe\xe7\xdd\
\x1cP\xcauO\xe3\x1e\xad]\x07\xa6=\x15W\x0eU\
\x93\xf0|\xfd\xd9W@\xe3r\xec\xfc\x86$.uZ\
\xe2\x92\x87\x85\xcb\x86\x1a\x13\xef\xea\xcf\xfd\xdd3\x8a\xd5\
P\xb0\xb2\xd3\x0e\xc9i(L\x83\xaeM\xc5\xd5B\x8d\
\x8b\xb7\x9a\xfe\xd5,7\xc2\xdd:$ZM\x16m}\
\xec\xe9E\x1b\xdd\xd4A#\xa1\xe2j\xa1\x8aO \x9d\
\xc7\xa0\xd3\x1f\xcd\xafSjT\xac/6\x9c\xb2=v\
\xc8\x22i\xb5\xa4\x8e>\x0f\x0cW\x0cU|\x02\xf99\
\xe7\x9doQ\xe6\x90\x8dJ\xb6JzC6\xb2\xa0\xb5\
Tq\xa9P\xc5K\xc5\xea6o-W\xee\xbd\x1f\xa7\
\x94H\x00k,]\xab\xe9P\x01\x97\x1b.\xf8\xadi\
\xb8Zh\xc2\xd5\xc2\xbb\xb8\xe0\x94\x8b\xc7M\xca\x19\x99\
\x9f\x0aj\xa65\xa6\x00S\x19\xad\xd6(\x82\x98q\xb5\
\xd0\xc4\x07\x8f\x9d\xc3`\x0dM\xfd|\xf0\xe0\x09\x18T\
\x8c&\x5c\xadh\xb8bh\xe2+\xb7\xd3~8X\x80\
\xce\xe4%L]0K\xa8\x22k\xb8jh\xc2U\x83\
k\x9f\x1c\x7f\xf1\xce\xf6)\xed\x93\x08\xbaa\xd1\xc2'\
\xa4\xa6\x13\x0f\x09W\x0cM|s\xd5\xbfa=\x0fx\
\x11F6\x8d9\xec\x06\x5c\x5ci\xb8ph\xc2\x85c\
\xf8\xf0~tx\xc9\x86#j\xd3\x1d5\x10.k\x83\
\xa3M\x05Egq\x8b`\xdf\xad\xe1\xd2\xa1\x09\x97\x8e\
p\xa9\xcb\x97\xdd\x84\x9c\x08W1t\xa2\xf4F\x8a\x18\
6@\xb0\xb8fhI\x09S>\xfb\xefG\xcf\xf7\xc2\
~\x9f\x9e\xf2\xd9\xff7\x97\x91 \xe9\xeb\xc5:(\x1f\
\x1a.\x1f\x9ax\xf9x|\x1d\xee\xde\xa1g\xfc\xe4R\
\x8f\x1e2LlS8\x17O\x89\xe7\xe2\xeb\x1b\xaf\xbd\
\x08\xbaK\xce\x22{b\xaf\x93\xfd\xa5\x99G\xfd\xe5\x14\
\xce\x16S\xe2\xd9b\xd0\xf6w^S\xef8\xcd\xca3\
\xfd\x88\xd3\xe8\x11O\xe141%\x9c&\xc2\xd5\xae\xd7\
\xbb\xe1N\x00\x8b_(\xb4LQ\x7f\xe2r6\xc8\xb3\
X\xb1\x86\x82\xc6ibJ8M\x8c\xfa\xbb,S\x8c\
\x7f\x7f$g\xf6\xb7}\x0c\xd9S\xd8\xcd\x16\xe8)\xa6\
p\xba\x98\x12N\x17\xa37\x03\xbe\xcc\x5c]c\xa1\xd3\
j\x17\xd1K\x1e_\xf5\xa8\x8c\x917\xd1S\xc6\x19c\
J8c\x04/\xbe\xb3\x80\xd1\x86\xcd\xc1\xbb\x94\x02\xdc\
\xa5\xc4p\xbb\x19\x13_s/\x5cx\xab{`\xbd\xa6\
[\xe9\x0a\x5c\xae\xe9i\xb4\x5c\x8b\xe1\xfc\x16\x13\xceo\
\xc3\xc7K\x0e\x0a\x85+L\xee\x81\x0c\xbe0L\xc81\
\xdci\xc6\xc4;\xcd\xde%{\x11Tr+\xf3\xa7K\
g\xb7r\x13$\x8a\x18\xee1c\x9a\xf8\x1a\xc5\x7f~\
\xc0\xfe?\x82\xcdw\xc4&\xa5f\x15\xb3U\x87VO\
\xaf\x15\xab ^\x5c7b1\x19\x89\xad\xddG&\x90\
\xdc_(\xfb\xffc\x03YG\x07\x8f\x18\xae\x221\xf1\
*\xb2v1|\xe8\xfa\xd1\xdd\x918\xe0\xb1_]\x9d\
\x1fvi\xd3)\x90\x8cc\xb8\x82\xc4\xc4+\xc8\xfc&\
\xeb\xdaX\xd8\x14\xb0\xc6\xd0mRW\xa6`\xa0\xfc\x80\
\xebF,)\xbe];\xf0\xda\xe7\xd4j\x22\xadWl\
n\xbaA\x02.\xd13\xc0\xb5\x22&a9\xb1\xc6\xdd\
a\x7f\xf6\xbd.ih\xc2~l\xec\xf3\xe6Kd\xa7\
V-\x94\xe8\x90\xe3\xb8\x5c\xc4\x9f\x89\x1f\x906\xfd_\
+ \xfb\xbaN\xd9\xc5\xfd\xb0\xeb\xa2\xf4\x1b\xc7\xf5\x22\
.\x5c/\x82\xd9\x01Kg \xe2\x8c^\xaeB\xd0G\
\xa6\x0a\x03\xc6\xf5\x22.\x5c/\xc2\xc1\x82\xf7y\x16\xb4\
\x98%\xdd\x8a\xfcBP\x87Yj\xa0\x0e3\x8e\x0bG\
\x5c\xb8p\xf8W\xfdp\xee\x11|\xe4i\xdd*c\x0c\
\xc5t\x19~e\x5c:\xe2\xe2#\xc7|7\xbc\xee\x80\
\xaf\x5c\xd4\xad\x9a>\xe1+\x17k\xf0+\xe3\xb2\x11\x8f\
KX\x01\x85\x0b_\xbdN\x9fZ\x01\xf1\x8e\xb8\xee\xd0\
+ \x13\xac\xe2\xe3\xb8f\xc4\x132:K\xf6\x8e\xc1\
\x09\x89?ctCj\xc0\x17\x81\x0bG\x5c\xb8p\x04\
s?\xfc\xdd.x\x11\xd5l\xc1\x9a4\xd9U\x0b\xf0\
E\xe0\x0a\x12OIX\xb3\xf9\xef\xb6)kX\xee-\
U\xa6\x8da\x0dR\xcc\x9b\xc5\x93\xc0\x95#!>h\
\xf4\xae\xfd\xcf\xc8^\xa1\xc5\xca\xc6$7\xba\x96\x89v\
\xae\x09\x5c;\x122\xf0\xa4\xc3\xfe\x01\x96\xe2t\xd1\x13\
6a\xadK\xe0\xd2\x91\x10.\x1d\xfe\xf2\xebp\x15B\
2\x9d\x0a\x7f\xc3\x08\x91\x09o\xe3\x09\x5c8\x12\xe2\x85\
\xa3\xfb\xc6\xebo\x03a:n\xae\x80T\xe9\xd2\x86\x0b\
\xf6\xda\x09\x5c6\x121\x19\xb7\xdb\xed\x1f I\xe8\xe5\
\xa6\x83S\x84\xdeD)\x22\x81\x8bF\x22.>\xd3\x85\
\xdd\x1e\xe5\x93V\xab\x97\x1d\xe0\x92\xc6\xfe\x04*F\x02\
W\x8c\x84\xf8%\xf4\xf8\x93\xb7\x7f\x1e\xbc\x5c\x22V\xad\
\x86\xd5\xb4h\x80\xa0a\x80=O\x02W\x8bDR\xc6\
\xe8\xf9\x88\xf6<|\xf4\xac\xe2\x93\x97\x0d\x1b\xcb\x04.\
\x16\x09\xf1\xd5T\x7f-\x1c|e\x8d\xcf\x9f]e\xd6\
2\xb8\xd8\x11\xd5P\x1a`\xdeL\xe2b\x91\x14\x87\xcc\
\xec\xbc\x0f\x06\xe7\x14^\xd4\xe5\xd7D\xbd\x0c\xc0\xa2.\
\xeat\x92\xb8L$\xc5\xcbD\xfb\x8a5e\x5c\xea\x96\
\x18\xe7\xf9\xf9\xb3>\xde\xfbQ\xa7\x98z\x13}_\x5c\
(\x92\xaa8L\x22\xe8t\xd8{\x18\xde.\x110\x89\
(\x87\x95\xb2csy\x12)Q+\x01\xa4D\x12\x17\
\x8b\xa4&\xe1\x82\xe4\xefw\xd8\xcfnx\xff\x0b\xe0D\
\xf5\xf1\x0f\xaf@\xaf{Z\x8d*\xf8\xe1%1\xed \
)L;\xf0w\x7fy\xaf9*\x85\xd2\x8c\xe55y\
\xda*\xd7\xb3P3\xb60]\x07\x18\x8f$.uI\
q\xac\xe8\xed\xa2\xb7\xbe\x0c6\xc35\x9d\x8d\xfa\x0e\xdc\
\x0d\xd7\x5c\xb4\x1bN\xe2\x02\x92\x14\xbf\x87._\xb0\xff\
\xde{\xb9J\xc1\x7f\xdc\xa8\xf9i=\xcdu\xe4u\xa6\
\x85^5\xae$I\xe1J\x12\xee\xde\xe1JbN\xae\
$&\xac$I\x5cI\x92)\xf1\x9e\xc2\xdbY\xf4\x06\
\xed\xe1\xc3\x0e\xd1VpE\x11\x8b\xbd\x0e\xb2\xb1(\xa4\
A\xdb\x96\xc2\xf5$%>|l\xbe\xf3\x0f \x91\xc6\
\xb1jxmU\xad\xa1O\x9c\xc25%%~\xe6\x88\
\x14A\xc3\xf3\xa5\xe1\xc36T\x04u\xad(\xeb\x91\x8a\
\xa0.\xc8\x19)\x5cWR\xaa\x84\x99\x9f\x9f\x0f\xd0\xcc\
\x0f\xc9?:\xc4\x96\xa7pAII((o\xf1-\
\xa9fZ\xf8\x96T\x83\xb7\xa4\x14\xce\xc9\xa9\x98\x04R\
\x8a\xbf\xf3\x06T\xc0\x1c\xef2&T\xbf\x5c\x13U\xbf\
\x14\x1e@R\xe2\xc8\x9a\xdew\xbf\xb7\x11\xacu\x87\x83\
\x03\xb2\xfaq\xa0\x0a\xaf}i\xb2\x94\x14\x5c\x13`\xe2\
S\xb8\x94\xa4\x12\x12\xa8\x82\xec\x97\xc7w\xf37'\x04\
U\xf0\xc91m\xcc\xdb\xa7\xc6\xd3V\x01\x00\x82R\xb8\
\x96\xa4\xc4wX[\x97\xe1\xec\x16\x18Oy\xdd\x8b|\
\xe8\xe1\x88Z\xb3\xd1\x88\x9a\xc2\xe5$\x95\x92\xd0\x1f\xf9\
\xbb\x9f\xc1j\xa8\xf0[\xe4\x16\xac\x86\x0a\x19\xb0\x1aR\
\x9e\xc1\x8a\xa2<\x13\x87i~\x9e\x0d\xe7\xf6\x01\xcc\xe6\
\xf7\x8a\x1e\xc1l\x1a5\x00\xb3Q0=Zy&\xa1\
\xa6,\xf2+\xde\xcb}\xaa\x9d3\xf4\x12\xd9\xc9\x19%\
\x10\xa9\x8a#\x15_d\xbd\xed\xf2\x92M\xbbY\xd4,\
V\xb1\xa1\x9bE\xad\xda\xcc\x80\x885\x1c\xb1&\x01\xc5\
\xed-u\x80\xa7p\xde\xa9\xd8\xd8\xe1=o\x1b-\x10\
q\x0cG,\x5cK\xc2n\xcf\xdb\xea\x86\xd7\x7f\x9e\xfa\
\xcbN\x85\xbd\xe0\x16YD\xca\x0d\x14k\x1c\xc7\x1a\x97\
p\x7f\xe6._\xe7[\xc3\xc7\xd7T\x86\xe0\xd9x\xc6\
\xaa\xd3\xa8\x8f\x99:\x888\x81#NHX\x14\x867\
]\xc8Q\xb2!\x81\xc6\x06\x8d\x85\x82)\xc5\x8a8\xa5\
8\xbc\xee\xf0\xf7\x80\x86=\x8b=\x09<\xec\x95\xc1\xb0\
\xa7`V\xb1\x22\xce*f#u\xb8\x82|y\xd9D\
]\xc2\xcb\xee\xe9\x12\xfa\xc8\x98R\xac\x88S\x8a\x87\xb7\
\xfb\xe1R\x17Y\x9a\x8cqx\xd0\xd2\xa4\x89\xca\x1c\xa6\
\x14+\xe2\x94b\xfe\xc3\xbb\xb8\xf0\x96\xdey\xed\xef\xd4\
\x0f/\x12\xccg\xc3\x08\xdd\x05\x15j@\x06D\xc1|\
bE\x9cO<zX\x1b\xed \xd7\x0a\x83w\x9c\x13\
\xe0\xe7.|\x1a\xb8|\x88\xb3\x89Y\xd7\xe6_/\xa3\
u2g\x13\xa3\xd1\xc9\xce\xc0\x80\xa7p\xc0S2\xa4\
V\x8e?\xf9\xbb\xbd\xd1\xf3\xf7\xa44\xa3\xde2Y\x09\
\xa9\x90\xda\x8c-PC0\xf7Y\x11\xe7>\xfb\xcf\x0f\
\xf8\xad\xf4\x80\xb8\x84\xb0\xcc\xc6\x86&\x92Pc\xa3\x8f\
\x8b\xcb\x9d\x04\xce\xf3\xf1\x17\xefda\x82\xb4J\x19\xea\
~\xd4\xcb\xf09\xe0r'Ny\xf6\xf6\x8fX\xfd\x98\
0x\xe4Y\x05\x990x\x94\xc1\xe0\xa1`\xe2\xb3\x22\
N|\xf6w\xcf\xbc\xf6\x1ch\xe2\xa7\x1d>\x98\xa2\x16\
~\xdaE-<\xa6>+\xe2\xd4gn\xe3\xfd\xea\xa3\
\x7f\xd5\x09\x9fo\xd0+\xf0\xfc\xd8O\xafL6\xc7\xad\
\xbcMK\x05)\x98\x01\xad\x883\xa0\xb9\xa5%\xb7\xb7\
iS\x07\x12\x96,L\xdd\x9a\xb1\x00\xfc\xdc4g\x8a\
 d\x5c\xf8\xc4\x09\xd0\x9cn\xb5\xfa:\xf8\xeb\x17\x85\
\xb5i\x99N\xa5\x8a\x8c\xa6[U\x10..y\xe2\x04\
\xe8\xf0d0\x9a\xfb\x1c\xfej{\xdd\x07\xe2\x04\x95v\
2\xa6^1h\x91\x84t\xc6\x00\x11\xe3\x8a\xa7J\xa8\
x{a\xff\x1c\x0d\xfd\xce\xff6\xf2c\x16\xb4\xa2\xca\
\xb8\xfd\xb3\xf1\x99\x95\xbcp\xee\x91h\xe9\xa3\x8aW\xa6\
O\x0b\xba\xd1B\xbf;\x5cG\xc4\xd9\xd0\xfe\xcf\xaf\xc1\
\x87\xf6\xb0\xf7ix\xbbGZ\xbc[\xdcF\xcf%\x7f\
v\xf9\x8c\x0b\x22\xc6uD\x9c\x0c\x1d\xbe>\x08\x16\xef\
8\xf1\x83\xe0\xebr_\xe4\xec\x98\xbfD2v\xedz\
\x1e\xe4dL\x86VT\x19\xc46\xce\xe1\xde\xba\x0e\xde\
o\x81\x9c\xecT\x8c\xb1\xb86\x99\x93\x0d\xf4\xa5q%\
Q%T\x92}\xff\xe0\x845\x18\xfe~\x97\x16P\xd5\
\xad\x82U3i\x0d\xd5\x02})S05Z\x11\xa7\
F\xf3;*k;\x09&Ea\xcc1\xa6\xb9\x14\x05\
\x13\xf4\x16\x98\x13\xad\x88s\xa2\x83\xbd\xd7\xac\xb7\x00\xc8\
&\x96\x8c\xdd\x88RJ\x83\x9bL\x17\x80\x9b\x14\xcc\x89\
V\xc49\xd1\xdc\x22\xf4\xf1\x14<\x89\xc8\x22\x94\xdf\x16\
\xe8'\x91v\xe1\x93\xc0UD\x9c\x15\xed_\x9e{\x07\
\x88g\x5c\xd7\xad:<\x9d\xd6\xeb\xa8Q\xc6\xc4hE\
\x021z\xe1\x8b\xbf\x18Q\xc4\x16\xe7\x89A\xcf\x1d\x93\
3\xa7\x01]\xc5mN\x83\x98q\x19\x11\xe7F\xf3\x9b\
z\xfb\xca[\xf8E=\xe5\x22\xd7\x07\xca\xb3\xd2G?\
\xe5b\xb3\x85\x9e2\xae#\x12\x98\xd1\x83M\xef\xe7m\
\xd8Y\x0ev\xc9\x93\x02/\xd7\xe54M[\xd1\x8d4\
\x88\x18W\x11qz4\xeb\x8e\xfd\xdeG\xc0e\xe2\xdd\
\xb1kMb2\xcd\xb8\x80\xc9\xa4`\x82\xb4\x22N\x90\
\xe6l\xe3stpbm}\xb6\x8a\x87>3\x8b\x86\
>L\x90V$\x10\xa4\x0f\xce\xf9\xd1\x97\x16\xb3aE\
\x84V\xb3\x01\xc02e\x0ag\xb7)M\x02\x076\xe8\
,P0\xb8\x88\x00\xcb\x11-\x00\x08\xd7rQ\xbc8\
Q\x88\xb3\xa3\xb9\xed\xc1\xc2\x1d\xfb\xb4\xfe9\xe8\x84\x22\
%\x85zv\x86\x1cN3\xf5\x19\x104N\x15\xe2\xec\
h\xae\x0f\xd3}\x08z\x97\xc1\xc5%u\xc9cS\x13\
\xfbO\xc93\x9eQ\x06\xc71\xcc\x8cV\xc4\x99\xd1\xe1\
\xd2\xa5\xdf\xdb\x98\xa0'\xc6[\x0b\xa8'\xe6\xa2\xd9\x09\
\xd3\x8c\x15q\x9aq\xb8v1\xee\xebI\xa6&\xab\xd3\
\xd9\xff\x89\xa6\xa9`\xaa\xb1\x12\x93\x22'\xfd\xd0\xc3\xf0\
\xff\x19\x0b\xef\x91M$\xb5\xaa`\xb2\xb1\x22N6\x1e\
\xf5^\x8dz\x87\xc3\xc1\x076\xac\x12U\xc4\xe6\xdb\xac\
2]@\xec\xa6\x0e\x02\xc6)N\x9cr\xecmu\xfd\
\xd5\x1bo\xa1C\xd1\xfc\xd9\xaf\x8f\xe5\xe4\xb1\xfa5\xcd\
\xf2o\x142`\xe4\xc3\xc4cE\x9cx\xec\xb5\x17\xfc\
\xb9\xf7\xa0S\xe6\xee_\xa6\x03\x87\xa7\xa6\x89:e\xcc\
9V$p\x8eo\xba^\x1f\x8a\x06;\x06\xbc/\x18\
\xf0!\xe3\xac,\xce8\xf6\x0f\xfa\xc3\xde\x1b\x90\xe4j\
\xbf\xc17 \xc9\xd5\x0a0\xc9\xe1\xc4,N=\x1e>\
\xecx\x0b\xf7^\xff\xcf\x0b\xaa[q\x8aY\x92y\xec\
\x16Qf\xc3m\x9b8\xf3\xd8\xdf_\xf4\xdf\x22]\x1b\
\x16l\x0e'6\x17)<*\x98x\xac\x88\x13\x8f\xfd\
\x1f'\xec\xbf\x07\xef!\xcd\xbe.z\x0b\xe9\x22z\x0b\
\x98v\xac\x88\xd3\x8e\xbd\xcf\xb3\xa3o;\xa3\xaf\x9f\xa9\
\x957\x973\xd6+y\x87\x5cx7\xf2y\xb0\xf0\xc6\
\xb4cE\x9cv\xec\xdd|\x1e\xde>\x87\xc2%\x90\xea\
V\x80\x07S\xcc8V\xc4\x19\xc7\xe1ug\xf8p\x8a\
\x0eN\xbae;\xff\x0b\xceM\xc1\x9ccE\x02\xe7\xf8\
p\xce;\xfeFM\x1e\xba\x95\xa3U4\xf5\x1c\xe8\xe3\
1\xd1X\x11'\x1a{\xab{\xc1\xe6;\xc4\xca\xabT\
\x1d\x0b\xd2\xf2\xaahs\x85\xb9\xc6\x8a\x04\xae\xf1\x8b\xef\
\xbc\xb7D\x8f7\xea-\xd1\xfb\xcd\xc3\xf7\x8bkE\x5c\
\x82L\xc5\x22\xfb\xca\xd4h\xa7\x97\xd3H\x0b_O\xa3\
\xd7\x80\x8b\x858\xc988\xbc\xf4\x8e\xaf0J\xba^\
A`\xa6\x1a\xdc\xb1a\xaa\xb1\x22N5\xe6\xe2\x83\xfd\
]\x7f\xf0\x9c\xbd\x09\x8a\x18\x1du\x0fy\xc0\xb61l\
\x80\xdcU0\xd5X\x11\xa7\x1a\x07\xbd\xef,l\x8c'\
\xe5\xa2\xe1\x00Lj\xa0K4\xe6\x1a+\xe2\x5c\xe3`\
\xfe\xcd\xf0v\x9fZ\xc6\xbbz\xd9\x18k\xf6S\xed\x83\
\x012/\xa6\x19+\xe24c\xefv%\x5c\xbd\xa7\x85\
\x12\x0d 0\xd7\x84\x91\xe2\x1a!N0fM\x837\
\xbf\x02\xde\x01k\x1a\xb8K\x18z\x09y\x1b\xbe\x04\x5c\
-\x12\x12\x00\xfe{\xe1\xee\x1d\xa8\x16\xae\xce\xd7>\xa8\
\x5c\xb8&*\x17\x98h\xac\x88\x13\x8d\x83\xdd\xbewr\
B\x91\xa2\xd3\xba\xa5\x03RtZ\x07\xc9\x17\xf3\x8c\x95\
\x84\x84\xe3\xe2<\x17yxK$\x05\xaeeT\xa33\
\x02\x1801\xbdX\x11\xa7\x17\x8fv\x06\xfe\xf2\xe2\xf0\
v\xf6\xcf\x8af\xeb\x1cuG\xa2]\xc1\xf4\x83\xd9\xc5\
\x8a8\xbb\xd8\xdb\xe8xg\xef@\xefX\xe0\x8d\xe3\x04\
\xed\x97\x02\xd2~Q0\xc7X\x91\xc11\xfe6\xec\x0d\
\xfc\xed_\xc1\x97\x1e\xf1j]\x16\xb1U\x04\x5c\x14\xb7\
\x06\x06\x0a\xcc1V\xc49\xc6\xc1\xec\xc0[>\xc6\xc2\
K3P\x0a1\x03wg\x98^\xac\x88\xd3\x8b\xf9\x83\
\xe8,\x01\x08\x7f\xf4 \x5c\x0c\xe2\xaf\xb9\x08\xc4\x8f\xa9\
\xc5\x8a8\xb5\xf8_\xff\xf6n\xdf\x04\xafO\x09\x1a\xe6\
\xb4\xde\xd0\xc9\x9el\x1a\xbd_\x5c\xd7\xc4\xd9\xc4^\xef\
\x86\x17\xe1n\x8f\x10[\x8a*\x9aC_\x0f\x01l&\
\x89\x0bZR|\xfc\xb9\x1bx\xc7\x9f\xf8\x19\xe3`\x83\
\xf6\x043\xf4z\x96\xa6\x9f\xe4\x8d:\xa0\x9f`\xe6\xb3\
\x22\xce|f\x89ax\x7f\xc4\xde.uya\xa9\xc1\
\xd0\xa3\xa7K\xde]j\x86\x01\xee.\x98\xf7\xac\x88\xf3\
\x9e\xfd\xc3u\xffd\x0f\xfc\xdcX\x1d\xce\x98\x0e\xfc\xb5\
\xa53\xf0\xd7\x86K\x9c\x14\xde\xf3\xea\xb6\xff\x96\xd4R\
\x89\xa0\xa2\xb4\x96\x0ah\xca0\xe3YI\xc9\x10\xea\x0b\
o\x10\xd7\xc0u\xca\xb6\x83\x16f\xae\x8d\x16f\x98\xf0\
\xac\x88\x13\x9e\xfd\xdd\x9e\x7f\xb5\xec-t\xa8\xef\x1b\xc1\
\x0b\x9e\xae\x87\xe0\x12\xd0r\xd1%\x003\x9e\x95\x94\x04\
\xb5\xbe\xaf\xde\xeb\x9f\xa0\xf95\xac\x96\x09\x15\x8c\x8c\x16\
\xea}1\xe7Y\x91\xc0y\xbe\x9f\xf5z\xa7P\xe6\xac\
lL\x900\xaa\x1a\xa8\xf7\xc1\xacgE\x9c\xf5\x1c\xb6\
\xfb\x5c\x99\x0d\x80|\xb2\xe3[\xc0\xdf\xd5\xb5R0\xe9\
YII\xd8\xa0\xbd\x0e\x7f-\xb1\xa7LaE9|\
\xd8u\xf8@\x0f\xe0\xa2-\x17\xd5=\xccyV\xc49\
\xcf\xa3\xd3\xb7\xec\x15\x03\x0f\x84\x9aYq\xdc\xb1A\x1c\
mS\x8e,\x10\x14\xccxV\xc4\x19\xcf\xc3\xc7s\xfe\
\xa2i\xe2\x1a\xab\x22\xd5\x09&|\xe9*\x22\xaea\xba\
\xb3\x22Nw\x1e\xde\xb5\xfd\xed\x13@n-XN\x15\
\x93[\x0b\x88\xdc\xaab\xb2\xb3\xfaL\x06~\xdf\xbb<\
\xf7\xaf\x97\xd9\xdb\xa0\x0e\xe1\xdc\x225\x93\x05\xe3\x87\x99\
\xcb\x14A\xcc\x0a\x8eY\x11\xaf\xd5\xe0\x0a^\xab\xa3\x13\
8\xfb\x8b\x0e\x22Uq\xa4\xaa\x1c]\xae\xf0d@\xeb\
r5iY\xae&\x88T\xc3\x91j\x12\xd0^\xfe\x0f\
\xd6e\x1eR/\xd7\xd4y\xb5{\x12\xc9\xa4\x9f\xaf\xd9\
\xaa\xa1\xe7\x1b\xc3a\xcb0\xa3\xe1\xaa$\xdf\x96\x89e\
p1k\x934\xc0\xa2\x0d\x02\x8d\xe3@\xc5\xf1\xfa\xa7\
/\xa2\xa3\x16M\x22\x8f\x8eZ\x7f\x9fE\xaeb\x9e\xb3\
*\xces\xf6\xdf?\x04\xb3\xd7\xfe\xcdE\xf0\xeeO\xf4\
T\x9e\x8b\x90F\x0f\x02\x1c4\xf2v\xad\x0e\x82N\xe2\
\xa0\xc5\xc5\xfbf_\x8f\x9e\xefA[\x97\xe8\xfc\x82\xf8\
\xa1\xe8\xa4\xa1b\xb2\xb3*Nv\x0e\x97/F\x9d\x97\
\x14F\x86\x83\x00\x0b\x16\xdd\x13\xbb\x05\x90%0\xcdY\
\x95\xe0\x9c|\x7f\xc8EHhYs\xfei9\x9f\x15\
\x0a\x9b\xd7m l\xaeb\xa2\xb3\xaa(r\xdc\x89\xbc\
\xfeY8\x7f\x89\xdc\x89\xb8(\x82I\x22\x17\x8b@\x15\
A\xc5<gU\x9c\xe7\xec\xf7\xb9\x15\x86\xf7\xb2=z\
\xb3O\x98t\xf2a)\x1b)\xc8\x93N\x92e\xf0\x8e\
1\xcfY\x15\xe79s\x7f\x89\xc5;\xef\xf3,A\xc2\
\xadg\xe9CL\xad\xde\x00\x91\xe2\xa2!N\x17\xe6\xfa\
#\xbb\x87\x80\xedU\xe5\xcc\xa9l\x04{\x07-|5\
\x03\x18_*f\x0e\xab\xe2\xcca\xff|\xcb\xbfBB\
g3\xd64\xe4\x0d\xcfL\xa3\xbc\x86y\xc3\xaa\x04\xab\
\xe4\x83\x81\xbf\xf3\xc2;\xecy\x9d\xf7\xd4W\xd6yr\
s\xc9\xe4V\xd5\x0b.\x88\x18\xd7\x0e\x09\x9c\xe1\x8b\xc3\
py\xdd[\xd9\x1e\xf6z\x94\xff\x0c\xabwN:\xcb\
\xe7\x0eZ\x10\xa1\x0ab\xc6\xd5C\x02k\xf8\x81#\x0d\
\x90\xd9\xa1c\xd5+\x18Kg\xd6\xc1:H\xc5\x94a\
U\x9c2\x1c\x0c.\xfc\xd5\x1bh@\x5c\xb0\xb2\x7f\xd7\
\xe4Y\xc5|aU\x82a\xf2\xe2\xaa\xffs\x00\xd6*\
3c\xf2\x1f^\xac\xcc\xb8`\xb1\xa2b\xd6\xb0*\xce\
\x1a\xf6\x176Fs\x8f^{\x81b\x0dG\x09\xcep\
8\x9a\x95&\x0eg\x8c\xa6\x01\x82\xc6%D\x9c8\xec\
\xef\xfe\xe2H\xc0\xb9G\xbf\xb7A\x12\x01\x8bY\x9e\x93\
]\xda\xf3\xb9P,\x83\xac\x81\xb9\xc3\xaa8wx\xd8\
\xdb\x1b\x8f\xa3^\xfb3q#\x8f&\xd2\x19:b\xb7\
\xa9\xcf\x80\x88q%\x11\xe7\x0es\x81\xb3v\x1f\x5c\x14\
X\xa1\xe6{7xRh\xd4\x0d\x143\xae&\x12\xac\
\x94_s\xd0%\xc8s\xd3\xecip\xd0%\x9d\xe6\xa6\
\xf30\xcd\xe1j\x22\xce\x1d\xf6\x1e\x9e\xfb\xbbg\xc3\xde\
&\xe5A\xc2\x15(\xa8X\x8b\xd3\xe8\x09\xe3\x22\x22\xc3\
Jy\x8fW\xeb7\xe7\xfe\xea\x19\x0d\x0a\xac\x99N\x81\
\xe4\x86Vk %c\xba\xb0*N\x17\xe6\xaek\xdd\
\x07\xecJ\xcc\xb2\x1a\xf2$F\x98w\x15S\x86Uq\
\xca\xf0h\xef%\xd7\xe7\xa3\x9f\xaf\x1dY\xa3\xa2\xe7k\
\x1b\xe8\xf9b\xc6\xb0\xaaI\xd0\xe9;\x0f^\xdc\x01=\
R\xfe\x89-}\x92\x22i\xd3\xa8\xa2\xef\x8c+\x888\
i88y\xe7\xdd\x9c n\x01/{\x13\xfa\xa1\x1a\
L\x14\xda\x14\x8eyJ\x86$\xd0\xcfKV\xaa\xc3A\
\x87\x94\x04\x8a\x0e\x0a\xd1\x5cM\x0d\xd5n\x13}h\x5c\
\xf5\xc4\xc9\xce\xc1n\xdf\xbf^\x8b>\xf7;j9_\
\x88p6l\xba&\xb3F\xa1\x06\x86jLvV\xc5\
\xc9\xce\xfe\xceI\xf0\x0d\xc9\x9egL\xa7l[\xf0\xa0\
\x90\xb1\xc1AA\xc5dgU\x02\xd9\xf9W\x9b\xdf\x9b\
\x16\xbeR\x5c\x03.\xfc\xc2\x0fN&\xf2\x8c\xcf\xb4L\
\xb0\x9f\xc7|gU\x9c\xef\xec\xbdZ\xf1\xdas\x889\
\x9c\xe5\xed\xdb\x04\xea0\xec\x971\xdbY\x15g;s\
\xf7\xad\xb3yD\x08\x8c\x98\x97\x7f\xd7\x10H\x9d\xc2Y\
cJ\xdcy\xe0\xfc\x96\xb5\x9d\xe1\xfce\xd8%\xac4\
~;\xff\x8ew\x19d\xeb\xd9\x02\xfbzL#V\xc5\
i\xc4\x5c\x5c\xfe\xd5J\xd0_\xf3z7\xa4\xc5k\xb6\
\x94\xb5\x8a\xc0,\xc1,\x81\xd7\x8cI\xc4\xaa\x04\x12\xf1\
\xd9\x11\x97\xa2\xa0a\x00M\xcey\xd6!g\xa2Y\x07\
@\x00\x15\xd3\x88Uq\x1a\xb1\xb7\xba\x1d<\x22\xadv\
6\x8e40g\xa2\xdc\x80\xaf\x19\xff\xfc\xa6d\xe8D\
{\x1b\x0b\xa3\xceK6\xb7\xd2\x120,\x5c\xf4\x96\x0b\
f\x01\xbce\xcc!V%\xd8\x15\xf7\xde\xf8\x07H4\
*\xf2\x94\xabLZ#\xb2\x1a\x08\xd6\x88\x98F\xac\x8a\
\xd3\x88y\xb7\xd1\xbf\x19\xbd:'[\x0d\x83eg\xaa\
\xc9\x00:F*&\x10\xab\xe2\x04\xe2p\xf9\x82+\x0f\
\x12\xa4*~\x19\xe1\x16W$\xed\x12\x18\x5c\xa9\x986\
\xac\xc6d\x98Nz\xe7[\xac\xc7\xa7\xa6\xbdl\xd5\xa0\
\xf0\x9a\xc5,X\xb2`\xb6\xb0*\xce\x16\xf6\xba\xaf\xfc\
\x1f\xa7A\xef+U\xe6\x1a\x0e]\xe3\x1a )`\xa2\
\xb0*\x81(\xfc\xf6|\xb4\x85\xd4\x10\x22C\x04\x0b\xb5\
\xf2\xcd*j\xe51MX\x95\xe0P\xbc\xfa\xda\xdfy\
\x0d(\x1e\x116\xc8B\x0c\x8f\x16R\x9dT1]X\
\x95`T\xbc\xd0\x09\x9f#n\xe8\x18\x94\xe7\xc2a:\
\x03[\x1fL\x18V%\x10\x86w\x9e{/?b\xa7\
\xe2\xa7\x9b\x1e\xcdqn\xc1\x90q\xad\x88K\xb8Ar\
>\x95\xb7\xbaD\xadc\x9f(Ui\xb4\x8d5\x1ai\
\x90(0mX\x95@\x1b\xee<r1+\xfa3\xe7\
\x9dJ\x13\xa2\xfc\xf3M\xf8\x91q\x0e\x96@\xc2]\xdd\
\xf6?\x7f\x00s\x07k{J\x13dj\xcb%4v\
`:\xae*N\xc7\xf5/\x1f\x83W\x87@\x7f\xab\x15\
9\xd3B\xfd\xadV\x01\xe8o\xa9\x98\x90\xab\x8a\x13r\
\xb9\x12\xd0\xa7S\xef\xeb+(\x03T\xca\xd2\x1a@\xe0\
\xf8\x8f\xc9\xb8\xaa\x042n\xa4\x07\x05\xec\x05\x22I(\
`.`\xd6\x81\xb9\x80\x8a\x19\xb9\xaa\x04\xdb\xdf\xf9n\
\xf0m\x19 \x08Y+ac\x04a\xd1F\x08BL\
\xc9U\xc5)\xb9\xff\xfaw8\x7f?z\xf3\x83@\xe3\
q\xd0\x98\x0d\x0e\xff-\xb0N\xc1T\x5cU\x9c\x8a\x1b\
\xceny\x8f\x17`\x03\xc4\xb1+n\xa4\xc6\x06v@\
6\xb2\xbeS1\x1dW\x15\xa7\xe3z\xdd\x15oc1\
\xd8|G\xd8B\x15\xb8a\x0a\xa5\x05U\x00\xc7h\xcc\
\xc5U\xc5\xb9\xb8\xa3\xde\xa9\xdfg\x85\xee\x862\xb7\xb7\
\xf9tA\xe1\x1d\x01QP\xc5d\x5c5!\xc1\x02q\
\xde\xffu\x0aP\xdc\x0d\xbe\xda.c\x10w\xa3\x0a@\
\xdc*f\xe3\xaa\xe2l\x5c\xcemm/\x83\xfa\x96\xe6\
\xf8\x0f\x5c\xdf\xd2ET\xdf0\x1dW\x95\xe1\xfb\xfb\x85\
\x0f\xc8\x0b_\xc9i\x93\x956\xe0C\xcaR\x07\x88\x16\
\x17\x0bqF.\xc7/\x9d\x1d\x80\x0f\x5c\xcf\xa6\xf5\x09\
\x0dD=\x0d?0\xae\x17\xe2\xd4\x5c\xef\xf2\xdc\xfb\x89\
\xe4~8x\x9b}g\xd4\xbe\xe7 \xe0\x11stU\
q\x8en\xf0\xb3\x1f\x0e\x22?\xa5\xa5\xcf\xe4\xde\xa40\
\xbe.\x19\xc0y\xa4`\x80\x84\x81Y\xbajR\x86b\
\x5c\xf0\xe9t\x92b\x5c\xf9\xef\xea\xc5\xa9\x98\xa4\xabJ\
 \xe9n\xbc\xf4nN\xd8\xbcA\xfd\xfal+\x1f\x1d\
\x1d+\xe0\xf7g\xe7\x0d\xf0\x03\xc4<]U\x9c\xa7\xeb\
\x1d\x1c\xfb\xb3\xafF\x1fz\xc1\xfd\xd5\x9f\xdd\x8fS\x1e\
\x83\xd0\x9d2\x8d&,\x9a\xe8'\x88\xf9\xafjR\x86\
\xae\xc3\xe8\xf5,\x80S\xe4\xf5J\xdd\xcaB4E\x1e\
\xa2)0\x0dV\x15\xa7\xc1\xfao\xd6\xb1]Q)R\
\x12D\x9b\x95\x12r+R1\xa5T\x15\xa7\x94\x8en\
\x07\xfe\xe5\x22\x90\xe5\x8b<\xc2\x1c\xac`m\xce\x00]\
>\x15sJUqN\xa9\xb7\x7f\xe4\xdf\xedLrN\
iF\xa0B,f\xd5D\x0f\x1a\x13L\xd5\x94\x041\
\xf6\xee\xf0vo\xc2b\xdb\xcdNXk\xbbh\xad\x8d\
9\xa6jJ\x86\x9b\x95\xffe\x97\x22W\xb0\x80\xc7\x80\
^\x92u\x95\x01\x87h\xcc,U\xc5\x99\xa5\xfe\xf5\x97\
\xe0\xf9\x9e\x7fs\xe1\xf5N)\x01ys| 5\xc8\
\xb7l\xd6@\xf9\xc3\xdcRU\x9c[\xcaEU\xaeO\
\xc3\xc1\x02\x81\xd8\x9cvJ\xe4@\xaaO\x83\x89\x1fS\
J\xd5TL\x86g\xc3\xf1jp\xf2ntwN\xaf\
(r\x11\x0f\xd6\xa5\xd1\xf3\xad\x5c\x0dlU0\xabT\
\x95\xc0*}\xb5\x12\xf6\x11\xba\xdb\xcc\x1a\xc8\xad\xd8\x84\
x&\xcc'US2\x96@\xfe\xf6\xfba\xaf\xe7\xef\
\xf7\xe8\x8f\xdcp\xaa\xd92\x19r\xab\x81\xa0A\x98N\
\xaaJ\xa0\x93\xde\xeesaL:\x1b\xf3^371\
\x17\x1b9\x98\x8bq\x0d\x11g\x94\x8e\xde\x0c\xb0\xe1\xdd\
X*\x1c\x1fs[h?\xafaN\xa9&\xce)\xe5\
\x14!h\xf1jG\xb81\xbc\xc5\xb2\x11\x0fV\xc3\x9c\
RM\x9cS\xea\x9d\xbca1\xa3\x9b\x02\xdf\xb2\xa0\x83\
B\x15~c\x15\xc7\xab\xcaP\xe7_\xe8\x84\xab]\xd2\
\xff'\x92\xd8\x18\x9fnh\x0b\xa0\x0c\xc0%h\x98d\
\xaaIp\xd2=\xfe\xe4\xb5?\x03|\xb7\xa1\xf3\x16n\
\x02\xbe\xdb\x98)\xa3\xa0c8\xe8\x98\x0c\x8b\x8c\xfe\x0d\
\x07\xc7\x12\x0ci.\xfd\xcbzN\xc0\x8f.\x1a@\x9e\
I\xc3\x5cSM\x9ck\xea\x1d\xcc\xfb\xbbg\xa8\x7fs\
\xca\xd3\xce\x84\xf6m\x1a\xb4o\x1a\xe6\x9aj\xcf\xa4\xd4\
\x93_\xa7\xc0\x1c*\xaa'U\xa7<\xc1\x1f\xaaU\x05\
\xfeP\x1af\x9bj\xe2lS\xff\xfb'\xf6\xdf\x0f{\
\x7f\xf2\xbb\xb9p\xa6K\xe5\x8bJ\x11=\xe2\x14\x0eT\
\x1c_3\xfb*\xfc\xba\x18\xacu\x87\x83\x03\xa2\xbd\xe0\
\xbf9\x9e0\xd2\xc0\xb3\xc8\xa4mS4L6\xd5\xc4\
\xc9\xa6\xac\xd9\xf4\xfa\xdb`Y\xcf:N#\x0b7\xf5\
%\x03l\xea5\xcc4\xd5\xc4\x99\xa6A\xe7\xd0[\x9d\
\x07$\xef\xd2o\x02=\xe4y\x97j\x80\xe7\xada\xae\
\xa9\xa6\xc8\x90\xfb\x1c\xf5\xd0f\x8bu\x17%\xc8,t\
\x91\xd9\xb2\x86\x99\xa6\x9a\x22A\xe7\xe6\xcd\xf0\xf12J\
\x16\x94\x9a\x9bU\xb0\xf4(U\xd0jn\x85<\xfa\xc8\
S8\xe6)\x09\x22i\xfe\xf2k\xf0\x989\xe0\xb1>\
\xc1\x86\xbbX\x87\xcf\x19W>E\x86\x8d|p\xda\x0f\
\xe7\xaf\xa8r]v*&_\x03\x80b]6\xc1q\
Z\xc3$YM\x9c$;:x5\xecmB\x92,\
\xcfshM;\x03\x9beL\x93\xd5\xc4i\xb2\xc3\xbb\
e\xff\xe2\x10\x8c%\xad\xe81O\x1aKZ\x050\x96\
h\x98*\xab\x89Se\xc3\xab\x8f^w%\xfc\xb5\xec\
-\x0d\x08\x05H+\xe7\xcc\xb0!\x9b\xc4\x0c\xe5fj\
 `\x5c\x00\xc5y\xb2\xacR\xfb\xef\xb6\xc1g\xae8\
\xb65\x01\x92^A\x9a\xf2\x1a\xe6\xc9j\x12x\xb2\xa7\
}\xef\xe6\x00\xae\x04\xa2\x0e\x1fm\x05\x90s\xb8\x86\x99\
\xb2\x9a\x04\xa6l\xff\x8c#\x86\xe8\x8f\xdc\xc8\xf2\xa1\x0f\
\x7f\xe5F\x13~e\x5c\xfd\xc4\x89\xb2|\xb1\xd5\xdd\xe2\
K#BQ\x5c\xaf\xa4\xad'\x9bO\x1d\xc8\xb6\xb7\xf2\
 h\x5c\x01\xc5\x89\xb2\x5c\xc2\x7fu\x8dR9f\x83\
*G\xb5\x90\xa3u\x158\x9di\x98\x1f\xab\x89\xf3c\
\xc3\xeb\x0e\x87\xbe\xf5\xcf(\x7f\xa8\x9a\xce%\xba\xb9\x08\
:M#\xab5\x1a\x06\x88\x19\x97\x11q\x86lp\xbf\
\x1e\xf4\xbe\xb3\xa6\x99\x0d%\xe4\x06\x9cE\xcc\x1fr\x95\
$q\x16\x1af\x15\x04\x8d+\x898E\x96\x15\xbe\xe1\
\xfd\x1a\x86Ef&\xa0\x22q\xbe\xc0UD\x9c\x22\xcb\
\xb5\x85>mR\xa0i\x9e&\xd8lM\xaa\xdc\x16\xd1\
\x8b\xc0\xf5C\x9c\x22\x1b.\xf6G{/\x91h\x81e\
\xe3o\xab\xdb\xe8\xdbb\x8a\xac&N\x91\xf5\xce\xd6\xbd\
\xa5\x0e\xf5m\xcdH\xa7\x87\xfc\xb6&\xc0\xe2h\x98\x1c\
\xab\x89\x93c\xc3\xd5#\x7fg\x05\xe9VF\x98\xc2\x89\
=P5\x83*\x07f\xc8j\xe2\x0c\xd9\xb1\xaeP\xf8\
\xfa <\xeb\x22]![/7\xc9\x1c\xd1*\xda`\
a\x81\xf9\xb1\x9a8?v\xf4\xfa\x05{\x15\x14\xa5\x22\
]\xb1-\x92O\x91\xb6A\xd5\xc0\xa4XM\x9c\x14\xcb\
]\xef\xbf\xed\x8cv?\x12\xc0\xff\xfc\xd8b\x99\x82\xfd\
\xe7\xc1\xd0\x81\xb9\xb0\x9a\x04\xe3\xdf\xe3U\xffj\x16a\
p\x1c,h\x92+\xc0\xd4\x80\xab\x9b&\xc1\xcbs\x91\
\xfd\xd8\xbc\xce\xa37{BT\xe4q\x8f\x96w*\x80\
\xda]\xab\xe5Q\xd4\xb8\xbc\x89Sa\xf9J\xb3\xb7\x11\
\xfc\xecS}\x04\xd7S\x18+\x8f\x81Fb\xda-\xa0\
\xd4\x86+\x9c8\x15\x965?|\x7f|\xbbB\x81\x22\
k|\xb1\xd2\xb4HTd\xad\xd8D\xf1\xe22'N\
\x83\x1d\xf6\x06\xac\xb1\xa4\xbc\x8b\xdc\xa8\xaf\xa4\xf7\xdc.\
j,\xb1\x85\xae&n\xa1\xcb\xfa\x1dNf[\xba\x18\
\x1d\xbd\xa3\xfa\x1d\x8e0\xb4\xad\x1c\xedUS\xb7s \
d\x9c)\xa6$0\x14\xf6X\xfa\xa54\xd2x\xfa\xa5\
QMi\x1b\x147\xccz\xd5$\xb0^W\xd7\xb8\xf3\
K\xd4DPp7^\xde\xc6\x8d\x04\x89Q0\xc1\xbe\
\x0a\xd3^5q\xda\xab\xbfs\x11\xce=\xe2\x068\x8b\
\xfb\xdf2J\xc4\x98\xf5\xaa\x89\xb3^Y\x22\x1e\xde>\
\x1f\xcd\xafR\x87\x9a\x1aG\xa3Gm\x048\xd5\xd4\x10\
\xd2F\xc3~\xbf\x9a\xb8\xdf\xaf\xd7]\xf1o\x1e`\xb5\
+M\xc0\x9b\xc2u1\xe6\xe9j1\x19[\x09V2\
x{\xb9\xf1\x92\xf4\xdf\xb2\x9eJ\x9e\x0d\x1cw\xc0[\
\xc64]M\x82\xdb\xef\xc7\xe7\xe3\xfe\x92^dN\xa2\
\xb8\xcd\xb4\xe0g\xc6\xe9X\x82\xdd\xef\xeaZ\xd0\xe9\x8c\
\xb6^P\xf5\x99e\x8c\xa7O\x0c\xea\xb3YC\xa3\x07\
\xa6\xedj\xe2\xb4]\x7fg\xcd\x1bl\x83\xcf\x5c\x1a\xb3\
\xaf\xc0g.\xe1\xcf\x8c\x9b7q\xfa\xeeh\xeb\x8cs\
\x84\x80\x1f\x22\xfb\xb8Ex\xae)\x14a\xc4\xb8\x94\x88\
\xd3x\xbd\xfb\xde\xa8\xbf\xcb\x7f\x85\xbdK2b{\xcc\
\x7f,S\x13i\xc1n\xa0$\x87K\x898\x9178\
9\xe1-2}\xae\xf9\x7fQ\x9b\xf0b\xd3\xac\xa1\x8b\
\x0df\xf3j1\x19\x05\xc5\xfb\xb1\xc7\xa5\x9b\x08\xb9\x18\
VPrND\xda\xfc\x7fX{\x97\xa56\xb2m\xfd\
\xf7U\xdc^\xad\x12R\xa6\xa4\xe6\x8a}\x9a\xff\xde\xaa\
\xc6\xe9J\xe8\x92\x12B2HZR\xaae\xec\xc2\x80\
\xcd\xc5`l\x8c\x01\xe3\xfb\xadl\xee6 \x1bx\x19\
2%\xbd\xc5\x993\x85\xf7ix\xfct\xa2\xce\x9c;\
\x5c\xae\xd8\xa1\x8a\xd8#\xe6\x1e9\xae\xdf\xf7\x0d)\x99\
\x14\xda\x00U`*o\xdc\xb5r\xcf\xf1\xd3\x17\x92k\
\xceO\x12\xec-\x87\xa9\x84i\xbcq\xd7\x92\x94\xb0\xaa\
7\xc3o\x0f\xa9\xe5W\x05\xe7\xb8\x08Q\x98(\x00\xb0\
\x89Y\xbcqs\x16oo\xfdKo\xf7\x02v\xd2C\
\x9d\x18\x5cH\xfbmZH\xf3\x01\xe0\xb8k%\x93\xdc\
\xdf$\xfd\xa0f\xa6=\xe2\x86\x9b\x87[\x04\xa6\x1e\xc7\
-P\x8fg\x17x\xef\x18-\x0fx\xf1X\xc4\xc5#\
S\x8f\xe3\x16\xa8\xc7\xcf\x1e\x84\xdfN\xf5+\x0b\xb1\x22\
\x02!\x0f\x9fY\x0c\x17\x9eG\xc8&\xe6\x1e\xc7\xcd\xb9\
\xc7\x9a\xd0\xf2\xf6\xc3\xe0\xefg\x92\xcdCFKQ\x97\
\x9f\xe2\xf5\xae\x22Y\xcc\x89\xc4\x9c\x7f\x1cn~\xbf>\
;Pe\x06I\x9aj\x8e\xd6d\x89EM\x0b\x930\
\xd2b\x1ar\xdc\x9c\x86\xdc\x9f;\xe9_m_w\xd7\
\xfa3\xeb\xe2\xc9&e\xad\xd7\xac\xc8\xb5\x5c\xc7\xa7\xf6\
\x8f\x89\xc8qs\x22\xf2\xf5\xd9\xd6\xa0\xbbKR\x16Q\
\xaf\x8ag\x09qF\xcft\xe4\xb8\x05:\xf2\xcaQx\
tOZ\xe3\xa9$\xd2\x82c\xa5\x85\x16\x0c[\x98\x84\
\x1c7'!_\xff\xdcU9\x0f\x1e\xb7\xa5S\x1e<\
m\x0bWKLE\x8e\x9bS\x91{[\xda\x13\x00\x1f\
;\x19\x855\x02\xc7NN\x108\x96\x19\xc9qsF\
\xb2\x9e\xc7.\xd1\xd1\xbcb\xb3\x96\xad\xf1\x81\x90,\xe5\
i\xe6#\xc7-\xf0\x91/\x97\x83\xdd{\xd4<\xe5K\
\xd8\x88\xa8\xb2\x8e|\x82\xb3\x879\x19Y\x1ft\xfb8\
\x13\x08,\xbd\xe8Pt~Z\xd4^\xc9\x83\xa5\x9c5\
\xcc\x89\xc8\x1a\x94\xb0\xf3N\x9a\x19gj\x95\x8c<1\
\xa6\x83\xbbq\xe6\x1f\xc7-\xf0\x8f\x97\x96U\xed\x03X\
\x7fU\xab\x15o\xce\xfa\xc1\xd5\xa0\x22\x81\xfd\x99\x81\x1c\
O\xfda\x83\x22\x84j<C\xf6\xca\x089\x9e\x0e\xc9\
\xf1\xc4\x99\x80\x1c\xb7@@>\xdbQn!\x1d:W\
q\xa1&\xcf\x8es\x19(\x86\x99y\x1c\xb7\xc0<\xde\
z\xc0L\x1b\xbf4\x9ag\xe3\x13\xcf&\xce\xcc\xe3\xb8\
9\xf3X\xf7\xcc\xca\xecg\x8b\x92\xd0\x98_\x1a\x07\x9e\
t\xdb'\xff\xe5T\x91\xb2\xb2p\xdcx\x0f\x90\x9aB\
3\x97\xa92\xa2\xa6\x90#D\x0d3\x8e\xe3\x16\x18\xc7\
\xc7[\xd7\xdd\xe7\xca\xe4\xc1\x9d\x95\xdfM\xd67\x14\xb4\
\xf0\xbc\xa8\x16\x5c\xf0\xa9\xe2\xe1\xbb\xbbq\xf3\xbb\xbb\xd7\
W\xaf\xf4i\xb1\x0f?$\x99\x82h\x8c\xe2\x97@\xa2\
\xa0=\xe1\xd3\x1bs\xd60\xe7Hkq\xd5\xd9{<\
\x1a\xf4\x190X\xc6\x1e\x94\x19\xd2\xf1\x94\x05\xd9\xcf\xbd\
\xc1\xc6G\xb0\xf8vs2O\xf6\xde\xc6\xf9\x0f3\xa3\
\xe3\xe6\xcc\xe8`\xab\xab\x92\xb2\xb4\xbf+6sp\xe3\
\xa8\x98\x83x\xc6|\xe8\xb8\x05>\xf4\xdavx\xbc@\
\xbe\xd0\x9c\x1a\xe1\x0aS\xf8\xb4\x9c4\xcc9\xd1\x83\xcf\
\x7f\x85\xf3\x8f\xb4\xde\xf5\x9b\x03\xc9yk\x11\x89[K\
^\xd7I\x06v|\x1c\x90\xc5\xcc\x8c\x8e[`F\xef\
-\x04W\xb3\xc1\xf9\xef\xb3\xedL5[\xba\x0d7\xba\
\xb2\xb7\xc1T\xce\x1b\xe6\xd4\xe8\xf0\xeb\x9b :B(\
)Ut~\x09\x12\xa0XE\xa7\x0db\x15q\xa6F\
\xc7m\x1c\xdc]\xd6\xdc0\xa1\xf0Q\xf5\xe54\x89\x81\
x\xd3\xf4\xd9q\x08N[\xc1{,\x9cC9\x5c\xcf\
\x94\x1ay\xac\x85\xeb\x0d\xaa\x85\x99`\x1c7'\x18\xf7\
^=\xb9>{\x8a\x22\x15M\xf5\xb9\x8d\x18\xb7\xd6\xeb\
P\xad%\x98a\x9c\xb0p\xb5vnQ\xa3?\x04\xc4\
ve\xc8\xf1 \xbcv\xc5/\x82\xb916\xd7|\xce\
s\xba\xdf\xfbq\xa2\xcc\x95\xea\xb5JS9pd/\
Tl\x95V1\x07F\xc7\xd9h\xf3\x8a\xf8pN\x07\
d\xbc,6>D\x89\xc1i\xb1qP\x89I0\x1f\
3\xf1\x87\x05\x8e\xffW}\x8bi\xe9\xb9\xdc\xd5\xa9o\
/+vt\xed,\x18\x9bfc\xd36t\xfd\xe6\xb7\
\xe0\x98f\xa19dp\xe31\xcd\xc28\x1c\xd3L0\
)3aN\xca\x0c\x0e\x0f\x83\xb7O\xd5\xdfB\xac\xd0\
\xc2\xf2%\xfd/\x11\xc8_\x07k\xf9\xc33'dj\
\x96\xfc\xd2\xf3\xf0\xce\x8ezh\x89%\x9f\xad\xd5o\x98\
\xf2\x92\x0fg\xe1\xa4q\x82)l\x09\x0bw\x1eg\xd6\
z\xf7f\xe8\xbb\x1b\x0a`\xe1\xad+\xafN\xdf\x1d\xd3\
\xc1\x12\xe6t\xb0\xc1\xf6\x5c\xb8\xbd\x80*\x15\xf9\xaa_\
k\xfeS\x8d\x8a\x04\xf3\xc1\x12\xe6|\xb0\xfe\x9dGz\
>\xfcf6x;'h\x05\x97&\xf2\x9d\xc8/\xb2\
bqQ\x9d\xe8@\xc4`FX\xc2\x02#\xecrY\
\x1fn\xc3\x81k\x83\x11n\x93\xa4\xf5\x97`\xf2O\xc2\
\x9c\xfc3x<\xa3\xe1\x1fsK\xc1\xe9;A\x022\
_\x8eT 5\xc1J\xee\xa4\x1be\xe0W%\x98\xff\
\x93\xb0p!\xaf{z}\xd6\xd5u\x91 \x93\xaf\xd9\
\xba*eGDc\x89\xac\xdb\xaa\xd3K\xf3'h\xce\
\xa5\xe9\xefw\xfb\xfb\xcf\x83\x99w\xaa\x5c\x96\xc8\xbaQ\
\xba\xd6\xcf\xad\xdcZ\xf2\xe8\xf1\xb2\x07V\xf3ghN\
\xab\x097\xbek\x19\x13Y\x11\xa4\xee\xdd\x04\xe7\x11\xa2\
 \xf5q\x10\x05I0\xf7#a\xe1:\x9a\x8av/\
\xd7{\xaff\x05HES+\xf2\x88\xaa\xbc>U\x9f\
\xcc\xf9H\xc4m\xc0)\xc2\xadMX\x9aG\xc0\xbc&\
-\xcdU:\x99\x00\x8b9j\x98\x13*\xfa\x0f\x0f\xc3\
\xa7t{N\xebv\xe9\x11\xf2\x88\xe3s~\x01\x14\xa6\
\x12\x0c\x9eO\x98\x83\xe7\xc3\xc5}\x0d\x9e\x7f\xb3,5\
&:\x0b\xaa\xc7.\xe4\x99L\xda\xf1\x0a\xe0\x1f\x8c\xa3\
O$,\x5c]\xed\xf6\xae\xd6\xb5\x80\xde\xb1$\x98V\
j\x0fO5W\xe5ut\xa7]n\x80\xd1\x1c\xee\xcc\
\xb1\xde\xbd73\xfd\x03:\x22<\xae\xfa)\xda\xf4\x17\
)\x0f2\xd2;a\x8e\xf4\xee\xcf\xac\xf7\x1f\x9c\x81\xb9\
\x91\xf08\xc2\x83*X 1\xcc;a\x01\xe6=\xbb\
\x10\xbe\xfc9\x0a\xd1T\xa4\x95\x7f\x11\xdf\x98\xb1\xbc\x09\
\xc7\x86PS\xb8t\x0a\xb2G\xda\xd4\x11\xaa\x95\x13e\
\xc0\xd2'\x18\xcc\x9b0\x07\xf3\xde\xa4\x91\xa3\x05i\x5c\
4\xcc$*`\xc8\xf3\x22\xdf\x07<a\x82\x91\xb1\x09\
\x0b\xc8XU\x83>\xd8\x0f7w\xa5\x02\xb4}\xa3\xb5\
)\xea\xc6\x92\xb5\xfc\xddY8o\xf3x^k\xf3\xd2\
Y\xbf\x06R\xf3<\xac\x97\x19\x94\x970\x07\xe5\xa9(\
\xac\x97N\xcb\xfb\xc1\xeb{\x12\x5cl\x22\xef\xdd\xf0\xdc\
D|\xb7G6\xb3G\x98C\xdc\xb4\xc1\xca)\xf6\x1f\
\x84O\xbf\x0a\xdf\x9dr\x8bN$f*\xa6\xea\x89\xc9\
\x0e\x0c\xb7\x18\xdf\x96\xb0\x80o{\xb0\xafB2\xdc\x9b\
S^\x5c\x89\xee\xad\x92/\xb7+pp.\xc1\x18\xac\
\x849\x06k\xf0\xec*\x1a.\xff\xce6\xce4\xf2u\
\x91{\xde\x80\xa9\x0b#\x99\x12\xe6H\xa6\xfe\xa3\xb7\xbd\
\xddc}\x81\xf0\xc7\xb6X\xbe\xa9\xc2^\x9f \xac4\
\xa5a\x9c_oU\xc0h\xf6\xe2\xa4\x0d\xa0f\xb04\
\x07c\x97\xe8\x9a\xdf\xa8yg\x19\xe7.\x8c\xbeIX\
@\xdf\xac<\xec_\xa0tW\xad\xa9\x1c\xf8\x9f*>\
$\x18y\x930G\xde\xf4\xbfm\x853\x9f$\x17\xae\
gJ\xf9\xaa\xe8\xc4\xf5<8q*\xc1\x96&,\x1c\
\x93\xe2\xebW\xd5L\x95\xaf_U\xdb\xf8\xb4\xfc\xd5\x99\
\x83B\xae\xcfw\x82\xd3\x17\xd7gw\xfa\x17\xd2Y\x85\
\xa6\xbe\xc5\xec\x97\xe4\xc6\xb4\xdc\xa1\xce\x94A!\x09s\
P\xc8\xe0r\xb3\x7f5;\xe2*z\xbb\x89:\xf4\x15\
\xd2\xa1O0\xc6\x22a\x8e\xb1\xe8/\x5c\xf6\xaf>\x03\
\xae4S\xca\x95\x08U\x9a\xc9\x01\xaa4\xc1\x08\x8bD\
\xca\x06#(\xdc\xfe\xac\x97\x22{\x0b\x12#h\xa8\xca\
\x04#\xfbvF\xb6\x98\xd7\xbd\x09\xf3u\xef\xbf\xfe\xf3\
gx6\xdb\xff\xfe\xe07s\xffUo\x0c%\xdc\xa4\
\xf7\xd5?\xc2\x03\xf3\xc67a\xbe\xf1\x0d\xbb\x8f\xc2\x9d\
\x03$\x1d\xeb2\x02c0\xc9?$x\xe3\x9bH[\
8\xf9\xf8)\x98\xbdw\xdd\xfd(4\xa2\x11\xae?\x0f\
\xabSy@\xe8\xf0\xa6\xd71\xdf\xf4\x86\xb3\x1f\xfa\x97\
\x07\xff\x1f[\xc8\x7f\xba\x84tx\xdb\xeb\x98o{\x07\
;kZ\xca]\xd6Z\xd5\x0e\x9c\xcb\xb0\xd6\xeaT\x0e\
\xb4V\x1d\x96\x93v\xcc\xe5\xa4\xfb\x8bw\xfb\xcb\x87\xa0\
\xbf;\x19\x81\x8eG\xa8\xefNV@}\xd7\xe1\x0d\xb5\
c\xbe\xa1\xee\xcf<\x0f\xd6\x16U\xeb\x1c>\xdd\x140\
N^~<C\xfc\xcc\xb27^\x01\x8b\x1d\xb6\xd8\x16\
p\xf3\xe7\xcb\xf0pW\x06nF\x92\xee\x91\xe6\xa3\x88\
\xdd\xec\x94\xc1j\x97\xad\xb6rwL\xc5\x8c\xb7\x9f\xc2\
\x995\xe9\xeeX\xa5\xa4\xa56 ld+\x0d\x8a\x1b\
I\xb6\xd9\x18\xbd\xd9;y\xad\xe2\x06\x84\xe5\xfap\x1d\
\x02a\xb9N\xa5\xb1\xc3\xd8\x05\xc7\x1c\xbb\xa0\xa7*\xdb\
\x0f%\x98\x93J\xd0\xb7\xf3\xd1\xceI\xeaEo\xb7\xc0\
\xd84\x1b\x9b\xb6\x81$\x9b\xbd\x17l\x1f\xa8\xcaBF\
\x92\xe9L\x92\xd3\xb5\x85\xb8\xf3\xcdA\xbc`\xec\x82c\
APz\xfe\xf3u\xf79\x0e\x83\xb4\x5c>M\x83h\
\x06\xeb0|\xc11\x87/D\xb7\xda\xf7\x80\x12\xa4\xbf\
\xb9\x1b\x98\xb7H\x0aj\xb4\x80\x14\xe4\xb0\x9a\xb4c\xae\
&\xad\x12v\xb8\xd9\x95\xd1z\xa5\x8e\x07\x227^\x07\
\xbc\x98\x85\xa4\x9d\x98\x85\x03\xf3\xab\xd7g\xdbDTh\
\x0eO\xd0\x8d\xa0*\xe4\xead5'\x11\x0b\xb2\xcco\
\x9e\x04o?K/\xec7\x1b\x19x`\xbfA\xa6r\
\xe60\xc7\xb2\x04\xef\xde\xf5\x16\xce\xa5cn\x99Z\x03\
\xf0\xd2\x19\xb4\x94\xf3\x85\xb9\x0c\xf3`n5\xb8\xff\x12\
\xa0\xb1z\xfc\xd3\x1c\x01\x8c-\x17\x01\x18\xeb0\xea\xc6\
\xb1 \xc2<\xb3\xde\xff\xf6:\xbc\xba#\x03!\x87\xd7\
l\xcb%\xc6B\x96\x8b`5\xa7\x8e\x98\x05\xc6\xd8\x86\
\x8a\xc2\x00\x91\xadj&\x08Bd\xab>,\x11\x1c\x86\
\xdd8\x16`7\xef^\x04\xa7/z?\xee\xf7\xef\xbd\
\x10\x95J\xf5h\xa5]\x92\x0b\xfa:\x81\x0b\x1d\x96b\
v\xcc\xa5\x98U5\x11,\xefB\xdf\xa4)M\xda)\
\xa0oj\xfb\xd47\xb1\x12\xb3c\xae\xc4\xdc\xeb\x1e\xf7\
v\xae\x06[\xa7\x92hi53\xdd,U\xf2\xb2l\
iu\x1a\xb8\x8f\x0e\xab0;\xe6*\xcc\xaa\x9eP\x19\
Z/k\xf6\xe6\xc4z\xa21\x84\xdb\xa8\xc7\x167L\
\x9e\x0fFs\xf60Gd]_\x1ch,\xf2\xd7g\
\xc1\xdd\x8fR1\xaf\xb9\xdc\xcd\xea\xb8xG1\xdb\x1a\
\xa7\xef\x8f\xb3\x88\x055\xe6\x0f\xab\xc1\xc2\x12\xa4\xe9\x89\
\xfc\xd4/\xfd.1IOLQ\x92f8\x963f\
a)\xf6^\x8b\xb7/|\x92\x04\x14\xa6\xf4\x9aT\xf9\
E\x8b\x14\x14\xa6\xc6a\x07\xe20\x1a\xcb\xb1 r|\
\xf89|C\x87\x834\xf3F\x87:Z\xa1{uX\
\xa1;\xacs\xec\x98\xeb\x1c\x87_>\xf4\x97\x0f!\x9d\
\xd4\x9a\x95\x0c\x9f\x1a\xabU(\x9d\xb0\xdc\xb1c.w\
\x1cn\xbc\xd3\x17\xd2\xe46dZO,\xa83\x9d&\
\x99\x0a\x87\x01d\x8e9\x80\xec\xfa\xecA\xf0\xe6\x00\xda\
\x90\xfa\xffj3c'R\xa7\xbb6\x0e\xa3\xc8\x1c\x0b\
\xb2\xbcK\xcb\xe1\xb7\xd3\xfe\xfes\xc0\xbdEW\xd2X\
\xe0f|\x02l\xe6Pg.\xcd\x1b\xde\xd9\xd1\xa7\xf3\
\xbe\xfd>\x84\xab\xeb\x1bt\xb7E\x0e\xce\xf4m\xb0\x94\
\x03\x9c\xb9\xb2mt\xb0r\x018-^^5{\xa3\
8-\x9e\x07\x9c\x16\x87\x11z\x8e9Bo\xf0\xf7\xb3\
\xe8\x8e\xb7\x0cj\xca\xd4\x94W\x10\xa6\xc9\xa3O\x8f\xb1\
y\x8e96/\xd8\xd2z\xa6\xc1\xfd-\x09?]l\
j\xa5\xcdf\x15\xb0\xd3\xc5\x09\xaa\xefY\xe3\xd6\xb1\xa0\
q;{\xd2{\xbf\x02\xd1B\x1f\x96.41R\xb4\
\x0b\x14)\x18L\xe8\x98\x83\x09\x83\xf3\xab\xc1\xdak\xd5\
\xf9]_<\x06\xac\x9b\xfag\xaa\xd4\x90\xd1nS\x0d\
\xb0\x99]\xd9\x86v\xec\xd7\xe0\xf4\xa3*\xf3e\xaaS\
\xb9\x09\xa3\xb72L\xde\x18L\xe8\x98\x83\x09ULS\
)\x0f\x92\xb4.\xecK\xd1B]N\xd3\xd3\x98\xa6Y\
6\xd61\x97\x8d\xd5\xdf\x9d\xac\x163\x91'\xb5\x98\x09\
P\x8bqX+\xd61\xd7\x8a\x1d\xf6!\xaa\xaf\x0e\xcf\
\x9fb\x1fR\xd5\xad\x88\xd8\x86Ta>\xcfj\xb1\x8e\
c\x83]\xa8\xba\xa6`\xfe{\x7fi_\x9a\x14\xfa\xfa\
F\xa5\x0f\xe7\x08\xe1\xb4\x98\xc3XM\xc7\x82\xf0\xea\xdf\
\xcf\xc2o\x0f\xa1\xa3V\xb9c<O\xfdt\x11\xf7\x90\
\xac\xbb\xeaX\xd0]\x9d=\x08\x16V\xa1\x9a\xaf\x0c\xc1\
\xf3\x5c\xceW\x08\x11\xeb0\xbc\xd41\x87\x97\xea\x84\xb7\
\xb5\xa5!\xe9\x92\xc2_sH\xfe\x8fDy\xa5\x87\xae\
w\xa0hc\x90\xa9c\x0e2\xd52\x8a[{\xe1\xb3\
]\x89b8\xa9\x03\xb1\xd8/MB$f\xc1U\xc7\
\x5cpU\x0b\x1e\xdf\x7f\x09\x91X\xeb\x10\xeat\x87\xa1\
x\x92\xf4\x9a\x1c\x96]u\x5c\x0b\xc7\x99U\xb0X\x90\
VMS\xc3\xc4!\xb5\xd0\x19z^\x0e\xc5\xae\xa5P\
\x0c\xcc\x95_\xa1x\x04s\xc5k\x00s\xc5a\xc5U\
\xc7\xb51\xc9R\xfe@(\x0be\xf6\xb8\xde\xff\xffS\
\x94\x05+\xae:\x16\x14W\x1fl\xe9s \xc4\xa8\x18\
\xa1u\x83\x84\x0a\x87\xa1\xdd\x8e9\xb4;x\xb4\xd0?\
\xd9\x09\xc4\xf5B\x16\xea\x89r\x16\xea\x09VYu,\
\xa8\xac~}\xcew\x14\x0a\xa3\xee(\x14\xaa\xf8\xb4\x9c\
4\xdc\x94\x1dYf\x15\x80\x83\xadK\x92e\xd6Q\xb8\
!^\xd0\x9chC\xfd\xce\x08t\xc7\x1c\x81>\xa4%\
\xf4/>\x0ef\x1eK\xcc\xd8\x09UN\x94d\x01\xba\
\xc6\x045\xcf\xac\xaf\xea\x98\xeb\xabF\xb3n\x9d\x9a\xa5\
C\xe8:\xaeMftb\x06\x22\xef$\xa5fVX\
u\xcc\x15V\xc3\x9d\xaf\xfa\x92\x09\x07\xb6H\xa2\x10\x02\
\x9bG\x81\x8d\x95K\x1ds\xe5\xd2\x08\xab9w\xdd\xed\
\xcak\x9biX\xd9L\x83\xa9\x1c\x83\xcd\x81\xfe\xd7\xdd\
\xe7\xfd\xcb\x85\xc1\xe5\xa6p6Z\xd5\xf0\x15\xba\x16\x04\
\xb3m\x16+u\xcc\xc5J\xfb\xef\xae\x82\xc3C\x08j\
\xedH\xb6\x02\x82Z\xbbNA\x8d\xd5J\x1ds\xb5\xd2\
\xf0\xdb\xa6\x96\xaf\xb8<\x0d\xb7$\x91\xca\xbc\xa7u@\
'e\x01f/7\x09\x16s\x18N\xda\xc0F\xeb\xac\
,\xf1ST\x87/\x13T*u0\x94c\xaf\x05\xda\
\xc4\xf6\x81>\xef)wF\x91\x16,\xf7E\xb9\x16\xf5\
EL\x9cp,H\x96\xfe\xdc\xd52&\xf2A\x0a\xad\
FP\xc2[\x14-\xbaE\xe1\xb0^\xa9cA\xaft\
o!\xdc9PF\x0b\xbah\xe5\x12\xf0\x95\xca\xe0\x0e\
\xacW\xea\x98\xeb\x95\xea]\xf9\x83\x8f\xc3\x9d\x8c\x14t\
s\x91vxF>\x9c\xd1\xceU \xb1\xb1^\xa9c\
A\xaf\xf4\xceNo\x9b\xf4\xb8\xeb\xa5\x09\x8cfu:\
\x02\xe30\x9d\xc61\xa7\xd3\x5c\x9f\xe9k\x03\xc1\xa3\xf9\
p\xf3\xbb\xbcCR\xf1\xcc\xcb\x03\xb3\xb1\xeeyd4\
\xe77\x0b\x94\x9a\xb3\x07:N\x80\x9a\x9b7\xd4\x01a\
A\xb7\x165\xcbL\xaaq,(\xad\x1e\xee\xaav\x0e\
\x94m\x22d\xb16|\x94\xbaM\xd9\x03u\x1b\x87\xa9\
5\x8e\x05\xf9\xd2\xb9\xc5\xe0j\x03z\xe7\xca\xf0\x16\xd3\
\x88\xd6\xb9\xd2\xa1\xd6\x99\x096\x8e9\xc1F\xdf\xf3{\
4/\xa1\xf1*\xca\x9fe\x88[\xc5\x03H\x02\x8b\x97\
:\xe6\xe2\xa5\xca\x8f\xf5Y\x07\xf9}\x95\x17\x8f~\xde\
6>/\xeb\x98:\xe6:\xa6\xe1\xf1\x81\xf6\x0b\xe1y\
\x1b\xba\xa8 Tt\xa3B/\xcc\x89\xc4\x5c\xc34X\
9\x0b\x966\x82\xfd\x9f\xea\x03\x14\x82r5R\x14\x07\
%\xe9z5\x07sxV/u\xd2vt\xaf\xcf\x00\
u\x1e)\x7f\x00\xec\xbcM\x0f\xcc\x01\xd9\x5c\xc0Tc\
\xe4\xbf\x9db\x11_\xf5\xf0\xe4@\x1b\xf7\xb7Lfs\
\xcc\xc9l\x1a'\x7fv\x7f\x840\x9a\x96\xb2!e\xb4\
\x02\x9a\xcc}G\xda\x9c91\xbb=\xb8\xabEb\xa5\
\xcb\x9f~3{\xb3\xd4\x17\x8f%\xfa\xd9\x1c\x94\x9a\xcc\
\xc1s\xcc9x\x1a\xbc\xbb\xf4\x9c\xb9\xdbY\xd4\xcb+\
g\xa9\xc7g\x0a\x9ec\x81\x82\xf7\xf6\x93N\x1a\xb3\x0b\
R\x032$\xd3\x14\x7f\x09_I\xd1\xcd+\xca=\x88\
\xcb\x5c<\xd7\x9c\x8b\xd7{\xfe\xf4\xfa\xc7g\xba\x01\xa3\
\xe1\xc6t\x03\x86&\xae.\x13\xf1\x5cs\x22\x9er`\
]\xda\x8b\xa9Y\x05\x0b\xc8\xcd\x10\xd8\x5c\xe6\xdf\xb9\xe6\
\xfc\xbb\xa0{:8_\x81\xa7\xd5\x82s\xb7y\xe8:\
q\x1b_7\xce&\xc7-\xf8p\xb8p\x05&k\x1f\
\xbe\x01W\x8967\xc6\xd1f\x87m\xb6\x80M\x99\x1f\
\xac?\xd47\xc4\xc5N/R\xdb\x89$W\xe5V\xaf\
P\x9e\x00\xa3]6\xda\x06\x89BUA\x00\x7f\xcd\xe8\
+Q\x8c~\xcd4\xea\xe4\xceI69iC?\xf1\
\xe7\x06L+&\xa2\xf6\xa36\xe2z\xe6D\x07&\x16\
.3\xf0\x5cs\x06\x9eV^]\xfe\x8b\xf8aZ\x1d\
\x9d\x97J^\x1b\x1d:\xcd&\xa7-\x88>0\x96\xb4\
\x5cj\x8e\x00\x93\x96\x09L\xea2\x09\xcf\xb5  \x1c\
]\x8c\x02\xdc\xa0.\xdfF\xc1\x063\xb4\xf9p\x99\x87\
\xe7\xc6\xacl\x11N_\x84\xbb\xfb\xe1\x8b\x0dq\x8b\xa0\
\x09 \x13\xf9\x8a\xb8\x88\xf6:\x13\xe0\xcc\xcc\xc3s\xcd\
yx\xc1\xc7\x99\xfe\xd5\xbc4\x8cUyo2#\x8f\
c[\x93u0\x953\x899\x0dO\xb3\xc4\x8e.!\
Zdj:\x1ec\xa8\xc8\x94)T0\x07\xcf5\xe7\
\xe0\xe9\xea\xed\xd1\xfc\xf5\xd5\xabpf_B\xbf\xe6\xa3\
\xeeI\x5c*\xb5\xdb`/\xe7\x90\x98\x95\xed\xc7\x83-\
l\x9c*\xd86q\x90\xe0\xfca\xce\xc6\x0b\xef\xbd\xd4\
\x8d\xbf\xec\x11^\xb3\xa4r\x1ez\x84\xd7@\x8f\xe0\xe4\
\x11K\xd9\x10Z\xd9\xe8\x0e\xee<\x97`*ZhE\
\x83?\x86\x1a\xf4\xe2\xac\xb0An\xc1\xe9\xc3\x9c\x8b\xd7\
\xbb\xd8\x087\xf7z\x0b\xe7\xc2U\x82\xda\xedfC\xaa\
\x82*\xb7\xe5u\xb9\xcb\x1c<\xd7\x9c\x83\xa7\xaf\xac\xcc\
\x89\xb5|t\xf1\x1c\xa8\xa4\x13P\xfc0\xf5\xce5\xa7\
\xde\x0d\x9e\x1d\xeb\xcen\xbf\x1b\xac-\x0a\x8b\xd1\x1b\xfd\
\xd7j\xb3\xe6I\xcf\xeb\x17\x01\x8f\xe92\xf9\xce5'\
\xdf\xfd\xeb?\x7f\xf6\xde_J\xbe\xfb\xafz#\x0ag\
\xb2\xe6\x8e\x07n\xcb\xc4;\xd7\x9cx\x17\xac,\xf2\xa1\
\xab\xba7<\xb7\xcc\x1b\x10\xecF\x99x\xe7\x9a\x13\xef\
\x82\xd5y\xe5\x10\xa4X\xab\xcbK\x14k\x1b\xf7\xd0b\
N\x1a\x16xwW\xeb\x1a\xa3+G\xe1h6\xe87\
1\x0c\xb7}\x0a\xc3c\x9c9\xc6\xcc\xa7WG\x97z\
\xaf+0H\xcb\xc3\x0d\x82H -\x83\x08\xa5\xcb\x1c\
A\xd7\x9c#x\xfd\xf3\x99\xd6U\x11\xae|\xfa5U\
\xb9\x8bW>\xfd\x0aY\xcayb\xcc\xc6\x95\xcf\xeb3\
RS\xb9Q\xb5\xa6\xc6\x88\xa6\x98.\xd3\x02]sZ\
\xa0\xd6\xee{=\xa3\xf2E\xff\xcd\xac4)\x9e\x1an\
\xf9\x81\x1a\xdf\x9eju\xc0h\xce\x1c\xe6\xcc\xc0\x88\xc8\
\xb8\x0fUeE\xd7\xecTVV\xeaTV23\xd0\
5g\x06\x86\xcfv{\x8f\xee\xf5v\x8f\x83\xd7\xe2\x8d\
\xc4\xe2T\xa9Y\xf7J\x93b\x80\x98\xaaO\x82\xc9\x1c\
\x86\xcdY\x81\x83'W\xfd\xab\xadH\xe9\xea\x910\x91\
\xbf9\xb9\xa3\xfdBd(u\xcaE\xf2\x0c\x0e\xc5\x16\
x\x81\x9b\xdd\xf0\xd9\xb2\x14\xd6TH\x9b\x8c4\xc5$\
c'!X03\xd05g\x06\xf6?/\xf4/\x0f\
\x00]\xe3kM\xd2\x11\xb4\x03\x7f\x1c\xe05.\x13\x03\
\xdd\xb8\x8d\x00\xa7\xa7?\xf2\x8cMsE\xf3\xa3\x84`\
<\x8f\xa6l\x09v\x8a\x84\xb1S\xfc\xe7\xcf\xc1\x9d\xb3\
\xc1\x1bA\x93\xa2\xe1\x97\x0ay\xf9\xc8\x9c_\x00K\xd9\
%\x126\x00\xba\x83\xbb{\xb8\x06\xd3\xb3\xc0\x7f~ \
\xc8e\xfa\x97k\x81\xfe\xb5\xb55\xb8\xfb^\xb7\x1d\xb3\
\x1fE\xd1\x8f\xa2\xde\x84e\xaaSp\x97$\x9b\x99\x02\
\xab\xb9\x8c7\xa7\x82]w\xbf\x5c\xff`\xf0\x87\x1e\xa4\
\x8cD~\xf8\x80\xfcp\x99\x0c\xe6\x9a\x93\xc1\x82\xeei\
p\xb6\x08\xbd\xf3Dt@\x9c[\xe7\x896\xb5\xce|\
m\xc05\xbf6\xd0\xbf\x9a\x0d\x97N\x83\xd9\xdf\xa5\x8d\
\xdaM\x8do\x03\xd6O\xbbL\xc6r\xa4\xb0pg\xe0\
\xdb\xa7\xf0\xcb\x07\xe9.\x9e\x97\xa9\xd5\x9a\xe2Q<\xaf\
F\xae\xc0\xf5\xbbc\x01\xf5\xfaI\xeb}\x12\x81&\xd2\
\xed\x1b\xc5\x9f\x19\x9f\xa6`\xc1\xf1\xcd\x9c\xb5\x16\xaaH\
\xd1=\x05U`\xbf\x99\x9f\x88\xc4\xe5da`\x7f\x02\
\x84\x81]&\xad\xb9\x16.#\xa8\x06\xfa\xd1\xd6\x08\xdd\
\xda\x11\x0a\x89(\x1e\xee2w\xcd5\xe7\xae\x0d\xd5\xb9\
\x06o\x96\xa5\xd5\xc1P\x9c\xab\x90\xc7\xddAn\xaa\x00\
\xd5\x10s\xd7\x5c\x0b\xdc\xb5\xb5\xc5\xf0\xc5\x86\x96\xf1\xeb\
\x1e\x0b\x93\xe2J\xb4\x87\xaeJ\xd5\x9bWiA)\xc4\
\x146\xd7\x9c\xc2\x16\xec/\x0eO\x9f\xcb\xec\x1f\xd6=\
/\xe0\x0a\x8c\xb9k\xaek\x03\xc1\x04'\x97\x94\xa9\xa3\
\xce-\xb5\xe1\xda\x92\xcb\xbc5\xd7\x02omk+|\
z\x0e\xfb\xafz\xa9\xf0k>\x08^\x5c/\xd0\x06\x8c\
)a\xae9%\xac\xbfr\xa8\xec\xd5\x1f\xa0\xc0\xfd\xd1\
0\xbc\xdc\xcd\xe1h\xa0\xffTr9X\x9d31\xcc\
5'\x86\x0d~.\xab\xaa\x02|9W\x1aN\xe4\xc1\
\x9ds\x0dtg\x8e\xcb\x16.\x93\xcc<\xd7\xfd\xf4\xe2\
SI\x89\xb9\xac\xbbiU\xbf\xc92\xcc\xe5:Mc\
\x99\x17\xe6\x9a\xf3\xc2\x06s\xab\xfd\xab\xcf\xc1\xecC\xa9\
\xe0\xcc\xc9L\xed2\xb9\x03\xb3\xc1\x5cs6X\xef\xf5\
\x07\xadN\x22\x8bre\xf5p\xa5\x88\x92\x5c\xd96H\
r\xb9L[r\x93V\x0e\x02m=\xc3\x05\x7f\xf56\
\xef\xf7\x11\x16\xc4\xb4%\xd7\x06m\xe94<>PA\
Y\x8a\xc8^F\xaf\xee\xda%\xbc\xcf\xed5\xda\x10\x94\
\x99\xb9\xe4\x9a3\x97\xb4`\xcd\xdf\x0f\xc3\x8d\xae\x90\xf0\
*\xd1\xad\x1a)\xdf\x01\xc6\xd8e\xee\x92k\xce]R\
\xf1L\xf3\x9e\xe5\x0bQ:\x9cE\x12\xfe|$\xaa\xe1\
\x03\x95\xc2e\xfe\x92k\xce_Rnq\xfd\xf3\x19P\
)\x94[\xf8ZA\x13\x88\x14\x1e\xc9~\xbaL`r\
S6\x04`\xc2C\xba\x0841T\xb8\x92Q\xa5\x13\
\xc4\x1cu\x99\xc7\xe4\x9a\xf3\x98\x06\xdbKz\x82|t\
O\x98`i\x05\xffVM\xae2\xc1T.\xda\xcc\xe9\
K\xfa\xd8\xc0\x01\xe1\x96\x94\xa9\xf9i\x22\xef\xe7)\xaa\
1\x13\xc8MY\xe8\xf6#\xb0\x87\x00\xff\x99\x8c\xe2\x99\
\x0c\xfd\x99lC\xca`\x02\x90\x9b\xb2\x82\x17\x94\x97\xfa\
\x19\xda\xe9gh\xa7\x9f\xe2T\x912G\x09\xce\xed\x07\
[/\x11\xf4Z\xf2\xb1\xd5\x98\xc0\x99 s}\xdc\x94\
\x05\xce\xfe\xf7\xf0\xe8x(\xc9.\x1d6\x8b\xf8>P\
\xb8\xfb^\x0b\x0aw&\xfd\xb8\xe6\xa4\x1f\xd5uj{\
\xe9\x8c\x95\xb2\x97\xaeX\xb5\xe8\x89\x99\xef\xe3\x9a\xf3}\
z3W\xfa6\x9f\x1ct\xc7#\xb1\x17\x8a\xba\xe3t\
\x11\xcae\xd2\x8fkN\xfa\xe9_^\x86\xaf\xdf\x87O\
\x0e\xc2\xa5\xdf\xc1)9\xf5\x1f\xe9\xcdA\xb3,\xed\x0d\
r\x93uzc\x0e\xbe\xe6\x9c\x9f\xc1\xfaI\xf0qF\
\x0a\x10C$\x8d\x18\x22&Z\x10\x22\x98\xf0\xe3\xa6\x1d\
\x1b*w\xf3[\xe0\x0e\xd1\xe2`x!\x9c|\xa23\
\x8e>\xc1!\xd8\x02\xed\xe7\xc5L\xef\xf0\x18\xab\xf6I\
\xfa\xe8\xca\x93\xf8\xd1q \xb6@\xf9\xe9^(\x87\xd0\
.,t\xf7\xd5R3\xbav\xdf\x84\xd6\xbe\xda\xaaC\
/\xc7\x9c\x1f7m\x01<\xb1\xab<\x03\x04\xfb\xb5\x88\
\xb5\xf7k\x8a\x22J\xf6\xb7\xc6A\xb2\xdfe\xe2\x8fk\
N\xfc\xd1\xf2[x\xd1crHgDu\xccI\xba\
\xe8\x91d\xdaO\xd2\x9c\xf6s}\xb6\xad\xc3\x05\x0cQ\
j\x91\xcd4C\xa1$\x92d\xe2O\xd2\x02\xf1g\xe9\
\xf1`\xfd=F\x8df\x04)\xa6\x88Q\x86\x88\x91d\
\x02P\xd2\x9c\x00\xd4\xdb\xd2\xb3x\x82\x8f\x0e\x994#\
\xe0\xa3\x13\xb0\x03K2\xcd#iN\xf3\x18\x1e\xbc\x87\
\xa6\xee\xe6\xe0=vu\x1d\x0f\xba\xba$\x93<\x92\xe6\
$\x8f\xeb\x8b\xe3\xc1\xa7\x03\x0c\xcd\x99q\x0f\x83\xf38\
:s\x9a\x0d6\x0f\x19\xf3\x8f\x06\xf7.\xd4;K\xe0\
\xd7\x087\x98k\xaaw\x96\x11\xb0\xe39\xa0\x9a'\x99\
\xe4\x914'y\xf4\xb6\x1e\xf4\xf7\xbb\x92\xf6\x87\xaa\x92\
\x9b5\x91{\xe0W\xeb`)\x87\x0a\x0b'\x96\xf6V\
\xb8>\xf6F\x067\x0f\x83\x1b\x13;\x92\x16\x88\x1d\x8b\
\xd1a\xda\xf5\xdd`\xf5\xf7\xe0\x96\x8d\xf4(\xa2x1\
)\xcf\x7f\xb2m\x80]%\x99\x80\x904' h\x89\
\xb6\x97\xeb\xa3\x0a9\x9f\x0f\x92t\xe8 I\x92Y\x08\
Is\x16B\x7f\xe1\xb2w\xb1\xd1\xbfw\x11v\x1fI\
\x92F\xcdZ\xf5\xe6\xd0\x99\xa8lT\xf5\xc1f\x0eo\
\xe64\x84`}\xbf\xffm+xxO\x14\x09\xca\x94\
\xb2\xb2BP\x16L\xe5\xc0f\x81|0\xaf\xe5\xb8\xb4\
\xb5K\xcfE&\x18\x99\x9b\x99 {\x99\x82\x904\xa7\
 (w\x08\xdf\xec\x81\x0bgJu>D\x9a\xa1\xeb\
\xe0I&\x22$-\x10\x11.7\x83\xadK\xbdj\xbc\
\xf8$\x9eWn4\x87@GODpW\x1a\x00u\
L2\x13!i\xceD\x08\x1e-\xaa\xf4\xa1\xe2\x85<\
\xdd.E\xc1B\x1cl\x93\xb5\x1c\xd7\xcc1\xf2\xe1\xc3\
\x85psO\xff\xfdT\x82\xec\xdenV2b\xb6\xab\
\xdc\x06\xe5\xb3$\xc3\xe3\x93\xe6\xf0\xf8pf-\xd8y\
Kcx]e6Y\xfd\xd7\x9b\xa0\x8a\x8da\xf2I\
s\x98|\xf8\xf2\xa7f\x8c\x0a\xd5O1?\x01\x0a;\
E`\xfe$\x19&\x9f\xb4\x00\x93?<\x0f\xd6IF\
\xd7/5F\x0c*\xfc\x06\x85\x08\x06p'\xcd\x01\xdc\
\xc1\x9b\xf3\xde\xee\xb1j;\x04s\xeb^\x84\xba\x93\x8c\
\xad7\xc0V\xf6\xddx\xd2B\x09\xd1\x9f\xfb<\x0aD\
\xda\xa1R\xad\xd3\xa1R\x8dQ\xc5\xc9\xb8\x8d\xd2=x\
\xfb\x01P\xc5\xc3\xd2=\xc3\xa8\xe2q:/\x99\xe4[\
\x0dI\xc7\xc6:?x\xfbi\xb0\xb6%a\xd9T\xe3\
\xac\xa5\x1d4\xffR\x5c\xeb7\x1aP\xf40\x163i\
\x8e\xc5\x0c\x0f\x17\xb4d\x0d\x1ev\xd5H]*\xe2\xb3\
\xe4\x19\x0csL\x9a\xc3\x1c\xfb\xf7\xb6\xd5\x7f\xaf/\xde\
\x1d\x1eS\xbb\xaf\xfe[Y\xc0\xaf\x0a\x05<C\x1c\x93\
\xe6\x10G]\xa7\xcd\x93\x92\x91\xaa\xd4\x0a|O\xb9\x80\
O\xcc\x1f\x9f\x05\x80\xe3\xd5l\xffdG\x9arg\xb5\
\xde\xb68\xe4\xcef!\xb01$,i\x0e\x09\xeb\xbd\
\xbf\xd4hL \x1f\xe4u\x831\x82{\xe0S\x94`\
5\xf3\xa4k\x81\x90\xb2\x17\xdc_\x80Tw\xbb9\xcd\
\xcd\xdc\xedi\xcat\x8c`KZ\x105_z\x1e>\
|\x0c\x8f\x9c\xad5nNK\x88o\x9cm\xe0\x1b\xf3\
'g\x8e^\x0b\xf6Tr~\x17n\xbcS\xf5\xda\xef\
WsjCAD8\xb1=\xdd\x99\x86\x89`\x92\x8b\
\xf7\xa4\xf9\x18s\xe5\xa5\x96\xf9\xbc\xffR:\x89\xd9\xf1\
\x9a^&:\x0b&\x1e\xc4\xecxEH\x1e,b\x9d\
4\x17\xb1\x0e.\x0e5\xe0n~Kze}AW\
\xd5A\xc3e\x82\xfc\xd2~}\x9c^\x9a?@s`\
X\xb0u1\x04\x91J\xfb\x8fb\xb3V\x1c\xb9\xfe(\
\xd2\xc5\xe2$\x83\xc3\x92I\x1b%\x5c\xb8\xfcAe\x90\
p\x1b\xeeV\xe9%SYo\x9bD\xa5~\x90\x07N\
28,i\x0e\x0e\x0b\x96\xdf\x0f\xd6>j\xf5L\x81\
\xcfV\xf72-\x8d\x5c\x02:[\xbd\xd5\xae\x82\xc9\x9c\
\xfb\xccAb\xd7\xdd\xf5\xde\xee\x15\x98\xdcjN\xdcx\
3\x18\xdd\x9a \xa3\x19o\x954\xc7[\xf5?\xdc\x0f\
\xbf\xef#\xab\xbf\xe4g\xfe)\xa1?\xc9\x18\xa6\xa4\x05\
\x0c\xd3\xbb+M\x0f{\xf7D\xea\xa5\xdb\xd1\xf9m\xb9\
\x8fng|\xe8\xa3\x19\xc3\x944\xc70\xa9\xde\xbf\x7f\
\xf5(|\xb6(6\xfe\xbe>\xfa\x0b\xa0L4\x97\x03\
\x9c\x05\x1d\xe3\x88}\x07\xa3\x0a\xbf\x99\x1fq\xa6\xc8\xcf\
\xd0\xa0\x82\xf1L\xc9\x94\x0d\xe8\xab\xbe\x91\xb1\xfa\x22x\
s B_\xa3\xdb?C\xb56\xf9\xf6\x0f\x847\x96\
]N\xa6R6`\x8ewv\x08\x85\x95\xafSO=\
Q\xc7\xaf\x8eC\x9b\x05\xbd\xe5\xbd\x15\xbds|r \
^u\xadE\x17=4XA>\xea\x0aP\x85$c\
\xb0\x92\x16\x84\x97\x9f\xdd\xd5N!j\xd7\x14\x95C\x80\
x\xcd4\xd4\x9c\x8c\x0dJ\x9ac\x83\x82;K\xfd\x8b\
\x1f\xe1\xce\xa5\xb4Z\x9a\xd2\xd5\x90<\x12\xcaN\x81\xef\
2<(i\x0e\x0f\x0aW?i\x18i\xf7\xaa\xf7\xf1\
w\xf6\xc1d-?\xdd\xfe\xa5C)\xc1)\xf2\x14%\
\x18\x1b\x944\xc7\x06\xf56/\x83w\xeft;-\x1c\
+\xcafJ\x99\x9a\xea\xa6\xc5KE\xd9\x0c\xcd\xdd\x18\
\x1d\x944G\x07\xf5\xe7~\x04{;#4\x8c\xb3\x99\
\x1a\xcd\xddp\xba\xc2\xd8\xa0d\xda\xc6!\x92\xeb\xb3.\
\xa0l\x22\x88\x1bbl2\x88\xb1a\x5cP2mC\
\x7f\xa0\xd7=\xee/\xed\x07\xcbw%\xfd\x81j\xc6\xd7\
\xdcW\xc8\xcfUH\xd0)\xc6\x05\xa5\xfe\xb0q\xd45\
X\xd9\x974)TL\x9b\xc8\x8b\x8a\x14\xd3\x139\xb0\
t\x8c-5\xeeJ\xc3\xa3G\xe1\x16\xe1\x81\xf4\x81F\
\x9aUL\x12\xa44\xc52\xb5)\x0b2\xb53\xef\xae\
\xaf^\xf5\xbf\xcf\x06\xfb?\xc5\x13\x0e\xba\xf2\xf125\
\xf9<X\xb9=N\x8f\xec\xb2\xd1\xae\x05\xa5\xfe\xfe~\
w\xd0}/\xads\x1b\x19\x8d\xfb\x98\x84\x85n\xa3:\
\x99\x05\x8b\x93lq\xd2\x82\xfeR\xffj\x96\xd65\xb5\
f\xbb\x89C,\x9f\x1d#\xc5\x16\x9b\x07\xb6\x99\xf5\xfe\
\xde\xfe\xf5\x8f\xcf\xc1\xe6G\x81\x86\xa9\x1c\xa3\xa9\xba\x8e\
)Y\xd7\xda\x9f\x02\x8b\xd3l\xb1y`\xfb\xd9\xbd>\
\xbb\x03o<\x15i\x88\xe1\xd77E\xb0\x8f\x14C\x82\
R\x16\xd4^\xb7\x17z/\xd7\x83\xb7Kb\xe3Qk\
\xfa\x99j\xa1\x09\x8d\x87_\x80H\xcc\x02\xaa)s\x01\
\xd5\xff\xfb\xffR\x1f\xdf`nU\x9a`\xb5s\xea\xdb\
+\x97\xe0J\xaa\xfa\x15\x04)R\x0c\x07J\x99\xc3\x81\
\xc2g\x8fu\xd3\xf1\xe3D\xda;BAL\x83\xee\x14\
\x03jR\xe6\x80\x1aM{\xfe\xb0\xda\x7f\xbc\xa3Z;\
Qt`\x22_\xc9DK1\x09\xff:Qi\x80\xcd\
\xfc\xd1\xc5l\x9c\x17\xe8\xdf\xbb\x80\x8f.:\x06\x9e\xe7\
Mt\xa3J_\x1d\xa3kRc\x16 \x83[\xc3\xeb\
PR\x9fT\x1f\xca#\x96\xf1\xdeK\xdd+\x83s\xb0\
\xa6c\xca\x5c\xd3\xf1\x7f\x06O\xae\x06\xab\x7f\xff\xbe\xdb\
\x8d\x84\xc4\xe4On\xbc#\x7fpi\x1e\xae\xa5\xcd\x87\
kzy\xfe`?\xd8\xba\x18l\xce\xca\x93\xd7\x88Y\
S\x93\xcb\xf8vQ,\xe3\xd3\x7f`\xee\x88~2\x17\
7\x0fVN\x83\xd9/\xc1\xca\x99$n\xae*\xa0\xa2\
2\xbc.\xdf\xb0*\xfe\xde\x90v\xfe\xd0\xff#?\xf3\
\xcdO\xbf\x9b\x1c\x9e\x1e\xca&w\xa4/\xef\xfc8\xd8\
[\x18<\xfe\xde\x7f\xf5\xfb\x98\xedvI\x0bFi\x9e\
\x98\x5c\xc7\xdf\xce\xf8\x1e\xd8<\xc66\x8f\x99\xda|}\
6w\xeb\x96\xfa\x7f\xcc\xbf\xa5\x9b\x1e\x13\xf9\x8c8!\
\xce\x80\xa1.\x1b\xea\x9a\x1a\xaa\xfe\xe3pQK\xec\xfc\
[\x0c\x10\xba\x15\xf5Es\xeb\x1d\x9f\xecM\xb2\xbdI\
cg\x98\xd5[\x83\xe0\x9dP\xf8\x0c\x8f\xac\xcb\xb8\xbb\
\xa96yA\x8a\x8dM\x99\x1a\xdb{\xf7\x228}1\
\xf8\xfb\xd9\xe0\xf1\x0c<o\xadY\xcc\xd4\x1a\xa5\xbc\xf8\
\xc2\xc5\x06\x18\x9df\xa3\xd3\xe6\xae\xfbU\xef\xc1\xf6v\
\xd4G'G5\x15\xd2\xb2\x99\x9a|%\xb5\x98\x05\xaf\
\x00l\xfc\xcdO\x866k\xa5\xe5\xcb\xe5\xeb\xb3\x0bI\
iy2_\x12\x0f+\xe9\x9f*`,\xc7\xb3X\xcc\
\xc2'\xd7[\xf8\x84\x9f\x5c\xab\x09\x1f\x5c\x8b>\xb8\x18\
G\xb2\x98q$\x0b\x966T$[\xfe\xf1o\x81\xe9\
Z\xcd\xd6$K\xab\xe8\x03\x0964a\xfc\xacG\x9b\
\xe1\xd11\x14hu/\xa3\xcf?\xc9\xd5Y]\x92\x16\
\x18\x1a\xcc\xa17\xe6ZpZ}\xd3\xe5\xe2\xf8\xdf\x92\
\xd7ND\xaa\xa9\x99\x8c\xec\xb8\x13ezb\x0e\xbe\xb1\
\xa4\x05\xcf\xd5\xd1ai\x99\x92\xc5pU \xa7\x0b\x8f\
,\xe6`\x16K\xdb\xf8\xd6\x8e\xf6\xc2\xe5\x0f\xca/D\
\x9bu\x83\x1f-\xc8\x8b\xd2t\xb8^\x99(\xcaV\x8f\
q8\x1b\xfb\xc3\x82\xd5\x9a\x9b\xb4\xb2*\xbf\xb3\x16\x87\
\x96\x1f\xd9+\xc0#\x8fq@\x1b\xb3\x12\xd0h\xc3\xcc\
\x086a\x8a=4\xd5aS\x1d\xe3\x8c\xbcp~\xeb\
V\xf0`\xeb\xf7\x87m\xe4\x95+\x88W/\xe9I9\
6\x8c\x19\xc7\x86\xc1\x9b\x17\xd1!\xf8\xdf\xe7\xc0\x85|\
\xc9\xcf\x88s\xe0\x82\x9f\x03K9&\x8c\xd9\x88\x09\xc1\
\xf61\x10z~\x95\x90#8=\xf5\x8e\xc0\xe9\x19\x9a\
\xcd\xa5\xd9\x98qi\xa6J\x9cHZ\xf2N\x7f\xeeD\
\x82\xfaheI}\xb1\x5c\xc2\xf9\xf8\x02+bh1\
\x87\xb21\x1b\xa1L\xff\x99\xbf\x92\x83\x82\xfeG\x0b\xdd\
\x89q\xa1Nq!\xcea,n\x1c\xc6\x82\xfdE\xbd\
\x95\x933r\xa1\x99\xc1\x0b\x92\x85\x0c%\xe48\xc7\xb1\
\xb8y\xa3\xf9\xf6\x83\x06H\xec.\x0b\x92\x13~3O\
;\xcf\x9c\xb0)\x1a\x1a\xcbuY|\xcc\x86;\xbcZ\
U\x11\x02\xdcA#\xd5\xe4$Q\xcf\x913py\x16\
O\xd8\xe9\x854\xc6\xe0%\xf7Bu\xaf9)W\x0f\
\x02\xc1rh3g\x8b\xb8c\xa9\x15z\xfb)|w\
\x8e\xadP#B%\x89\x9e\xa1\x1a8\x88mqN\x1e\
q\xd7\xbcd_\xee\xcf\xacC\xd1\xa3\x8a\x87\xca\x8d\xa6\
\xa4X\xf2xX\xf2\xc49\x8d\xc4\xad\xa4\x91\xa5\x8d\xde\
\xfa7\xd9\x9d\xabC%\xcc\x8c|\xe4\x99\xfc\x99\xc3q\
\xdcF\x9b<\xd8\xba\xaf\xfe\x04[\xafe\xdf(\x97\xca\
\xa5\x86\x9c\xf4:\xe52\xb4\xf6\x09\x8e\x19\x09\x0bS\xa9\
\xaf\xe1\xc9\x118\xc6\x90\xed\xa3\x8f\xee\x91kt:\xe4\
\x1a\x09\xfe\x0a\x13\x8e\x8d\xf2\xb2\xdb\xed\xfd\x98\x93]\xa3\
\x10\xb1-\xc5\xda\xad^\xe8\x80k$\xb8\xb6H\x18\xd7\
\x16\xd7\xdd/\xc1n7\xdc\xec\x06\xf7\xb7E\xc1\xf8\xb2\
\xae,\xaa2\xe8\xa7\x5c\x16\x8e5\x0cmfwN\x18\
\xbbspy\xda\xff\x16I\xbf\x1c\xbe\xfc=\xfdi\xda\
p.\x82\xfd\x88\x8a$\xf5\x1cd@\x87\xcb\x0b\xc7J\
\x97\xf4\xf6\xd3\xe0\xd3\x17\xd9/t\x5c\x9e\x943`c\
\x12\xdc\xc2a?v\xcc\xfd\xf8\xe9\xb9\xaa0 b\x14\
\xa2|\x8d\x01\xa3\x90\xa3\x80\xe1p&ql\x8c(z\
\xcf\xe7\x82\xeeW\xf1\x82\x99F<7\xe4\xcc\xa7\x7f&\
\x83\xf9\xd3sR\x16|\xe2\x96\xf2\xe3[\xe1\xcb\x9fP\
\x16\x95\x8a\xe2\xac\xb5\x0e\x91\xcd\xe1\x8f\xceI[H\xd4\
\xac\xa9\xa3\x9ew\x84\xa4\x8eW\xa6\x12\xd9\xe5o\xce\xfd\
\xc3F\xd6\x9b[\x0d\x8e\xbe\xaadMYO\x0b7\x16\
\xab\x90\xf7*\x10\xdc\x5c.\xec]\xf3\xc2\xfe\xfe\xf6\xad\
\xeb\xee\x87[\x810\x86\xafFzg\x99\xeamq\xb1\
X\x1d\xbf\x0d\xf6r\x9ev\xc7\xec\xf4\xd4z\x04\xf4\xb3\
\x8b=\xb5\xf2\x8f\x08\xeb!\x0f\xdb\xa6\xc0\xec8\x9b\x1d\
\xb7Q.\xcf\x9e\x0c\xee<\xef\xef\xed\xf3>4R\x5c\
j\x8a\xde!]\x1d\x19\x9a\xcdq\xd95\x8e\xcb\xc1\xe2\
\x86\x0e\xcd\xf2\x1a7\x9b\xbf\x91\x8f\x97\xb7\xb8\xd9B\x11\
\xc6X.\xc7e\xd7\xb5\xd3\x98\x0c\x9e\x5cI\xcd\xea\xaf\
\xc6$\x826R\xd3\xda)\x8eC\xcev9>\xbb)\
\x0b\x11O\x97\x9f\xdf\xb6\xa4\x00\xad<Z\xd7\x9e\x14\xa3\
\xbd\x09\x0a\xd2.\x07i\xd7F\x90\xbe\xbe\xfc\xa8\x1e\xfa\
\xdf\x92\xc1\xea\x13\x8c\xee\xa7\x88s\x17oj\x1c\x0a\x8d\
$\x07\xe9\xe4\x1f\x16\x86\x9c\xc1\xca*\x9c\xbck\xe4\x0b\
\x19\xbax\xd7(\xb4\xe1\x03L\xb2S$\x8d\x9d\xe2?\
\x7f\x86\xdfN{\xcb\x0f\x85\x9b[^\x86\x94\xc2\xd5o\
-\xd9\xd6\x14\xdb\x9a2_\xe9n=\xba\xd5[?\xb8\
\x15\x9e\xedKwhu\xd1Y\x94\x0d\xf6\x1b\xe0\xbd)\
\xf6\xdeT\xdaN*\x09\xb7\xbb\xc16\xa7\x92r\x89`\
\xd0\xf5N\x19\xc2D\x9a=8m>9|\xfb)\x98\
y\x07\xa5\xb2~\xe3r\xf4\x0f\x14\xcb\x0d\xec\xae\xd3\x1c\
\x94\xd3\xe6c\x97\xf3\xab\xfe\xccs\x98\x84G\xd4\xd1r\
s\xc4 \xbcX\xa6Ax\x9a\x1d$mc\x8e\xa1#\
\x85\xfa\x00\xb7N0i\xab\xcfP\x9e\x85w\xda\x9e<\
\x0b\x8f\xfd\x81\xfe\x11\xfb\xc3\xd8?\xfe\xfc\x9f\xff\x03\x1b\
\xa7\xc6x\x05\x16N\xfa\x179W\xc7\x1c,>cN\
\xcc\xc6\xd0e\xfe\xd1h\xb9\xdd\xfc?T\xdb\x1dZ\x1d\
g\xab-\xd4r\x07\xc1\xf2.\x5c\xdf*\xdcx1\x9d\
\xdf*\xf8\xbe\x0f6;l\xb3y!w\xba\xa3\xbe\xbe\
\xe0\xc1\xc7\xe0\xc1\x96 \x0d\xd3\x1cb4\xb5\xba\xaa\x88\
\x07\x19\xaf\xe6*`\xb5\xcbV\xdb\x98\xd6\x86O\x0e\xae\
\x7f\xbe\x0c>\xafI\x15F\xddkF\xb6O\x8a M\
\xaf>>\x09F'\xd9\xe8\xa4\x05\xa7\xee\xcf\xac\x0f\xe6\
\x96$\xc6`\xe4\xd4z\xc8<d\x9fK\x1e\xd2\xa9t\
&\xc0\xec\x14\x9bm^~\x9e\x9d\x05\x87\x87\xba\xe0\x7f\
\xb6,xHF\x0b\x13d\xaa\xaa\xe6\x07\xa1\xc7\xf1z\
\x96^;\xcdf\xa7-,+Uo\x12\xec\xbd\x90>\
\xc6\xa85\xd1T\xee\xbc\x98T\xea\xf0%r\x7f\x123\
\xefOz\xeb\xc7\xd7gs\xc1\xde\x0a-\x85UQ\xe7\
\xd5x'\xdc\xf2d\xab\xe3\x0c4\x8d\xffa!Ro\
\xabF\xb0\xb7\xb5\xd5\xdf<\x17E\x99\x0b\x99\x9b\x8b\xb5\
 \x97\x97+\xd4e\x98a<\x8e\xb1:\x1e7\x8e\xd5\
\xbd\xcb\xe5\xde\xf3\xbf\xa0ZRa#\x97\xc7Ri\x92\
\xe6\x8a\xf1x\x8a-6\x1f\xd3],\x85\xbb'\x10\xa9\
#\xa1\xf1L\x09\xe3tk\x1c\xe2t\x82k\x8e\x84y\
\xcd\xd1\xdf;\xeb\xfd\xf8\x00\xe2 \xedf\xb9\x84\xc2 \
\xedrn\x0a\x0c\x8e\xb1\xc1\xc6\xee<\x98[\x1d<\x9f\
\x0d\xee\xdfQ~-\xad!|m3,!\xfcr\x0e\
,\x1ec\x8b\xc7,X|\xab\xffb\xe9V\xff\xd5\x86\
d\xf0t4^\x145\xd2\xa6\xcb`n\x9c\xcd5\xfe\
\xee\xc2\x93\xcb\xf0\xc5\x06\xc8\x1f\xdd\xce\x94*\xa5\x11\x1a\
S\xb7+\xf5\x16\xd8\x9c`\x9b\x8d\xd7\xf0\xfaT\xfb\xe6\
\xb9\xae9\xfeZ\x913\xe0\x0d\x88\xcf\x17K$\x0f\x02\
s\x82A\xdf\x09s\xd0w\xff\xdev0\xff\x09\xa1\x9d\
y\x1d(\x10\xdcY\x81\xfa9\xc1\xd0\xef\x849\xf4\xbb\
\xbf\xb1\xa256w\xaf\xa4\x94=\xae'\x8a\xf9H1\
F\xcc\xda\xe3\xc5\x09z\xe64\xdbl\xde\x0avW\x07\
?\x97\xf1|mU\x1fw\xa4\xeb\xb59\xe8\xad\x12\x8c\
\xfbN\x98\xe3\xbe\xc3\xa3\xf9\xc1\xb3h\xba\xd1} :\
\x86\x1f\xa1h\x87RS\xa2\xca\x0d\x8c7\x12\x8c\x00O\
\x98#\xc0\xfb\x0f\x0f{\x0b\xe7\x90\xb05\x96\xa4\xc1\x19\
\xdbo@\xc6N\xc4\x1c6\xd9|yy\xf6V\xcf\x08\
>\xec\xf6\xbf\xcd\x08Roz@\xd0\x94\x0fve\xbd\
\x0e\xa4k\xc6*'\xcc\xb1\xca\xc1\xa3\xf9\xde\xe6%\xbc\
\xb1\x97\xcff\x18\x9d\xe1e\xf1\x89\xf9\xf33\xc7*\xeb\
\xab\xaa\x1f\x1f\x02:\xa3\xf1kN\x80\xe8\x8c\xc68\xa0\
3\x12\x8cUN\x98c\x95\x83G\x0b\xfa\x16\xf3\xe2\xd3\
^\xf7\xad\x90\xb4\x95OD\x07+\xc4\x87.W\xbc6\
\x98\xcc\x9f\x9f9^9X\xda\xd0\x10\x8d\xd9/\xbd\xf5\
\x8f\x12\xabA\xaf]5\x09\xce\x87\xe3<\xe5\x22D\xe7\
1.\x8e\xc6\xcc\x97\x82\xe7OU\xe3\x1a\xecm\xab\xb7\
\x16\xe6\x04\xaai\xf5\xf5\x19[\xd1\x9f\x81\x03\x97\x18\xe3\
\xf2h\xcc\xc2\x08i{\xf0\xecJ\xfd\xe9\xdf\xfb.\xb6\
Sy\x15\xe5D\xb6VN\xfd\x02\x06s\x8c3\x07\x87\
\x07\x97\x8f\x82\xd3w*\x9b\x84\xaf\x05\xcew\xb3\x18\x95\
\x9fm\xb1\x00m\x17\xcb\xe4\xc9.[l>;\x9a=\
Q\xf5\xc5\xe0\xf1\xf7\xc1\xfa+\xe9T\xb7*/|\xd8\
\xf5\xb4}\x9f,\xe6\xbah\xcc\xc6\x02P\x83vf\xd7\
\x82\xee\x864\xed\x1a\x0e\xf7\x9bp\xf0\xcfkP_\xc2\
\xd0\xeb\x849\xf4\xbaw\xf4V\x93\xf8\xee\xec\xfe[\x12\
M+fju\xf1\xbb\xf3\x8buy\xfd\x97`\xd8u\
\xc2\x02\xec\xfa\xe7\xcb`\xef{\xef\xc9\xa20\x98\x1b\x92\
\x8a\xe4&\xaaS\x86\x8f\x8e\x17j\x89\x94\x8d\xe5\xdf\xe6\
\xc7\xc1\xd9\x1ba\xf9\xa7\xf3\x1d\x0c\xe2\xd4\x8f\xf2 .\
\x91fc\xd3\xe6\xde{x\xa8\xa2Z\xfft?|\xf5\
N\xe2\x98U\xa3\xa1EsJ\x0ek\xf5\x5cE\x9e\x03\
8<\x07p\xcc\xe7\x00\xe1\xd7\xf7\xc1\x13B\xaa\xb6\x9a\
\xf5\xa1S@-\xd4\xaaC-\xe4pk\xed\x98\xb7\xd6\
\xc1\xd6\x85\xa6\xf9\xce\xbc\x0b\xba\xa7\xd2\xc4S\xc56\xbd\
\x02\x9c\x90\xcb\xfab\xbb<\x01F'\xd8\xe8\x84\x85\xba\
BkN\xc9\xf3\x80jtA\x9a\xe7\x01U\x0f\xe6\x01\
\xce\x1f\x0e\xdb\xecX\xc0\xaa2AN\x17B\xa3\x09r\
eB\x8b;\xccZw,\xb0\xd6\x1fn\xe9\xe9\xd6\x8f\
\xbf\xd4\xdfR\x94\xd3\xc7\xe8\xa2\x9e\xaf\x5c\x92ah^\
\x19\xacN\xb2\xd5\xc6-\xc9P\xc8YB\x0e\xdc\xa88\
\xcb\xde\xdc\xf1\xe8\x89\xd3l\xac\x0d\xd8K\xf0j\x95I\
\x04u\xc6\x89{ur\x0a\x1e\x068\x16\x86\x01O\xb5\
^\x8f\x0a\xceR%\xa4a\x89Mq6[\x01S9\
\xbc\xc5,\x94\xc6\x17\xca\x19 $WJ\xca\x1d0 \
W:\x14\x90\x99]\xedX`W\x9f\xed\xdc\x0a~\xde\
\xb9\x15\xac\xac\x0a5\xd0D\xa6T\x10+\xa0\x89\x02\xd8\
\xca\xd1\xc1\x9cX}\xb3.[\xfc\x11|}/\xaf\xcb\
\xfcR\xbb)\xaf\xcb\xa0(vxV\xe1\x98\xcf*\xfa\
Ko\xb4\xea\xf1\xf6\xc1u\xf7\x83(J\xaf\xd9/z\
8+\xa9\xffe\x00|\xef\xc4Rl\xb2\x05\xfe\xe4V\
oy\x1fr]]7\xa2#f\xdfu\xccu<`\
qbV\x94-f\xbf\xf5\xba\xaf{{_\xe5\xa5u\
\xb64\x9c\x7f\x97\xe5\xf6\xa3\x93\xa5\xbc\xc1#\x16\xc7\xc2\
\x88e\xeem0w\xd0\x9f\xff\xdc\xbfz$b1\xa2\
T\xa7\xcb8_\xc4\xd5\x16hj\xef\xf0\x98\xc51\x1f\
\xb3\x0cW\x0d\xbd\xcb\xe5\xfe\xca!\xaf\x1a\x22u\x0ey\
\xd9\xee\x81<\x87\xc3c\x0b\xc7|l\xa1\xfc#|C\
W8\x22\x8bK|\x88\xc3\x9b\x84m\x833\xc6\xd1y\
\xcc\xbc\xf2\x8c\x00\xf9\x90\xaco\xe0\xf8\x98\xae+UJ\
\xd7<mq,P\xf1\xbb\xaf\x83\xb7\x9f\x07\xcf\x8e\xc5\
G\xd6\xd7\x90@\x99\xb5A\xce\xcc9\xc5\xc2\xa4E5\
Qo?\x84O6\xfbw\x8f\x84\xd9P^sw2\
5\xf1\x06G;W&\x8b9B\x9bOZ\xc2\xddc\
\xfd\xbf\x07\xa7\xef\x04\x8f\x88\x86Y\x92/\x90'p\x5c\
6\x1f\xaf\x04\xe7W\xc1\xcfg\xe0\xbd\x11p\xf2\xd7\x15\
\x0b\xd1\x7f\x8b\x1e\xf9/\x8fY\x1c\x0bc\x96\xfb\x07\x1a\
Kt\xff\xb4w\xef\xabp\x0ei\x08%\xaa\xa8\xe8<\
-^E\xaaW\xa6\xc1h\x8e\xc9\xe6\x14\xf7\xde\xa7\x8d\
\xe1\xc9\x02\x813\xd7,\xdd\xdc,\x90\xa5E@}\xc8\
a\x96\xbb\x13\x1f\xb3\xc1\x90R5\xfd\xb7\xbf\xc2\xed/\
\xc0\x90\xea\x94\xb2\xc0\x90\xead\xc1bN\x1f\xe6`\x9c\
\xc1\xab\xee`\xed%\xee\xaa\x9b\xd5j\x06W\xd5UJ\
\x1e\xcc\xccw\xcc\x99\xf9\xd7gs\xe11)[\xb62\
\xd5\x0e\x0a'\xb5:h0\xc7b+\xfc\xf6\xf0\xd9K\
:M\xa7\xa1\x0b|\x9a\xce\x87=\xb5\xc3\xecv\xc7\x9c\
\xdd\xde\xfbq\xa5\x1a'-\x9e.\xe0\x9d*\xff-d\
\xf4\xbc[\x04;U\x0a\x00vr\x18\xa0\xe5\xc4-P\
\x98W5\x1d\x7fS\x8b\xa4HP\x00\xad\xfd\xa53t\
M<:\x9e\x85|\xc7\x84|'ncH?|`\
qH?|`\xb1G\xcd\x81\xc2\x8f\x93\xe0H\x9c0\
\x07\x1b^l\xa9\xf4\xd1\x9b\xfd AQ\x0b5\x9d<\
\xf4 \x0b\xe6\xdf\x85zg\x12\x8c\xe6\xe0\x960\xaf\x8d\
\x9f?\xed\xdf\xbb\x00?n\xdd\xe0\xab\xc9\x95[\x84\xaf\
v\x12\x1c\xde\x12\x09\x1b]\xdf\xf2\xaejV\xaf\xafv\
\xe0Jz3\x9a\xcd\xea\x9b\x0b\xe2\xa1t\x0f\xf2\x08\xab\
\x1e8\xe6\xaa\x07Zz\xfa\xdb{>\x19z\xbb\x89\x07\
CoS\x85\x9c\xe0\xa8\x9cp-\x18\x1cl\xdf\x874\
\x12\xc1\x0d\xb9m*\xfb\x94H\x12\x1c\x96\x13\xe6s\x97\
\xf9\xcf\x9ai\xb4\xb2\x1a\x1c>\x91n\x9c\x16\xf56\xb2\
\x90\xe9x\xb0\x8c,t\xc0h\x0e\xcd\xe6\xea\x12\x1a\x07\
\xa0z\xbd\x07OTU$d?\x15\x99\x1b\xb5\xa6x\
\x87\xc3\xab6\xc0`\xd6ip,\xe84\x1c\xee\x0e\x1e\
\xdf\x0b\x0f/\xfa\x17\xef\xc5\xcb\x0bE\xdd\xa1N\x95\xc6\
=\xd1\x9b+S0\xdfb\xd6\x8ec\xce\xda\x09\xe6\xb7\
\xf4\xfdP\xb9\xc6\x18\xe2\xc9\xb4CC\x991\x8ee\x86\
\xc3\xd5\xb23f\x0e\xbb\x7f\xd6\xbf{Os`\x04\x88\
H1S\xadG\xfc3\x19$R\xacW=0\x993\
\x8a9\xcfH+;\xcf<\x1et\xdf\xff[8\xe4\x94\
\xcb\xe8\xf3\x16\x92\xb5\x99\x1cHx8\x0e\xe7\x12\xc7|\
\x0a~\xac{\xbe\xde\xeeqxt.\xdd\xe3\xd0Y[\
S1j\x22@\xab\x0e\x5c\x0c\x87YQ\x8e9+j\
(\xbc\x05l\xe0_\xc2[\xc4\x08\xaew\x80\x11\xec0\
\xbd\xc81\xa7\x17\xf5\xdf]\x0d\xee}T\xdf\xa0\x94\xfc\
\xda\xa5l\xf3\xe6\x0b\x14\xa18\xd9qzf\x0e\xcb\x16\
\xa8E*\x91t\xb7\xc3\xa7s\xe1\xc6\xacHY-4\
[\xf9j\xe5\xbf\x22\xed\xba\x05\x85\x11\xb3\x8a\x1c\xc7\xc2\
8|.x\xb4:X;\x0c/\xf6\xa4bN\x83\xf6\
\x8aS\x91\xea\x8fX\x18\xb5\xda\x14\x99Y\x82\xc41\x97\
 \x09\xe7W{\xf3\x87\xea\xef`\xefwXY\xab\x96\
)\xb5je1f\xb42-\x08\xca,>\xe2\x98\x8b\
\x8f\xf4T\xc1<\xf37\x1c\xce\x1aN\xefkx:\xab\
\xe0\xe5 e\xb3\x92\x87c\xae\xe41\xd8|\xa2\x11\x18\
\x0f\x9e\xfc[D\xb9h\xd5\xbb\x9a\x98E\xea\xc5\x06\xc4\
e\x97\xe3\xb2k^\xe3_n\x0d\xd6\xef\x0c\xd5\x95~\
O|\x11\x87Y_v\x12su\xb1\x9d#\xb7\xe0\xb0\
\xecZ\x00T\xef\x5c\x9f-\x04\xc7\xaf\xa4v\xb5\x1e}\
}b\xb7Zo\xd3\x03sqoN\xe8\xd3g8U\
\xd1\xf9\xedT\x9a\x07x\x99\x92F\xb7\xd0<\xc0\xab\xd2\
\xfa\xc9\xe5\x1c\xe2&m\x98|yJ{\x9cL)\x87\
c-/G\xdd\x08k\xa38\xe6\xda(\xe1\xf1\x99J\
\xd4\xfd;3\xbd\xcf\xbfWo\x95\xa6N\xd3\x15\x8dl\
\x11\x1f\xb9\xd2\xa9\x80\x17\xb3\xd4\x88c.5\xd2\x7f\xb8\
\x12\x9c\x9d\x85\xbb'\xd2<\xf9F\x80F\xae\xe0\xea\xe3\
\xa0\x8d\xe2$9\x1a'c\x16@\x22z\x8fsr\xf4\
o\x09%\x92\xcb\xe8W\xce\x88K\x9c\x0e\x99\xcb\x15}\
r\xcc\x82\x13\x0f>}\x81\xdeI\xbd\xecd\x86\xfa&\
o\x92\xb2s\x923G2na\x0a\x17\xec\xad\xf4\xaf\
\xb6\xc5)\xdc\xafi\x8b\x18\xd9p\xc3\x90\xe4\xc8\x96\xb4\
@U~\xa6\xc9\x0b\x1fV\xa5EY1\x1a\x0cM\xe4\
a[\xc6\x9b\xa7\x14\xfbp\xca\xbc7\xfd8\x13|}\
>\xf8\xfb\x99D\xbeo\xe5K\x05}SD\xa4\xdd\xb7\
\x0aE\x00F\xa6\xd8\x8bSc\x16\x14\xb6T9\x1f\x9e\
_J\xd8\xb7l^\xd5\xf3-\x94\xcd\xc9f[\xf4\xc6\
\xec\x16)\xf3\x84w8\x17v\x1f\x0d\xee<W\x8d\x93\
0e)i/n\xd4\xe8\x1e\x95\xe7\x83\x92\x99\xc3b\
?\x8e\xb9\xd8O\xff\xe4\x9b\xce \x17{\xfd{\xcb\xc2\
\x22\xb5\x14\xa5\x90f\xb5!\xde\xd9+v*\x00,c\
\xa9\x1f\xc7\x82\xd4\xcf\xca\xdb\xf0p!X\xfc!U\x16\
\xc5\xa6\xa7\xc5\x95\xe5\xba\xa2\xe8\x81\xca\x88\x93\xe6\xaf/\
mA%\x5c\x83\x16\xfa\xf7.\xa4\x01\x80\xc6,Te\
\xc5\xb5\x86_\x05k\xf9\xd3K\x8fY8\x9e\x15^|\
\x85\x11\xa7>\x9e\xd5\x181\xe1\xbc\x8d\x13\xce4\xe7\x90\
t\xdc\x82\x16\xed\xe0rS}\x81\xd2#\xe7\xf2\x95\x88\
\xa0\x5c\x82g\xceU<zg.\xe7\xd3\x16\xc4]\x0f\
\xf8<\xa0\x0a\x12\xa3\xae\x03\xb6q\xef\xcbzU\x8e\x05\
\xbd\xaa\x95\xb7\xd7\xdd'\xfd\x93W\x83\xd95\xe1\xcb\xfb\
\xc5\x82+\x97D\xd0E\x19\x84\x0f\x9d4\x17\xf5i\x0b\
\xba3\xdb\x9a\x047\xff]\x8a\x16\x9a|\xa1\xb2I\xc7\
\x83\x80\x91\xcbv(`p]o\x8142{\xd2\x7f\
\xbc\xd0[\xde\x0f^\xdf\x13IZ\xd3C\xc6}\xc4;\
\x94\xdcc\x9aP\x87,\x0c\xe6\x98\x0b\x83\x0dv\xd6\x82\
\xa3\xad`e1|\xb6+\x5c\x99\xd5r\xc5\xb5z4\
\x86k\xcbvO\xe5\xear\x12tY\xa7\xc35\xd7\xe9\
\x08~t\xf5rD\x96a\xd3\xeb\x86Fm\x94\x0c[\
\xb9\x012l.\x93t\x5c\x0bb\x1d\xbb\xdf9~\xd4\
\xbdLmT\x00A\xe0\x88\xcb$\x1d\xd7\x9c\xa4\xa3\x95\
r./58\x07T~\x94\x8btJ\xa4\xf1\x93\xeb\
\xd0;;l\xb3%\x1e;\xbcs\xc4c\xa7G\xcez\
\xf8\xc8I68i\x83\x87\xf1y\x8dy\x18\x93\xf9\x12\
\x131&\xa1?qY\xfb\xc25\xd7\xbeP\xe5Q0\
K\x08Z?R\xd3\xcd\xb03\xfbE|\xe74\x1b\x9d\
\xb6 u\xaeE\xcd\xae>KR\xe7\x11L \x07G\
\x04;2%\xd5e\xb2\x8bk\xe5\xe2a\xff\xdd\x95\xb4\
kP\x16\xb5K\xe2\x9eA\xffR\x01[\xc7\xd8V\xf3\
\xb5\xe4_\xef\xaf/\xb65\xcc\xec\xe9\xb9\x14\x91k\x9d\
f\xad\x95\x89\x0e9H\x01\xb9\xd3\x02\x7f`\xc1\x0b\xd7\
\x5c\xf0bxR\xb2\x7fp\x0a'%\xc5\x0fN\xff\x04\
_\x1c\x13H\xdc\x98\x0d9\xbe\xf0\xe8\x1c`\x92C\x8c\
\x8b\xc6\x04\xc8@\xc9\x8e\x0f@I\x97\xd9\x18\xae\x85\xd3\
|*\x0c\xbf\xe8\xaa\xbaY:\x09\xaf\xe2p%by\
\xca7\xe1\xbdJ[\x1en\xb9L\xc4p\xcd\x89\x18\xbd\
\xady=?\x94\x9b)\x8d:T\x06c3\xe5\xb7\xa1\
\x99r\x99\xce\xe0\x9a\xd3\x19\x86\xfa\x1c\xe1\x93\xa7\xb2\x0a\
X\xa5T\xcd\xd4H\x05\xac\x92\x81\xd0\xc6\xc4\x00\xd7\x9c\
\x18\xa0e\xcd\xf7\x16`\xe6\x19\xcd\x94\xb5\xce\x9a<\xf5\
\x1c\xcfL\x91c\xb8l\xb2q+\xd5\xbf\xda\xd6Se\
9I\xeb\x02(\x97\xc1$\xed\xe7(I3=\xc05\
\xa7\x07\x0c\xfe~\xc6\xbe\x5c\xcc\xd4F\xb9r\x91]\x99\
#\x869O`\xb0\xb66X\xdb\xa2{r\x19=\xd7\
\xc2\x8br\x0d**\x98#\xe0\x9as\x04\x06\x8f\xb7\x07\
\x9b\xdf\xc2\xed\x85\xfe\xc2\x91(\xe9\xa3\x91O*4\xd7\
\xf3\xe2\xe5I\xbf\x0e6s'bN\x11\x18\xbc\xea*\
\xaf\xd0,\x81{2\x80\xbd\x90\xd1\xa5=\x8c_\xea\x05\
\x18\xbf\xb8\xcc\x13p\xcdy\x02\xbax[\x08\xb7?\x0a\
*\x12\xf5LuR$!6\xe0\xa6\x9c\xcb\xfc\x007\
n!\x1e\xcfkh'\xc0\xf7\xf2\xe5\x12\xc3\xf7\xca\x00\
\xdfs\xf9\x08\x9ek~\x04\xaf\xff\xf0P_L\xbd\xd5\
[8\x17s^\xa5\xd4\x90\xbc\xd7\x87i\xb2\xcb\xd4\x00\
7n\xe1n\xea\xb2\xa6\x8c\xc8\xab\x91\x1b\xaa$-G\
\x0a\x1e,G\x5c\xe6\x06\xb8\xe6\xdc\x80\xfe\xe2\xdd`\xf1\
i\xb0\xf7B\x19\xfe\xbbzk\xa6\x16\xa9F\x80\xb2\xd3\
\xa4\x07\x82\xb3.C\xed]s\xa8}\xd4{\xc8\x07\x1b\
\xda|\xaf\xa1-s~]\x06\x9f\xba\xe6\xe0\xd3\xeb\x1f\
3\xc1\xda\x22\xe8\x98O\xeb+:5R1\x9f\xa6\xfd\
\x82\xcb\xc8S\xd7\x1cy\x1a\xbe\xfc\xa9>7\x8d\x17\xda\
\xfc=\x9c\x15\xf3\x15\xd6\x99-V@g\xd6e\xd4\xa9\
k\x8e:\x0d\x8f\x0f\xf4\x18HN\xcb*'\xe7\x90\xf0\
\xd4 \xa0\x85\xcb\x88H\xd7\xb1\x01\xad\x0f\x8e\xbe\x826\
\xe7\xcd\xfd*\x16\xe7,W&\xc8-8\xb296\xe0\
\xf5*\xa61\xbc~\x02\xe1,\xe5\x09|e\x8ekV\
$\xe2\x07k\x1f\x87e\xa6\xdc\x93\xb6\x9a\xc3:S\xea\
I[E\x98\x1d3$\xd25\x87D\x0e\x15Z4c\
d\x7f\x11DZ\x22\xcb\x0b\xe2yL\xaf\x03\xef\xcc\xf8\
B\xd7\xb5A\xb3\x0f\x9f\xbd\x83w\xbe\x81\xe04\xab\xf8\
\xd2\xe3\xe3\xf4\xd2\x8c0t\xcd\x11\x86\xe1\xc1\x99n\xf2\
^lH\xdf\xa0\x1fI^\xa8\xcfP\xfc\x00\xfdL\x05\
>@\x06\xec\xb9\x16\x00{C\xfd\xc5\xf3+\x15\x9ae\
\xfd\xc5h\xacI\xcau\xd9\x22\xf4\xd2\x8c)s\xcd1\
e\xfd\xa57\xd7g\x07\xd0\x98\xea\xbdSa\x94\xa4\xe8\
t\x81ZS\xbe\xb8\xe5\xba\x16\xca\x0b-\xeetv%\
\x94\x17Z\xd7\xa9\x06\xf5E\x19J!\x06\xc0\xb9I;\
#\xa1\xf3\xe0rO\xac\x8d\xf5H\xb3%\xde\xed\xf0\x0b\
P\x0d1\x9c\xccMZ8\x00\xfc 8\xd6\x03\xb7\xf0\
\xe9\xa6\x8c\xec\xd5\xfe0\xae\xa5\xcbe\x05\xbb\xc28\x0c\
\x90\x19\xa3\xe5\x9ac\xb4\xf4)\xdd\xee{<\xa1S\xca\
5\xf1z\x0eV\x18I\xce}\xc9\xa4\x95\x8bf\x83\xcb\
M\xf9\xa2Y\x85<\xd8\xa3\xc7\xe5\x10a~}\xad\xff\
\xee/\x8dg\xb98\x09\x17\xae\x84\xf5\xb4.\x832\xc3\
\xc3\xd0tK\xb0\xedw`\xe8\x96\xe40\x914\x97\x8d\
x\xfb\xa1\x7f\xf5\x22Xy\xd8?\xf8]\xfc;\x17]\
9\xf7kMQ\xc7>W\xa1\xd2>\xc5\xc1\x22\xf5\x87\
\x05\xf9\xc8p\xf9#/y\xab\x8d&\xeb\xd8\xe3\x04\x8b\
\xb1\x86\xae9\xd6\xb0\xff\xe1~\xff\xc3\xc2\xf0\xde\xa4`\
r\xa9\xdc\xcc\xff\xba7)\x19]\xee@\x02a\xbc\xa1\
\x9b\x1a\xb3t\xc8E\xa6\x5c\xfc:\xe4\x82\x9c\x8b\x5c\x01\
8\x17n\x8a+\xa2\x94\xf9`h\xe9y\xd8}\xa4G\
\x01\x02\x105[\xbb!)\x03\x125\xeb{\xf4\xd0\x5c\
\x13\xa5\x1c\x1b\xdc\xea\xc3CP\xd2\x8e\xfc\x22J*\xac\
\xa5\xdd\xa9\x17\xe9C\xe4\x84\x92r\xed\xc0\x88\xfa\xfb3\
\xc1\xfc\x19\xc3\x88T\xb4\x9b\x92\xc1\x0b\xb9l\x07:m\
\xd6\xcauS\x16D\xd7.\x82\xddeh\x5c\xa3\x8b\xaf\
\xf9Q\x9dkq\x9c:WFx\xba\x16\x10\x9e{;\
Ct\x9c\x04\x13\xc9F}\xc9\x08<N\xb6Mx\x1c\
Fy\xba\xe6(\xcf\xeb\xee\xf3\xe0\xedg8\xb9\xe5g\
\x22\xae\xa7L\xbf\xf7\x1bu2\x98c\x9e9\xd03\xbc\
\xf72x\xfb\xa9w\xef\xab\xdc\x9e\x944\x05q:\x8f\
\xba\xda\xd3\xd0\x9d0h\xd2\xb5\x00\x9a\xfc\xf1Qo\x81\
\xc13\xa2\xb3\x93\xa3<\xc3C\xcf\xe0\xda\xce\x1c\x82\xd8\
\xbb\xfb\xb3\xb7{\xdc\x9f\xff\xdc\xfb\xd4\x15\x94\xb5\x22\x02\
\xb0w\xa3\x99+\x11u\xea\x1eL\x99\x19\x84\xe8\xa6m\
\xc8l\x1f\xcdK\xb4\xf0z\xa3><&.\xafH\xe4\
\x9e*\xc9\x08\xbe\xa49\x82/\xfc\xf8*x\xb5\x0a\xdc\
\xfb\xc9Z\xbd\x09\xac\xfb\xc9:\xb0\xee\x93\x0c\xddK\x9a\
C\xf7\x82\xe5\xf7\x83\x8d\x8f\xd7W\xaf\xfa\x97\x97R\x01\
=\x99\xafF\xd4\x22\xa9r\x9el\xe7\xc0\xe21\xb6\xd8\
<V|}\xa3\x95\x19\xe5\x07\xee\xfc:p\x07\xaf\xdc\
\xf1\xf0\x95\xe3l\xb3\xf9\xc0hfmp\xe7L}y\
\xe2\xf9\x0b\x1d%J\xb8&\xf1|\xf4c\x87M6\x0f\
o\xdf6\xb5\xf6\xc5\xf6\x5c0{Oz\xe6H\xfbB\
?7\x04\xb8N\x19 \x92IF\x1c&- \x0eW\
\x16\xb5\xb4\xab\xec\x1dC\xc4\xaf\xc7\xd2\x17uv\x8f\x14\
\x1b\x9d\xb2s\xc6X_UZ{\x8dg\x8c\x1by\x92\
\xd8n\xc3q\xee$c\x0e\x93\xe6\x98\xc3\xf0\xe8X\x99\
K\x14\xd5\xc8X\xe4\xa8\x12J2\xc9\xb0\xc3\xa49\xec\
\xb0\x7f\xb2\xd3[}\x11\xecv\x83\xad\x97\x12\x93k\xba\
Y\xd2\xea\xcab\xba\x9e\x06\x19\xcc$\xdf\xdaJ\x9a\xdf\
\xda\xfa\xcf\x9f\xd7\xdd/\xfd\xc7;\xf20\xb1X\x91\xc1\
\xc9\x0d\x90\x05O2P2i\x0e\x94\x1c\xac\xbf\x1f\x5c\
n\xf2\x8e\xa7Rc\x87(W\xd0!8,\xc7\xac\x1c\
jx\xf0\xe4\xfa\xec\xe0\xfa\x5c:z\xaeu\x02\xf4H\
\xb1\x22\xf6#\x8d\x02\xbd2\x87\xe5\x98\x95\xa6u\xf6$\
xr_*\xed\x7f\x85\x8aa\xe3*\x16\xf8\x9dv\x9d\
\x1c\xd9e\xb3\xcd\x17\x80?V\xfb\x0fv\x06\xdd\x1fB\
\xa4\xd0\x9c\x97I1\xf3\x81L\x5c\x92\xe1\xa8I+p\
\xd4`ic\xd4\xc9\xf3*k\x81u\xaa\xe8\xc8\x9c@\
\xcc\x05\xcd5\x93}oF'\xbeG\xf7\x04.{\xb5\
4\xcczS\x22\x1b\xaa^\xf5\xa6\xc0f\xce\x1fv\x04\
\xcd\x97w\xe1t\xf8\xffJ\xdb\x8d\xb8\x1e\xde\xf1\xe1\x8c\
N\x92q\xb4\xc9\xb1?\xec\x90\xe5\x86bJD\x96\xbb\
QS\x12\xe9r\x8d:\x18\xcd\x89\xc4\x5c\xce\xbc\xffN\
\xc3R\x07\xef\xf6\x06ov\xc59\xb9\xaf\xcf\xbd\x8a\xa7\
\xb62>\x19\xcc\xd9\xc4\xce\xc1\xb8\xa5\x0dR\xb7\xd3B\
q,mW\x05\x80g\x92\xb1\xca\xc91\x1b\x87\xacU\
\x0a\x84y\x80\xf2\xe0\xf2\xc8I\xd1d\x19\xe6\x01I\x86\
+'\xc7l\x5c\xd0\x19\xce\x9b\xff-\xde\xcf\xf95n\
\x96\xa2s9W\xc8\x80\xc5\x9cI\xcc\xd1\xca\x83\xa3\x99\
[\xb7\xd4\xd7\xf7oAe\xa4!\xabuT\x1ad(\
\xe7\x911\xf3N\xe4\xfe\xcbp\xe9\x14:\x91b\xc4\x98\
\xccC\x1bR,S\x1b\xc2\xa8\xea\xe4\x98\x95\x09\xed\xec\
=\x18,\xabrH\xbb\xee\xa8\xc1r\xd1\x87\xc1r\x92\
\x91\xd5I\x0b\x07\xee\xe6\x9e\xe8\x8b\x98O\xdeJT`\
\x7f\xc8L\xbd]\x92\x99\xc0~\xf96\xbc4\xc3\x94\x93\
\xe60\xe5`k+8\xddQ\x11C\xd5\x9e\xc2\x01\x92\
_I\xaf\x000\xe5\xf1I(2\x18\xfc\x9b4\x07\xff\
\x86\x8b\xfb\xfaB\x18\x0f^\x22\xb5\x91\x7f8va\xf4\
o\xd2\x1c\xfd\xdb\xbb\xd8\xb8\xd5[\xd8\xba%e\xeaJ\
\xb3V-5!KW\xaa\x90\xf3\x18\xff\x9b\x8c\xbb6\
\xc6\x00\xdd\xb7\x90\xf3:7\xa7]j\x98\xf7:e\xca\
{\x0c\x01N\x9aC\x80\x83\xc5\x0d\x95?\x06\x8f\xb7\xa5\
\x8eDu\xd5:\x7fh\xb6\x80\xd8\x8ed\x0b \xf7\x9b\
d\x85\xf0\xa4\xb9B\xb8\xd6\xce]\xd1\xf7\xc1\x82\xf9\xef\
\xa2vn!\xa2\xbct\xc4\x8a\xc8+L\xd0;s\x98\
3\xc7-\x87\x9b{\xe1\xc9\x16\x80\x81o7+\x8c\x05\
\xbeM\x80\x81$\xa3\x97\x93\xe6\xe8e\xdd]\x7f;\xe5\
t\x12\xe1\x11Gd\x13\x8f\xb2\x09#\x98\x93\xe6\x08\xe6\
\xc1\xfa\xa2z`\xd6\xc2\xf0\x11\xaa\xda&\x1d\xe8$#\
\x98\x93\xe6\x08\xe6!\x99V:m\x16\x91i\xc5\xd3f\
\xfa\x17\xb2\x95S\x88\xb9`n\xf8\xf388}\x81\x11\
\xee\x06\xaa\xc3\x11\xaeC\x11\x8e!\xd7Is\xc8\xb5J\
\x1fZ\xd35:\xa2+\x22_\xda\xa5\xe8\x8c\xae\x94\xaa\
\xdbE\xc8$\x8c\xb7N\x9a\xe3\xad59ni\x19\x94\
F\xda\xd1yI\x14\x1ai{4\xb8g\xc4u\xd2\xb1\
\xa0x\xf8\xa9\xb7\xf0\x09\x15\x0fk-\x84\xc9y-\xfc\
\xee8\x8786\x86\xf6\xfd\x85\xa3Qs\xa2:\x86\x8a\
N\x1dM\xe6\x14bC4\xf7ko\xf3\x12.7\x0e\
o\xc8eJx\xbc\xb1\x93\x85\xe3\x8dI\x86\x88'\xcd\
!\xe2\xe1\xf6\x97\xc1\xda\xebp\xe7J\xa2Zg\xf3\x91\
\xf4Z6\x03\x5c\xebl1;\x0e6sLv\xc7,\
\x8c[\xfa\x1b+\x80ui\x97:\x99QH\x97v\x07\
\x90.IVIM\x9a\xab\xa4\x0e\xee<\x0f\x16\x9fj\
\xf0\xf2\xa7/\x22\xddsx\xb1H\x9c\xd46\xbc2\x8c\
\xe2X%5iA%u\xf3\xa1\xaa\xe1\xe0\xa2\x87\xa6\
\x95\xd4F\x5c\xf4(O\xc0E\x8f$\x83\xda\x93\xae\x95\
\xb01\xffY\xe7\x937/\xe4o\xd0\x8bT\x89\x0a\xf2\
\xcc\xd3\xa3\xbc\xcd\x18\xe6\xa49\x86Y\x1f9[Y\xc5\
R.*\x98G\xd6r\x05\xaa\xe5\x18\xc9\x9cLZQ\
\x96xy\x86\x1d\xab~\xeb\xfc?\xeeX\x19\xcf\x9c4\
\xc73\xeb\xc4={2x|\xd6\xdb{%%n\xbd\
\xdc\xe9x\xcd\xa2\xfc\xcc\xed6 V\x93\x8ceN\x9a\
c\x99\xb5\x0a\xe9\xda\xc7\xfe\xfekI\x82\xb4Sj\x8b\
w=\x8b\x1d\x99\xb9\x93dpm\xd2\x1c\x5c\x1b\xce\xac\
\xf5\xd6\x8fI\xb7#\xaf7g\x11\xe0\x05\x94;\xea\xa0\
\xdc\x91dpm\xd2\x1c\x5c\xabIR\x87\xbb\xf0\xf5E\
$\xa9\xff\x05c\xd0\x078^\xa6\x0f\x90!\xb6\xc9\x94\
\x85\xcay\xb6\xf7\xd7w\xcd\x80\x10\xe4\xee\xcb\xcdi=\
O,\xc9\x82\xf7\xe5\xe9\x0e|\x80\x0c\xaeM\x9a\x83k\
\xa3i\xc6\x81\x96a\x13\xab\x8dRt\x8d\x1b\xab\x8dv\
\x99\xfc\x83\x83\x86\x05d\xed\xe2F\xf0\xf6\x03\xa8\x90*\
\x9bs\x19R!\xcd\xe6h2\xc0R\xaf\xc9\x94\x95\xe3\
\x0d\xe7'\x83\x9d5\xf1\x0cW\xc4\x10\x16\x07\x9f\xad*\
81C\x80\x93\x16 \xc0K\xcb\xbdw/\xf8b\x9f\
\x0e\x19t\xb1\x0fA}\x8c\xffM\x9a\xe3\x7f\xff\xf7\x94\
\x8e\xb4\x8a\xfa\xdfS:\xb0\x89*\xd6i\x13\xc5\x10\xe0\
\xa49\x04\xb8\xb7\xf5(<\x7f\xca\xbak\x1e\xf6\x7f>\
i\xdb%Y\xe85i.\xf4\xfa\x9f?\xb5X\xc3\xc6\
\x0f\x89&\xd5\xcc\xb4\x80\x07\xe3\xb5\xc0T\x0e\xc3i\x1b\
*\x18\xe1\xc9\x96$\xd1\x10i`4k2\xf2\xd0\xaf\
\x00\xf0\x90\x95]\x93\x16\x94]\xe7\xf6\xc3\xb5\xb5pc\
V\xea\x9d&2\xa5z\xa6\xf2_\xb1o\x9a\xa8W\xc8\
q\xb9\xc8L[\xc1\x8bl]\x84\xfa\xc4\xf2\xa9\x5cd\
\x16\x9b\xb5\x96L\xe5\xea\x14[d2'\x8c\xb4\x8d\x1e\
$<8\x09\xcf\xd6\x11DT\x8fT\xc2e\x04Q\x9d\
r\x06+\xba&-(\xba\xce\xae\x0d\xbe\xfc\x94V|\
\xe5\x92\x0a\x0d\xb0\xdf#\xa1\xdf\x14c\xc0S\xe6\x18\xf0\
\xeb\xb3;Z\x01\xec\xc3\x9bp\xfdR\xf8\xe4\xa6\x94\xb1\
y\x10\x0c\xf4\xa7\xca\x05\xb08\xc6\x16[ZH^\x9f\
\xef\x84'G\xb4\x90T/\xac\xa7\xb3\xe2B\xb2\xdc\x01\
\xa3\xc7\xd8h\x1b\xca\xfc\xd7\xdd/\xe1\xd39\x09U\x9d\
\x8d\x10\x17\xc5\x16\xd1\x03\xb2\xe5\x96\x076\xc7\xd9\xe6\xb8\
\x85Y\xb2\x16\xf8Y\xde\x97\x05\xaa4\xd6BG\xe3*\
)T\x15A\xa1*\xc5\xa8\xea\x949\xaa\xfa\xba\xbb:\
x\xbcC\xc9\xb9Y\xad\xfc\x17\x933!;S\x0cN\
N\x99\x83\x93\x83\xb5\xc5\xe0\x90t\x94\xbd\xbc\xde/\x8c\
(\x81\xbc\x0e\x94@)\xc6'\xa7\xcc\xf1\xc9\xc1\xfcV\
\xef\xc7I\xf8\xe4 \xf8\xba\x01g\x1b[\xf9\x92\x0a\xcd\
\x22\xf3s\xbcU\x87\x8f\x90!\xca)s\x88rp\xff\
\xa0\x7f\xb1\x07\x02\xe1\xd9\xa8\xbc\xa8\x8e\xd0\x07\xcfV@\
\x1f<\xc5`\xe5\x94\x05\xb0\xf2\xe6\x13=\x82\x9b[\x0d\
V\xbe\xc3J\xa7\x0c\x0a\x1e\xf5v\x99\x9c\x83\x03G\xcc\
\xc6]\x01\xe5\xd1\xc1\xcc\xbb\xa0{*\xdc\x15\xd0\x1e\xad\
\x1b\xd3\x099\xad\xe4:\xe5\x090\xdaa\xa3\x1d\x0b\x98\
\xb8`\xfe\x93\x8a\x1e\x12 \xae\xa2*\x0c\x11\x0aW\xa1\
\xf7u\xd9T\x1b2\x0d\xe1\xec\x87\xe0\xfe\xb6\x5c\x13\x95\
\xf4\xd1\x06B1t<\x8c\x17)6\xd9\x06\x8aa\xb0\
\xfe\x9e\x1a\xd3h,\x84\x8d)!\xccR\x8c\xf9M\x99\
c~\x83\xa3\xe3H_\xfbd\xf0\xe4J:\xb1\xe4\xdf\
\x08\xf2G\xab`)\x9b\xf8m\x88q\x0c\xf9MY\x90\
\xce}\xf7b\xb0u\xd9\x7fpWN\xda\xf9j\xab\xa9\
*:J\xd9\xad2\xa4lF\xfc\xa6\xc6\xecPG\xc2\
\xed.PGd\xfaS\xa3\x0c^\xc1X\xdf\x949\xd6\
W\xd5D\x1a\x84\xfa\xedT\xa4x*W\xc8E[\x11\
\xe0\xc7\xd5s\x1e\x14r\x0c\xf7M\x99\xc3}\xfb\xdfg\
\x837\x07 \xd3\xa0\x8f\x8e\x0eo\x08\x90N\xc3x=\
G\x9e\xcc\x01\xd9\x1c\xef\xab\xef\xff\xac\xbd\xbe>[\x1a\
\xac\xcfKrw\xd12\xb5\xd9\x16{\xa9F1\xdb\x06\
\x9390\x9b\x03~\xff\xf5\x9f?\x83G\xfb\xaa\xc0\x90\
\xf0-S\xda)\xaa2\xc2e\x8a\xdc\x82c\xf2\x98\x85\
\xd6z\xbb\xbf\xfc\x024\xabr\xb5\xe1\xf9\x00\xd4\xac\xca\
\x15A\xb3*\xc5\x08\xda\xd4\x98\x051\x9aO\x83\xddc\
0\xba1d\x07\xa0\xcd\x0d\x9flfu\xe2\x94\x05u\
\xe2\xa3\x19\x0d{\x92\x15G*\xca\x85Yo\xa4\xd2\xf6\
\xc8b\x8e\xc8\xe6\xa0\xdf\xe1\xa0\xa8\xf7\xf1N\xb0\xbd\x8b\
\x83\xa2v\xa9!\xca\xf3\x15\xdb\x0d0\x99\x83\x5c\xdc\xc6\
A\xc4\xf0\xd5]\xec\xfb\xf2E\x96\xfc\xc1K\x18)F\
\xa3\xa6\xcc\xd1\xa8\xbd\x0f\xef\x83\xd3\x1d\x95\xf7\x82\xee\x03\
\xe9\xf0\xcf\xcd$c\xd8MIw\x7f\xc6a\x85\x93b\
@j\xca\x1c\x90\xaa\x83\x9c\x8c\x8aS\x81\x0c\xf1p\xfa\
7\xc8\x22\x0cEM\x99CQ5Q`\x8fn\xa4(\
'f~\x5c1C^\x91\xe0\xe7M\x98\xaf\xd5\x17\xae\
\xf4]\xb6\xed#\xf5GH\xd6:Q\xe7+\xcd\x8a\xf4\
\xe5\x8d\xe7*2L$\xc5\xe0\xd9\x94cc\xe9\xd4_\
\xa4/O_\xce\xc9\xd4\x10\x0f7Io\xcc8\xd4\x94\
9\x0eu\xa8n\xa0\xbe\xbc\xf0\xf5\x81$\xb6\x15\xc1\x87\
\xda%\xb1\xa5\xf6\xcaPY0J2e\x8e\x92\x0c\xee\
\xdf\xd1\xe9\xfa\xcdl\xf0vN\x98*\xe7\x22\x04\xb8\x8e\
\x13Y\x11\x8bS\xce\xc1\xe9\x91\x14\xe3\x0eS\x16p\x87\
\xdd\xf5[\xbd\xa3\xbd[\xe1\xf7\xdf]\xb9\xd5\xac\x94\x08\
V\xd6\xa2\xb6\x9a!\x87)\xc7F\xa8\x18\xbcY\x06\xc0\
\x85\x0a\x15\x9a\xe2\x82x\x8bb\x01\xf0\x16)\x97\xbf=\
\xf7\x0f\x0bG\x04\x06\xab\x7f\xc3(@\x1f\x11\xd0,O\
\x9a\x05\xd4I\xf2)\xc5\x88\xc3\x949\xe2p\xf0\xf8{\
\xf8l\x17\x06\x9e\xfe\x1084b\xe2\xe9\xb3\xd5\x5c_\
\x98\x0b\xe9\xea\xbb\x07\xe7\xcf\x82\xa5\x83\xfe\xe1\xef\x85\xe7\
\xf0\x8e\xbc\xd6F\x19\xfe[|l\x1f\x02\x07c\xf8R\
\xe6\x18>\x95\xfc\x82\xb9\xfd`\xef\xb5t\xe4E\xcf\xe0\
J\x13y\xf9\xc4Kfb\x82<\x9a\xbfBsQ\xda\
\xe0\xe7\xcb[\xb7\xfao\x9e\xfc[\x06\xdd\xfbbc\xdd\
\x81\x93\xd6\xa9$w\xa8I\xf3\x91\xe1\xfa\xb7\xf0\xc1\x93\
\xde\x8f+\xf1~\xea\xf0\x02b\xe5\xbft?\xb5Q\x81\
Y\x0b\xc3#SI\x1bp\xfb[\xc1\xd9\xe2\xadp{\
K\x06\xed\xc1Y\x816\x5c\x15H1*2e\x8e\x8a\
T\xdd\x9ef4\x80\xe4}\xa4\x01\xc6\x05\x5c\x83\x90\xeb\
)\xc6E\xa6\x92\x16\x92\xdej\xb0\xb4\x01$3\xbfY\
\xad\x0e\x0fZ\xcb\x9avU\xe0\x98\xa5X/5e\xae\
\x97\x1a^,\x85\xbb'\x83\xb9%i\x08\xd7\xca\xab\x16\
\xe4F\x8f]\x1c\xc5\xb5\xc6\x01\xfe\x96b\xc5\xd4T\xca\
J\x8fz~\x15\xbe<C\xc4l\x84\xf6\xf5\x004[\
\xa4e\x0e\x83:S\x16.\xb4\xabZyf\x9dk\xe5\
\xa8&\xa2b\x19\xf7\x93\x0c\xe9L\x99C:\x87z\xec\
\xb4\x9f\xd4z\xec\xa3\xd6\x93YJ\xd6\x0c\xe6LY\x00\
s\xee.\xab\x1e\x156}Q\x13U\xc8\x8c\xd8\xf4\x8d\
\x17\xd0986\x9b\x03:\xf5XYE\x0e\x99\xbc\xa5\
5\x1a\xa3\x95\xbbH\xde\xf2\xaa@\xdeJ\xa58>\xa7\
\xac\xdc\x9e\xf8\xb9<\x8aX\x94+\xb1\x94\x12\x8a\x86\xa7\
\x18\x83\x9a\xb2\x80A=\xfe\xd8\xdb^Py\xe5\xf7\x12\
#?\x99\x8f\xd4P\xa4\x1a#?Y\x87\x22\x83\x01\xa8\
\xa9\x94\x15\xed\x99g\x0b\xc1\xd2\xf3`~\x0b\x99\xd6\xd9\
\x1aN\x89:e\xa0\x15\xa5\x18\x89\x9a2G\xa2\x86\xc7\
O\x82\x83\xf5\xfe\xbdm\xe1\x80\x5c~\xba\x0e\x0a\xe7\x85\
<x1\xe39S\x16$]\xbf\xbc\xee\xad\xbe\xb8>\
{\xda\xeb~\x96\x82ru\xba\xa95\x0f\xe5\xed\xe4t\
\x1dB\x05#:S\xe6\x88\xce\xeb\xee\xf3\xc1\xda\xa5\xee\
X7g\x05\x08\xaar\x09\xd5\xb0\x8a\x06\xfb\x883c\
\x5cg\xca\x1c\xd7\xa9\xef\x9b\x1f\xce\xc1\xe0\xf0\x97\xd8a\
\x09\xc7\x87u\x8f\xa6\x87\x0c\x98L\x99\x03&\xc3\x93w\
\xe1\x8f\x8f`\xb5J\x1e\xd9\x11\xc7\x1b\xcbY4\x99\xa3\
\x9b9`r\xf0b\x89\xb5\x0e\xa3\x9b\x9e\x18\x8f38\
\x07g\xb8d\xca\x1c.\xd9\xff\xf6\x86O\xb2\x17\x87\xe8\
'\x1c\xd2\x92\x88Y\x9aQ\x93is\xd4do\xf9\xe0\
\xfa\xc7\x1b8.\xa8'\x00\xb9L\x89\xce\x0b\xb6sp\
^0\xcd\xb0\xc9\xb49lR\xebH\xbc\xfd4\x02\x81\
\xa1\xdb)\x82`4\x00\x82\x91f\xd0d\xda\x82|\xee\
\xd3\x83\xf0\xe4\xa1\xa4;\xa3\xc5\x0dn\x8e\xa8\x88\xea\x06\
\xe4\x13q\xb66n\x03\xc5\xb0\x1a<\x90Nc\xaa\xae\
/G\xb7H\xfc\x1c\xd8\xea\xb0\xad\x8e\x1d)\xe5\xf0l\
?x\xf0\x0a\xa4\x94u\xa0h5E-\xe5b\x0bL\
v\xd9d\x0b\xc5\xf1f$%\xf95|\xf8X\x92\xf4\
\xa9\xdfH2(G\x16Odt\xea\x9d\x06\x98\x9db\
\xb3S\x16V\x0d\xfd\xa5\xfdps?8\x16W\x0d~\
\xa6\xa6\x9b\x10\x92O\xf2\xcb\xe4\xcai6:ma\xc5\
\x17>9\x90\xfa\xbd\x7fi\xa9\xf2\xa6\x8f@\x06P\xec\
L3\x185m\x01\x8c\xfa\xf6\x83>#\xb0\xfdF\x1a\
\xcd\xe62~D{*\xd2`6\xe7\xd7\xdb`4\xc7\
cs0\xaa^\xa3\x9e_\xf5\x8e\x9fJo\x1cM.\
\x1a\xb2\xbd\xfag\xf0d\xc6\xa1\xa6c\x16\xceO\x9e\xe9\
q\x9c\x80{\xaa4u\xee\x90!O\x95\x86\x07\xb6r\
,6G\xa0\x0e\xd6\x0e\xc3\xc3\xddp\xf5S\xb8\xf0L\
X\xad\x0f\xf1\xa7\xc5\xc9\x9a\x1c*\xa6\xca\x93\xf4\xc0\x1c\
\x94\xcd\x11\xa8\x9a\xbc\xb7p\xde\xbf\xbc\x944\x9f\xd5\xeb\
6\xf2\x9a\x1d)\x9f\x95\xc8\xd1w\x97d\x83\x93\x16\xe6\
\xdf\xca\x85A\x165\x17M\xb2\x86W\x11I\x165W\
\x04Y\xd44C;\xd3\xe6\xd0N-\x1c\xb1\xf9\x0d\xe4\
\xa9n\xee\x92\x92@U\x99\x04\xaa\xd2\x0c\xebL[P\
r=\xba7xu\x05\xd5[\xab\x96kR\xe9\xd6\xca\
Q\xe9\xc6\x90\xce\xb49\xa4S_\xf7\xbcz\x15\xec}\
\x17\xaf\xa4dn\xb8\xc9t%\xa5]\x86\xa2\x88\xb1\x9d\
isl\xe7\xf5\xc5\xb1\xb2\x16U\xc13\xb9\x11\xb3\xd9\
2\x8d\xb2\xd2\x8c\xecL\x9b#;o\x84\xed\xbf\xfd%\
sGt\x0d\xd7)\xd1h\xb6\xd8!O\xe6(gA\
\xc6\xf5\xe7F\xf0h\xde\xae\xd0E\x9aQ\x9disT\
g\xef\xfd\x8a\xdeW\xcb~Qh\xb6GL8\x0bm\
t\x0b\x0e\xccc\x96x\x9e\x83\xc73\xbd\x85O\x08\xdf\
k\x94\xf2-\x19\xbf\xd7\x80\xfa\x9e\xd1\xa8i\x1bh\xd4\
\xaf\xca\x95a\xa25\xb49\x1a]\xd4`\x9dS$\xd7\
\xe0Lb\x01\x8d:{\x10\x9c\xbe\x18\xfc\xf8K}\x88\
\xbf\x97EZ2\xa2\xd6\x1c\xce\xb6\xa4\x5cR\xe9\x00\x1c\
<\xcdp\xd4t\xfc\x0f\x1b\xd2ZG{\xa3\xbe\xc0h\
\x0bE\x1fa\x85>BF\xa4\xa6\xad Ro\x05\xb3\
\xc7\xb7\xc2\x9dU^\xf6\x8d\x8b$\x9dNq\x1c\x0c\xe6\
l\x12\xb7\xb2\xe9[9T.\xad>Cy\xd37\xf4\
\xe8\x86\x083\xf3*T\xe33\x886m\x01D\xfb\xee\
Eo\xe6o<\x9c\xa9\x09\xaa\x88\xe5\xab\x93\xb6A\x9a\
\x85s\xd3\xe6\xc2\xb9C:p\xb0\xb2(i\x81\xdd\xd0\
\x81\x87\xf3eQ\x0e\xac>^\x87\x12\x94\xf5s\xd3\xe6\
\xfa\xb9\xda;\xde]\xf1\x1e\xb8\x8d`e\x0fS\x0a\x83\
\x95\xd3\x16\xa4s5\x00\xf1+l\x81\xcbCt\xc0\x88\
=p\x99h\xaai\xc6*\xa7\xcd\xb1\xca\xbd\x93\xbf\x83\
YB\xffv\x86\x87\xc4q;I\xd3\xf04\xe3\x7f\xd3\
\xe6\xf8_}J\xe0\xed'U<\x873\xbf\xd3H4\
v\xa4\xa4\xb1f\xea\x8f`r\xb5\xd1\x86QF\x82\xb3\
`\x22maN{}\xfe*X|\xda\xeb\xbe\x95A\
E\xc3SV\xed\x12H\x81y`5\xc3\x96\xd3\xe6\xb0\
\xe5\xc1\xdc\x92\x9e\xcc\xc9L\x92\xe1Q\x8fL\x0d\xa9$\
\x1d\xa2\x92\xa4Y\xf27\xedX\x22fh\xa4\xce\xe1\x05\
Vv\xd1\xbf\xa7\xe42\x09\xb4\xb5\xd2\x8c\xb7N\x9b\xe3\
\xad5N\xe7\xdb24\xdc\xd1GX.Q\xc3],\
S\xc3\xcd\xf2\xbfi'n\xe3\xa1\x1f\x1f\xf5\x8e.\xa5\
\x81W\xf4\xc0\xd1a\xb9\xc8\xafE\xf9\xdf2\x94v,\
\xff\x9b6\x97\xff\x0d\xbf\xbc\x19\x5cn\x82O\xb7\x87\x87\
\xad\xd0\xa5\xdb\x15ti\xce,\x8e\x15\x0c\xc9\x9d\xe7\x80\
P\x1d\x0e\xf4\xa3#\x892J\xb5\xd3\x00\x94j\x9a\x91\
\xedisd\xfb\x10\xfay\xdd\xfd\xd0\x7f\xb1D\xd0O\
-w7]\x03\xf0\xe7\xf84X\xcd\x81\xda\x1c\xe1>\
x\xff\x94w\xc3u\xd5\xab\x8c\xda\x0e\xd71\x1f2\xc2\
=m\x01\xe1\xbe\xfej\x94\xc8\xf9\xff\x0f\x8d\xf34\xa3\
\xdb\xd3\xae\xa5\x9b\xe8\x83\xb5\x0b)\xd6\xfd:R\xd3\xc8\
\xc8\x82\x0d9\xba1\x90fl{\xda\xb5p\x12}9\
\xba\xd4-\xaa\xf2\xa9\x00\xa7\xcd&]>\x8ft\xf9\xd2\
.G:\xd7\x02;X\xd5H;\xfa@\xe2\x8f\xae\x88\
\x0c\xce\xea\xc5ZY\xae8\x1aY \x8f\xa7Y\xb68\
mA\xb6\xf8\xc9\x95\xaa\x9eA\x03\xf8\x17\xba\xbd\x8a*\
\xc0\x1d\x1fT\x80\xd3\xac\x5c\x9c6W.\xeem\xcd\x07\
\xc7\x07\x80\xa5\xf4ov\x97#\xc0\x94>\x81)\xd3L\
|H\x9b\x13\x1f\xfa\x8fwz\x7f\x1d@*\xacd4\
~\x003a\x05\x8b;\xa6>\xa4-P\x1f\xf6\x16B\
\xf5\xd2\xf2`F\xa5\x14\xcd\xd5\x10g2\x19\xc4g$\
94'\xad\x0c\x92>\xac^\x9f-H\x8c\xf7\xce\xf0\
\xb4q=Z\x0c\x8a\xfd\xd5\x04\x1c\x0bN'9>'\
\xc7l\x14v*j\xc8\xe247x\xca\x11\xea4\x9d\
2\xa8\xd3\xa4\x93\x1c\xa1\x93\xe6\xe5\xe8\xc5\x16\x9f\xea.\
4\xf1Tw\xa1\x8e\x9e\xc1\xd19i\xe3\x0c\x85\x16,\
\x92\x87\xb9uo\x18+`\x94['\x80b\x9a\xa9&\
\xe9\xa4\x85\xa3\x0e\x9f\xc3\x8b=\xe8\xbb+\xd1\x1e3S\
\xa3\xc6\xbb2N\x8d7SM\xd2\x16$\xb8_\xdd\x0d\
_l\x84\x1b\xb3\xe1\x99\xa4u^\xaa\xa8\x8a\xff\xbf\xbe\
\xa8\x83W\xac\x00\xc72\xcdL\x93\xb49\xd3\xe4\xfa\xe7\
\x86\x0aqZq\x10\x8b\xfdLi\xaaD\xb5\xfe\x14\xd4\
\xfaL4I\x9b\x13M\x943\x07_\x1fi)\xbc\x0f\
\xab\xa23w\xf4M\x95\x09\x91a\xd9)B\xb4`\xca\
F:\x15\xb7s\x05\xa6\xf7\xd7\xfb\xde\xec[\x94\x0c\xcb\
\xd4\xe4\xa5|\xbd\x0d\x07\x12\xd2L\xd9H[\xa0l\xbc\
\xfd\x10t\xef\x0f\xaf\xb6\x09 \x9e\xa9a\xab-\xber\
n\xca\xa3W\xe6\x88aN~\xe8\x7f\x7f\xd0\xfbpG\
/_\xb7\xbfH\x8a\x13\xedR\xb3S\xca\xca\x8a\x13m\
\xe0c\xa7\x99\xf9\x90\xb6\xc0|XZ\x0eN\xdf\xb1<\
t\xb1\x86k\x1f\xafH\x89\x84\xd9\x0fi\x0b\xec\x87\xf3\
\x9d\xfe\x83\x9d\xe0\xe5]IJ\xb5\xe3\x95\x00#U&\
\xac\x1fs\x1e\xd2\xe6\x9c\x87\xfe\xfe\xf3\xe0\x8a\xce1G\
\xac#e1\xb5\xab\xe3\x1djW\x99H\x906'\x12\
\x0c6T\xa3\xba\x0d=\xc9d)\xc2\xadbG2\x99\
\xa3\x8e\x84\xb9\x04is.A\xef\xf9\x5c\xb0r0\x98\
]\x93Zlo\x08\x9d\xd3\x22\xbbb\x8b\xed5@\x13\
1\xcdL\x82\xb4\x05&\x81\xe6\xdd\xbe\xfdpk\xb0y\
_\x1a\xcc\xe52\xa2\xa2G\x1b\xdf\x97\xc3\x84\x05\x0a\xc1\
\xf3\xfb\xc1\xf91$<=B\xbc\x1d\xed.\xe5\x94W\
\xb9M)\x8fI\x04is\x12\x81\x0am\xe1\xf7\xf7\xaa\
\x17Q\x11C\xf2\x89\xe9f\xb5\x1e\xe9\x02\xff\x03\x0eO\
l\x0c\x11\xf9\xd1O\xe6\x93\xa2\xde\xea\x0b\x08\x17\xfa\xbb\
\x9bf\xc9\xa2\xdc\xb4\x1c-\x94]cl\xb2\xb9p\xca\
\xdd/\xbd\xf5c\x82H5#\x9c-!\xa4\xeahq\
\x9c-\x8e\xdb\xc0\x06\xab6U>o\x95\xcb\x0c\xbbT\
\xbco\x95\x83\xfbV\xca2\x87\x8d6\x0fp[[\xfa\
\xf0\x12\xaf\xe1\xa3\xc3K\xfft\x11\xaf,s\xd9h\xf3\
\x93\xb0\x97;\xea\x0f\x09p\x95|\x96\xdf\xf2\xd1\xde$\
\xdbk^\xbe\xcd\xac\xab\xf8\x06\xc5P%\x22\xc3@-\
T\x99\x98\xa0x\x91b\x83Sv\x10%\xbd\xeeU\xef\
\xe7}B\x94\xe8\x15kE\x86\xfbU\xda\x150:\xcd\
F\x9b\xef\x86O>\x07\xb3'\x04t\xa8\x0d5T\xff\
)\xd6!6\x86|\x82\xe8's|p8\x7f\x85X\
\x87\xaa\x9e\xe0\x8f\xc2:\x14\xaa\x104b\x9cN,\xa8\
[\xaf,\x86/>\x83?\x0f\x110S#p]\xf5\
)r\xea\x18g\x94\x98\x8dq\x5c\xb8\xb1\x01\xa2K7\
\x8bl\x14]\xeaL\xc9\xa2K\xca0\xce)1\x1b\xbb\
\xe1\x08[y\xde?\xf9\x00C\x8cR\xbe\x91\xf7d\x1e\
RCfD(\xc38\xa5\xd8 \x17\xdc\x0bV\x8f\x83\
\xb7{\xc1\xf2G\x91\x11\xd1\xca\x97\xfc!Z_bD\
\xb4|zhN)1\x1b(\xa9\xde\xe3SFI\x8d\
3Jj\x1c#\x07\xe7\x14sF\x84n\xb0\x0f\xd6C\
\x81\xea\xa5\xac\xcdO7\xe4Sm\xf9\x06\x98\xca\xd9$\
f\x01o{\xd1\x9f{\x13\xec\xbd\x90\x0a\xa3\x8a\x9e\xc0\
U5=M,\xf1\xc7\xeb\x14\xe08\x95X\xa0m\xec\
\xac\x05G[\x837\xbb\x81\x80\xa8\xd4\xf3\xa1\x9cV2\
.\xdd\x16)2S\xb9\xfam\xd9\xe61N%c\x16\
V$O{[\xbbX\xc9\x95&Gp\x9b\xeb\x93\xe4\
\xc3c\x9cG,P7\xee.i\x09\x12\xf9\xf2\xee\xf0\
\xea\x07\xde\xdd\xf5\x8ae\xf0\xe51N\x22\xe6\xcc\x0d\x95\
\xa7\x07o^\x04{/%\xbc\xbb\xce\xd2\x05\xadaT\
\x03B\xab_\x18o\x81\xd1\x9cE,p7\xbe|\x08\
f\x1fB\xbe\xae5\xb1\xfa\xaca\xf59\xc6\x09\xc4\x82\
\x1c\xf7\xda\xa2\x9e\xdcowEFO>\x9a\xb8\x10\x9f\
\xa7!\xf3y\x94Y\x9c=\xccy\x1b\xe1\xc3\xc7\xd1\x1e\
jI\x92]n4k\xd1\xe8>\x82\xcc\xc9 \x9dF\
]>Q\xaal\xe3\x1cbN\xde\xb8\xe1\x14<\xfe\xde\
\x7f\xb5H\x9c\x02\xbfT\x85\xb3\x03\x95\x8e\x0f\xe5\xc5\x18\
g\x13s\xf6Fxp\xa6\xbc\xa3\x7f%\x08:\x0ew\
:\xf2\xfd\x0c\xbf\x01\x89d\x8c\x13\x899kc\xf0u\
\xb6\xff\xe1>|y\x91\x02\x10-\xda'\xeb\xf4\xed\xc5\
9\x8b\x9836\x82\x07G\xe1\xc6,@0\xf4*\xb5\
\xf2\xdf\x11\x00\x8c2\xdc\xadQ\x96q\x1e\x89[\xb8\xb6\
\xb3\x1d\x5c\xdd\x83W\xae\x0e;?x\xe6j\x1b\x9f\x99\
#\xb29\xfbA\xebo\xed-`\xe6\x8bh\xc3\x94\xf8\
2\x94\xf8\xe2\x09\xb68a\xce\xc9>\x08g\x9f\x04o\
\xfe\x96\x0e$L6\x95#Kqm\xb2\x0e\xa6r4\
\xb6\xc0x\xf8\xf9LU\x9a\xe1\xf6\xae\xd44Eh\xeb\
\xbc\xbe\x90 B\xcc\xfc)\x88iq\x0e\xc4\xe6\x94\x87\
\xf0\xde\xcb\xa0{\x8a\xdb\xb2\xd2\x047\xd3\x1e\xe6\xe88\
Gas\xbaC\xf8mS\xd3\xde\xbf\xbeQ\xbd\xa9\xa4\
\x91\xf1\xff\xde^n\x88\xfbuX\x9b)\xd38\x1c\x9b\
K\xb4\xab\xdc\xd1\xbf\xbc\xa4\xc1\xa1\xde?ept\x98\
\xa3\x129\xc1\xefl\x83\xa3\xa1\x97\x0d\xe1\xd3\x03TE\
\xd4\xfb\x06-\xbd<B\x19q\xbaMc\x22\x87\xeb8\
\xc7\xc2 \xe0y\x7f\xe5H\xe3\x97\x0f\xd6\x7f?\x82V\
S\x95r.\xbaj,\x1d@+\xe4\xa6\xc0b\x8e\x1c\
\xe6\xda\xe7\xbd\xbb\xdb\xc1}b\x0c\xb7\xf2\xd1!\x18b\
\xbf\x17\xe9;t8r8\x16 \x93[\x83\xcb\xcdQ\
\xf3\xfbJmD\xdfW!\xa7v\xd8\xa9-@\xda\xff\
~\xc8\x1e])\x8d\xf6\xe6\x0a;3\x87\x0e\x0b\x92\xed\
\xf3\x9f\xae\x7f\xcc\xe0\x0c\x7f\x1a\xaf]W\xa6\xc91\x5c\
.\xe4\xcc\xc1\xec\xc1\xce[]&\xcb\x8e1\xd1\xd4\x10\
O\xf2\x8a\x89\x06y\x85\xcb\x1f\x9f9f9\xd8[\xd1\
'\x997\xbb\x92\xc6u\x94\xb6\xa3\x1bh%P\xb9\xf6\
\xfcN\x15\xac\xe6\x0f\xd0\x1c\xb3\x1c\x1e\xce\xf5~\x5c\xf5\
\xd6w\xc3;\x12\xf9\xb6T\xf9o\xf4\x15\xc2<\xaeR\
\x874\xe8\xf2\xf7g\x01\xb0<\xb3\xae\x85\x11\x8e.\x83\
\xfd\xfb\xe2>j\xc87\x9a\x14\xdd\xd9\x931[\xca.\
\xfe\xfc\xcc\x01\xcb\xe1\x97\x0f\xe1\xe6w\x1cahsi\
\x88Q\xa6\xef/\xc9\xdf\x9f9by\xf0\xf8i\xf8l\
\x11\x0c\x8e\x10:\x9a\xb4CF\x8f\x8f\xa3\xd1\xec\xcc\xe6\
\xc8\xd4\xc1\x9d]\xae\x8f\xeaM\xae\x8e\xeaX\x1d%\xd9\
\x91-\x08\xa0\x9f\xdd\x09.\xbe\xc0#\xfb\xa5,\xb6}\
~\x16\xdf\x97\xbd8i\xe1\xe2@wp\xf7=\xac\xa0\
\xa2\x95Y63\xe2\xf2\xc7T\x96\x96P)v\xe5\xd4\
\x1f\xb64>\xee\xe0a\xf4b\xb3\xe6\xd7\xe00z\xd1\
\x87t\x9d\xe29m\xca\xc2\xb2oAE\xb9\xc1\xfa\x8f\
\xc1\x9d\x97\xd2\x0d\x0d\x1d\xe5r\xaa\xc0\xe8\x88L\xa3z\
E\xbeC\xa8,\xe3\xa9\x809\x98\xb6\x7f\xf8yp\xbe\
\x82\xc2\x99\xb5\xdbyn\x03o\x93C\xa7\xb8\xc47\x87\
\xd2\xf6V_\xa8bNY,e\x92i\x0d\x0b\x9f\xc8\
\x8bid\xba2\x01i$\xc55\x86\xb9\xee\xf9\xf0\xc2\
1T\x9eC\xb8\xf2\x88\xd2\xb3\x8e\xa5g\x8a\xa3\xb2\x15\
\xe9s\xddD\x9d\xed\x93\xee\xf9PkW\x96=\x07{\
9*\x9bc\x7f\xfbW\x8f\xc2\xed.\x0c\xb7\xfcfU\
\xb3^`\xb8\xe5\x97i\xb8\x95\xe2\xb8l\x8e\xfd\xd5L\
f\xa4\xcb\xe9\x06j$[\xae\x02l\xb9\xd8X\x9a}\
9m\x85\xe3w\xb8\xab2I\xf8tS\xba\xb5\x1a\xc9\
\xb5\xab2#\xa3\xbeB1\xca\x8d\x97\xc7\xc9nv\x0f\
s\xccg\xf0\xee\xe2\xfa\xec\x81\xfa[\x0aq\x91\xb6\xaa\
'\xd3?\xeb0\x9aK\xb3k\x98\xa3={\x97\xcbZ\
2Z\x8e\x18\x93\xc3\x8b\x14#B\xc6d\x15BF\x1c\
U\xa3\xa3\x9f,\x9c\x90\xda]\xe9\xbdz\x22\xe5\xbel\
\xa6T\x97\xc7\x9f\xf5l\x1d\x8c\x8d\xb1\xb1\xe6\xe3\xfb\x83\
\xe7\xc1[\x86\x13\x0dA\xd6\x84%\x02>\xa2\xb2\xcbe\
\x93\xcd{\xd5\xb7+\xc1\xf2{\xe8\xa0\xda\xa5\x8c\xb2\x1a\
;\xa8v\x1d:\xa88c\xfa\xe2\x160}\xdd\xd3\xe0\
\xfeKx\xe5\x89\xcc\xcd\x0d^\xf9\x95'\x8a\xf8\xcai\
6\xd9\xbc\x5c\xbe<\x0d\x9f-\x07\xf3\xbfo\xdas\xaa\
\xaa\xd0\xe2a\x12\x90vR\x0ejq\x86\xc4\xc5-@\
\xe2\xde>Wv\xc2\xeb\xe6\x9a\xb5\x0a9p\xaeBO\
\xcb`\xb8\xb89\x18N+\x0d\xce|B\xa5A\x06W\
\x17\xf2\xd0\xe9\xc5\x19\x08\x17\x8fY\xb9\xb9\xfb\xedt\xf0\
\xeeHJv~3\xef\xa9\x98Fy\xce\xf7\xea\xe4\x12\
\x0969a~8\xe3j0\xf3\x18h\x9e~)\xc7\
\x1cO?'s<\x95U\x1c\xd4\xcc1p\xe1\xf7\xf7\
\xfd\x93\x9d\xfe\xfcg\x89\x8c1\xdd\xacf\xf3\xa5\xe1\xc8\
B\xaa\xe7\xb321N\xd9\x95d\x93-\x94\xc6\x0b\xbd\
\xcb\x07\xa2\x1e[\xc4\xbb\x07%6\x1f\x020\xc3\xe0\xe2\
\xe60\xb8\xc1\xb3\xe3`v\xe1\xfa\xfcX\xbc\xd6v\x13\
\x80\x8b\xd3r\x1b\xed\x17\xa7\xa1\x8e` \x5c\xdc\x02\x10\
\xee\xb1\xe6\xdd\xab<'\xe2\x17n\x86np\xacmr\
\xa2\x0c\x91\x8d\x11Zqs\x84Vo\xefkoa1\
\xd8\xfb\x1e\x1c\xceJ\xda\xba\xd5\xdb\x1a?\x94)K\xf8\
\xac\xf2m4\x99\x83\x9b\x05|\xd6\xec\x93\xf0\x0e\xf1\x19\
&\x9bu\x9c\xd4O\x12\xd3%>\xc6\x91m,a\xa1\
\xf3\x18\xec\xac\xe1l3\x82\x7f\xf3h\x93\xd0\xdfq\x06\
\x95\xc5-\x80\xcaf\xef\x05\xf3[x\xb4=3\xbc\x81\
\x8e\x9b2\x7f\x1c_\x9aC\xb29\xb0LO\xeaw\x09\
\xd4\xa9gX~\x93,\xae\xf8h1G9sxV\
o\xf3\x87\xae4W\xde\xf4g\xd7\x85\xb2M\xb9\x85N\
!\xb5\xe6\x14\xddH\x98\x98\x907\xbfq\xc6=\xc5-\
\xe0\x9e\x96\x9e\xf7\xba\xc7\xc1\xc5\xa1\x14\x9c\xb3\xb5\xaa\x96\
\xc3\x97\x89[\xd9*\x0c8\xe3\x8cy\x8a\x9bc\x9e\xfa\
\xf7\xb6\x07w\x9e\xe3$+?\xd42\x1b5\xccjP\
g\x1a\xe7\xf0l.V;X\x7f\xd5\x7f3\x8b\x22[\
\x9d\x91_a\xbbC>\xcdh\xad\xb89ZK\xa5m\
\xcd\x88\x82\xb3Q\xc3\x83b\xb8\x1a)zh3\xc7;\
s\xb1Z\xad\x89?\xb7\x0f1Z\xe3\xe1\xb0\xa5n\x13\
\xa2(\xce\xa8\xad\xb89j+|\xf7\xbc\xb7\xbc\x8fI\
%\x12\xb7\xa6\x94\xe2\xa1\xc5\x5c|Z\x10\xaa\x8d\xf4\x80\
\x07?\xfe\x1a\xcc\xad\x92\x1e\xb07\x94\x9c\x14?\xc0q\
\x8f\xac\xe6\x00\x1d\xb7\x81\x9f\x1d\xbc\xeaJ\xc4\x11\x0d\x80\
\xd2\x87\xdc\xe5]\xb5\x0f\xab\xea8#\xb6\xe2\x16\x10[\
\x9b\xdd\xe0r\x0f@\x01\x1d\xaf\xd4\xca\x97\x18\x12\xd0i\
\x01$ \xce(\xa2\xb89\x8a(\xd8_\x0c\x8e\xbeb\
o]\x19\xa5\xe2O\x80\x9c8\x03r\xe2\xe6\x80\x9c`\
\xf6$\xfc\xf2\x06\xf6\x92\xed\x88\xecY\xc5\xadd\xbb\x0d\
[\xc98\x03r\xe2\x16\x009\xe7\xc7\xc1\xde\x82\x9e\xd9\
\x0b\x98{-\x1b0\x9c\xd8\x03\xe2\xfev\x06V#q\
F\xe5\xc4-\xa0r\x966z\xbbW\xb0\x1a\xa9\xaa\x00\
7\x0c\x17\xb0\x1d\xa9N\xc0v$\xeer*\xb1\x22\x80\
\x18~;\xd5/\xfd\xf5\x91(\x80\xe8e\x22$\x9fx\
\x83\xb0\xe1\xc1*5\xce`\xa2\xb89\x98(\x5c\xfb\x1a\
\xce|\x82\x87\xce\xd6\xf2\x8c\xaf\xce\xe6\xf1\x919\x99X\
\xc0\x11};\x0d\xdf\xec\x81p\xb1\x9en\xe5\xab\xa4[\
\xec\xd5\xa9\x02e\x14Q\xdc\x1cE\xa4\xcb\xcf\xcbK\xd5\
T\xa9\xe8\xfc\xbb[D`\xdaaO\xd5\x91\xb1\xe1\xb9\
qr\x0c\x0e\x1b\x16\x94\x0fW\x16u\xa8\x93\xb7fC\
\xee\xf20\xd2\xc10\xb1\xde\x86\xa5Y<\xc9%\xa8\xb9\
*_\xefj\xbd?{\x89\x11Z\xefH\xf2#\x90#\
\xed\x06\xc5\xe8$\x7f\x85Is<\xed\xe6%7)Y\
}\xb8td\x8b\x92\xc5\x16\x85QEqsTQp\
\xa97%\xf0\xd6\xb9\xbc.\xf8\xf1\xa1sE|h\xf6\
js`\x91\xf2\x0d\xf5-B\xf1\xac=#\x97\x81\xda\
\xb9\x91\xa3\xda\x991E\xf1\xd4\x1f6\xf8\xd6\xdd/\xac\
\x0f\xa6\xea:B\xba\xb4\xd0`\xee[S6.\xc4^\
w\x9f\xab$(IbDGbs(\x88\xd1&\x80\
@\x9c\xc1.q\x0b`\x97O_\x82\x95\xfd\xf0\xf8u\
\xefb\xe3\xf7\xb1\xa2r\x88l\xad\x22\xae\x81''\xb2\
d/\xa7@s\x9c\xcb`\xebs\xef]\x17\xf8\x02\xed\
f~\x8a\xf9\x02\xed)\xe0\x0b\xc4\x19\xe9\x127G\xba\
\xa8&[\xc57\xa8\x8c\x94S4n\xe09\xf2u\xe6\
\x06UF\x8cu\x89\xa7,\xd4\xcdW|\x15m8\xcc\
 >p\x11\xfb\xec4\xc7\x0as\xb1\xbb`\xe5\xed\xa0\
\xbb\xd6\xfb\xb1&\xc5\xe3bs\xaa\xa4\xa5\xef\xe5p\x5c\
\x9c\x9a\x86p\x9c\xe6\xe1\x5c\xda|\x1b\xbcu\xd1?\xf9\
\xd0\x9f\xff,\x98[\xf3\xd4\x1fy\xf6Y\x94\x8ft)\
\x8b\xb8\xb40\xd7\xe5\xeb\xfd8\xd1W\x11\x84-\xbb\x0a\
\xc2\x8d\x1a\xac\xd9[\x0d\x08\x11inE\xcc\xf5\xf8T\
\x08\xee\xcf\xac\x87\xdb\xdd\xf0\xb50\xbf\xc8T\x22\xe2d\
[\xbcs\xe5W\xca\xb0Te\x94V\xdc\x1c\xa5\xd5\xff\
\xbc\x10\x9c\x11\x03\xd8o\x16p\xa8\xe5\x17\xf0c\xe3\xf0\
`\x8ew\x0a\xefi\x8c\x08\x0a\xa1\xa8\xac\x8cB(\x13\
0\xbbH0\xd4)a\x0eu\x0a\x0fw\x07\xaf\xba\xf0\
\xc0\x11\x02N\xcf\xb4\xe0\x91\xcb\xc4\xb2v\xd9)\xdc\xb4\
\x05\xaa\xcbFo\xfd8x\xf0Q\x94\xe7\x8f\xc6p\xf9\
H\x0fSV\xe7\xafC9\x91B9\xf3\xe8'c\x91\
\x83\xad\xe0\xc9}}\xc9}\xe5\x8dtS`\x88\xdd+\
\x0e\xd7;\xa2\xd9\xb2\x5cc,\xc5o\x9d\xb2\xf0\x01\x1e\
\xfe\xad\x1b\x10Y\x9d\xdfo\xea\xf6\x03\xd5\xf9\xfd\xaa\xac\
\xce\x1fK3r$m\x8e\x1c\x19\xbet\xef\xc3\xfe\xf5\
\xc5&\xbft\xb9\xe4\xcb\xcf,\xab\x8e\xc6\xf8JF\xcc\
\xc2\x95\x8c\xa1\xcd\xc1\xec\x97\xfe\xe9\xfe\x08\xef\xd0>\x0d\
\xce!\xfbt\x9a\xfb\xa6\xb4y\xdf4\xb4\xba\xbf57\
\xd2\xa7\xd5\xd7H.]\x17]z\xec\x0f\x04LF?\
\xd9Px][\xbc\x15\xce\x8bU\xa7\x97\x8f\xf8ER\
\xc9\xe9\x8d\x83\xb9q6\xd7\x5c\xc4\xec\xe7._\xb5U\
5\xc6(]\xbe\x16\xe8\xf2)\xbb\x12lr\xc2B{\
:\xb8\xfb\x1eN7\xa8\xf64{\x83\xae\x86\xd3\x0d^\
\xb6L~\xe1\xb0\xd5\x8e\x85\xc1E\xff\xf0\xb3\x86q]\
^\x0a\x83\x0b\xe5\xce\xd3\xcdjNBD\xe5\xbc\xe9\x1c\
\x18\xec\xb2\xc1\xe6\xf3\xa1\xa3KV\x09\xd7\xc0\xa2\x112\
\xe1e\xc0\xa4*\xbb\x92l\xb2\x15\xdd\xb5\xd9\x83\xde\xfa\
\xae$\x00\xa5\xa51\xf5\x0d\xd0<\xe8?y\x95z\x0b\
lN\xb1\xcd)\x0b\xca\xb4\xe1\xc6Jxu'\x98]\
\x90\x94i\x9b\xe5\xe1}JQ\x96\xb6\x5c\x04\x8b\xd3l\
q\xda\xc2\xca!x7\x07!\xa3\x11M\x01(b4\
\xa6(b\xa0\x92g\xf4\x93q\x90{\x19,>\xd5\x8b\
\xca\x99ui}\x1d\xad\x82;\x9e\x1e+\x8b\x9a\xec^\
\xa7\x02Vs&1\x87-\xf7\xb6.\xf5\x12M\x96\xfb\
\xc95\xab\xc3\x056\xa8\xfd\xe42\x1e|\x81\x08]\x8e\
~2\xf5\x8d\xb9}\x86.OdJ\x8c]\x9e\xc8\xa3\
kp2\xb1P\xce\x1d\x9ci\xb9\x03V\x1d\xd1\x09\x90\
pg\x98\xffb\x9cIlhx\xae\x0cVu\xdd,\
A\x81U\x7f}#\xd1 B\x81\xdb\xed*$\xbf\x18\
\xe7\x12s\xf4\xf2\xf5\xd9\xd3\xfe\xd2\x9b`\xf6\xbe\xb4@\
\xab{\xd1\x90HWt\xe2\x0a\xad>\xdd\xf1\xc1fN\
&6\xe0\xcb\xdb\x1a\xa7\xb3\xb6\x18\x9c\x1f\x8b\xba\xecQ\
5w\x1b>\xbf\xb6w\x1bl\xe6\xd0l\x0e\x09\xbe\xee\
^\x05g\xf7\xe1\x82\x9f_*d\xaat\xbf\xcf/\xf8\
\xf0\xc8c\x1c\x99-\x08cv\xbf\xe8\xcfO\xde\xac\x96\
\x87\xe0\x06Z\xad\x96\xdbh2\x87\xe51\x1b\xb7w\xc3\
\xa5S}\xef\xa5\xfb\x88.\x87\xe5;%X\x9bu\xca\
\xe4\xccc\x1c\x97-\x00\xaf?\xac\xea\xad\x8e\x5c\x19M\
\xe4U\x22\xe1\xc2h\xc2\xa3\xc2h\x8c;\x931\x1b2\
l\xbd\x85\xf3\xc1\xdf\xcf\x94\x83HK\xf7F\xbe\x18\xb1\
4D\xa5\xc9b\x1b,\xe6\x5cb\x0e\xbd\xfe\xcf\x9f\xe1\
\xb3\xc7\xfd\x93\xaf\xbfG\xb8\x86_*\x8aM\xaa\xfa\x05\
J\xb81N!\xe6\x80\xeb\xfe\xfcgU\xc5\xe9\xdd\xc8\
\xe6GQ\xdcU\x97q\xb8\xd0\xf1\x1a\xf2BGY\xc6\
I\xc4\x1co\x1d\x1c\x1e\xea\xf3\xa4\x1fg\xa4\x0eJ\xcf\
\x02tPV-\xab\xd8D\xd5s-h\xa2\xc68\x89\
XP\xf1\x9c\xbf\x7f\xfdsC\xd7\x9f\x9f\xd7~\x87\x9b\
\xe5\x87\xc2\xa3Q\x05*_\xe1*t\xc6'\xc1ln\
J,\xe8x\xde\xd9\x19r\xae\xa5m_\xbd\xf4\x8bq\
-zG\xddG\xef\xe0\xd4g\xae\xe6y}v\xefV\
\xb0x~\xab\xf7\xf0\xa7\xa0\xdeq\xbbT\x91{\xa8\xa9\
\xdbP\xda\xc79\xed\x99#\xda56goA\x1f\xa0\
\xdcz)4}\xba\xaa\xf7\xc5\xc8\x96\xcb\x94!}\xc4\
9\xe7Y\x10\xf1<\xfd\xd8\xbf \xa4g\xb9YiV\
\x19\xe8Y\xae\xc8@Oe\x17g<s,{\xff\xe1\
\xca\xad\xf0\xf8\xc1\xad@\xf2\xe0\xe6\xedZ~Z\xf2]\
\xf5\x7fH6\x953]\xdc\xc2!\x81\x8b\xf0\x90\x89$\
\xd1\x9e\x04\x99$e\xeaA\xe2\x9c\xea,(\x8enh\
W\x80\xde\xb4us\x18cD{\xda\xaaR{\x1a\xe7\
\xbc\x17wl\x0c\x88\xcev\xf8\x92@\x8e/\x09\xe4\xf0\
\x9d9\xe7\xc5\xadp\x8c\xe6\xb7\x00\xc4\xa0\xc7\x15C\x14\
\x1f\xe2\x18*\xe32\x8eA\xd9\xc6i\xcf\x1c}\xafo\
r\xcf\x7f\x1aJ\x99\x09\xd8\xb2Z\xa54T2\x93p\
e\x95\x8a\x07\x16s\xc63G\xde\x07+\x8b\x83\xf3\xaf\
\xd0\x88\x0c\xa1\x87\x95&u\x22\xf5\x0au\x22qNy\
\xe6\xf8\xfb\xc1\x8fuVF\x99\x8a\x08h#\x94Q\xa6\
\x00\xf84\xf6G\x82S_\xc2\x06\xca\xfa\x96\xea\xfan\
I\x929\xd5a\xbc\x00\xc1\x9c*M;\x13\x9c\xfa\x12\
1\x0b\x9c9\xdd\x89|X\x12/\x87E7\xb8J\x9d\
\xa1p\xb18\xbb\xa7v/\xc1\xc9/1f#\xce}\
}\x1en|\x0f\x0e\xc4\xd3\x88\x05\xad\x09]\x07\xa4\x8b\
W\xa8\xd7\xc1f\xce\x82\x09\x0bD\xae\xf5[\xc1\xde\x8e\
\xfeG\x90\xe9WA#+\x0e.\x1a\xd9,\x18\xcb\xf9\
/\x91\xb0\xa0<\x13\x9c\x9f\xc0\x0eJ+\xcfD`\x17\
\xdcAMVi\x07\x95\xe0\xf4\x97p,@\x9f\x82\xd9\
\x05h\xfb\x8a\xcdZ\xf1W.\x11\x0b\xfbb\x91\x0a\xfb\
\x04\xa7\xc0\x84k\xc1h}n\x22\xdaFIFk\xc5\
*<\xdeP,c\xd0\xe0\xfc\x970o\xfb\xf6v\x06\
\xe74UV~\xec\x8f\xd8\xaaf}\xaa4\x12\x9c\x00\
-\x88Y\xef\xcd\x84\xc7\xaf\xf5\x90\xe8\xea\xf7\x82\xb9\xaa\
\xec\xcd\xd6T\xe0h\x033\xb8\x9a\xf5`\xe2\x92\xe0\x0c\
\x980\x17\x80:\xf9[\xf3?\x95[_\xee\xfd>\x8b\
\x1b.\xce\x94\x8b\xb4\xc4\xde\xbaS,\xc2\x5c\xcb\xe1\x04\
\xe8\xd8\x90\x7f\xea?\xd0R\xba\xe1\xf2\x07I\x19c\xb8\
\x8a\x9a\x90\xfd\xb9\xeeu p8\x9c\x04\x1d\x1b3O\
\xf5\xf5i\xa1\xc9\xcdYP\x99\x1c*M\x96\xe1\xa1\xa1\
\xd8w8\x09:\xe6I\xf0\xd1bxrD\xd4\xa8h\
\xe3Pk27\xaaC\x95\xb3\xc3Y\xd01\xef\x05\xbb\
\xab\xaaB\xd2\xa0\xa8\x07O$D\x94*\x91\xaa\x11\x7f\
\x5c\x86DU\x1b`3'C'a\x01\xda\xa0\xf3\xe1\
\xe2S)B\xe7\xf2*\x1d\xde\x1c\x15\x17\x15\xa1<\x08\
\xd0\x0egBs\xf9\xfb\xff\xfc\x19\x5cn\x84\xdf\xdf\x0b\
\xa3\xda\x5c~\xba)s\xf2s\xd3`)\xa7?s\xc2\
j\xf8\xf1s\xd0\xdd\xd0G\x82\xdf\x08\x1a\xd6\xf9a\xbe\
\xd6\x93\xcfqqT\x9b\xcb\x01\xaa\xc8\xe1\xfc\xe7\xd8P\
\xc5\x1c\xac\xbd\xd6\xdcD\xda\x91\x14o\x86\xcc\xb4&)\
6\xa0nv8\x09Z\xe0\xda~\x9c\x81\xc3}*\x85\
\xd0\xe1\xbeV\x9e>:N}N\xdaN\xa0\x087f\
\xc3\xb33\x08\x14\x95\xff\xfa\x10&*\xf0\xb8.'>\
\x0b\xfc\xda\xf3+=\xbf\xff\xd1\x95\x0b9]z\xd6n\
t1\xa1\x98\xcbQ1\xe7r\xf2scv\xce\xa9\x5c\
w\xdfJ\xfb\xf6_\xe7T\xd4_\xf2!\xf4N\x99J\
}\x97\x93\x9f;fA\xb0_\x857\xf5\xd8\xfd\xbdK\
Q\xb0\x7f\xba\x195(uq\x08\xe3M\x97\xa1\x05t\
9\xf9\xb9\xe6\x1a\xcbW\xdb\xaa\x9c\xeb_\xec_\xff\xf8\
.\xea\x00\xdd\xa8p\x0d{+Y\x89\x0b*\x0d\x97\x13\
\xa0k\x03\x91\x18\x1c\x1f\xe8\x04\xf8\xf5\xbd\xd8n\x0f\x87\
\xa1\xed\xa6\xf8\xd6\x05*\x9d]\xce\x80\xe6\x98`\xfd)\
.-\xc3[\xeb\x0f1\xba^\x83/\x9d\xf3\xf0\xa59\
\x1b\x9aS\xc7{\xab/Tt\x06P\xe2t\xb3\xc4b\
\xa4\xd3\x0d\x82$\xba\x9c\x09-P\xc77\xf7\x83\xd9\x93\
^\xf7l\x04\xc0A\x93\xb0\x01\xe1@\xd3#\x97\xb3\xa0\
\x05\xf2\xf8\x8f\xd5\xde\xe2\xdf4%\xcf\x97&35\x1c\
\x93OR\xf3\xear24'\x8e\xf7\x96\x1e\xa9\x22?\
8\xda\x92p\xe2\xea}\xb5\xa0\xa3\x14\x9b;\xb0\x13N\
rhN\xda\xc0\xc8)7VE\xb3\x04\x90S>\x9c\
\x93\x5ca\x820\xc0I\x0e\xc8\xe6\xccv\x15\x1e\x86\xe4\
\x0c\xc9\x13tt\x98\x18q\xc0hz\x82|!\xc9\xc1\
8\x99\xb0\xc1\xef\xbb\xf84\xf8\xfb\x99\x94\xaeU\x8b\xda\
nF\xc7k\xc5d]l\x17!Y'9\x16'\xcd\
\xf9\x19G\x9b\xaa\x5c\xc6CQ\x99\xe2\x88\x05`\xbd\x88\
\xaf\xcc\x81\xd8\x5c= |\xb6\xabS5I\x85\xdd\x08\
f\xa2V\x18\x1b\xcd\xc1\xd8\xfc\x84\x8a\xc6Z\x9f\xed\x83\
\xd1\xb9\x91\xcf\x9cc\x8b9\x14[\x90;x\xfby\xf0\
\xec\x18\xd2\x87\xbe\xa7\x9a\xe1\xec\xd1\xf0){$9\x16\
[\x90;x\xb8\x12\x9c\xbe\x08\xb6\xba\x83\xf5\x1da\xf3\
\xae\x87.\xc5\xa6\x18\xe3\xea\x9d\x22\x04\xb9\x14\xf7%V\
N\xa8\x84;\x8f\xa0\xa6\x18\x02t\xb0\xaa\xe8\x8cSU\
\x91\xe2\x96$e\xdc\x92\x0c\xe6Vo\xf5_\x1c\xab\x7f\
\xeeJEECo+\xe5Am\xb9\x01K\xbf\x14\xa7\
<s\x81\x86\xff\xfcy}67\xb8+\x8d[ZZ\
\xf3^\x9eu6Z\xb0\xdaIq\xce3?\xf4\x12-\
\xce\xde\xa1B\xd84B\x04\x0a\xd3\x14\x22R\x9c\xefR\
\x09\x0b8\xc9\xc1\xd9\xbb\xeb\x8b\x15\xa9\xad\xf62\xa5\x9a\
\xfa\xe4\x9a\xd0Q{\xb5\x0et\xd4)\xcew)\x0b\xbd\
\xc7\xdc\xf5\xd9A\xf0\xee]\xf0qFB\x8f\xe8~)\
\x03S\xfbV!\x03S\xfb\x14\xe7\xbb\x94\x05\x04\xfbv\
\xf8\xf4\x5c\x0bA\x9d<\x14\xdb\xa5Bt\x1b#\x0a\xc8\
R\xfa(x\x10\x8bS\x9c>\xcc50\x06G3*\
}\xf4\x1f\xdc\x95p[\x1a\xcf\x10\x81\x95\x01\xb8U\xf1\
\xcb\x00\xdcJs86W\x94P\xb1-\xdcd\xce\xb8\
F\x9a\x11\xeb\xacC\xc18\xcd\xc1\xd8\x5cPBc\xb7\
T\xce\xdb\xba\x90\xe6\x86C\x92\xbb\xcax5yxX\
\xae\x17az\x98\xe6\x80\x9c\x1e\xb3\x91\xf3pb\x11\xe5\
<e.\x8e,:\x0d\x1aY\xa492\x9b\x8ba\xe8\
\xca\xfe\xaf\x05TG\xa9Mb\x9a.N\xa2gph\
N\x9bkq\xef\xac\xa9\x9eT9to\xf9\xa1\x00\xd0\
\xd1\xcaO5\xe5\xd1-\x80\xa6\xe6\xca\x10\xe9\xd2\x1c\x9c\
\xcde<z\xeb\xbb\xb7\xc2\xbfVD\x1cFD\x12\xf0\
K2\x12\xa3\xeeC\xbaNs`N[hD\x1e\x87\
\x9b{\x12\x02\xca/\xddn\x8a\xc8'\x9f0\xbfin\
>\xd2I\x0b\xf0\xf5\xf0\xe8\x180\xb4\x1a\x8b\xe3\xe5\x19\
D[\xf7\x08D\x9b\xe6\xfc\x91\xb6pI|=\x98=\
\xa1./\xbam\xcd=\x1e\xb2\xe3\xd2\xdc~X\xd0H\
\xf9v\xaa\xf5\xf8P\xab1B0\xa0Z#Q\x8ab\
(\x93\x12\xfdd\x81Q\xdb=\x05vN\xe3\x06F\xc4\
\x04\x9d\xc6\x04\x10tb\xact\x10\xb3p\x1a*\xda\xe7\
\x0c\xce\xae\x82\xadK\xde\xe7D\xb9\xa4)ns\xbc\x06\
X=\xc6V[hE4py\xe1\x5chE\xa2\xc5\
z^\x96c'S\xe3lj\xdc\x86\x1a\xd8\xd2\xf3Q\
\xd2\xe6Y\x1c\xc4\x16\xb3\xf0\xf5\xc5X\x9b!f\xae\xcd\
\x10\xce\xac\xa9\xbc\x81\xa3c}C\x95g\xc7l\xb2\xc3\
&\xdb\x10c\x1f<\xbf\x0fP>\x15\xe0*\xb5\x91r\
\x12\xed\x0a\xec\xf7b\xac\xce\x103Wg\xe8/\x1fj\
\x90\x99<\xe5\xacdt\x8a\xa6!g%[$\x8b\x93\
l\xb1\xf9&\xe4\xe8\x9e\xde\x93\xc9\xdc\xd4\x96\x06\x97\x11\
7\xb5\xe5aTN\xb1\xc1\xe6\xc9\xef\xe8Cp\xfa\x22\
|\xb6\xdc[\xf9\x9d\xa43\x9e\x19\xe2\x87&\xa3\xf5\x8d\
\x14\xdf\xc6;\x93\x1d\xb0:\xcdV\xa7- [fO\
Ta/\xc47\x9d\xad\xd53\x8b\x01\xae-\x83\xeec\
\xac\xcb\x10\x8b\xd9\x80\xc2\x0d\xd6^\x0f6.$\xed\x8b\
\xfa\xf0r\xaa~`\xd0\xbf\xa8\x17'\x8b`5\xe7=\
\x0b\xe7\xe4>\xce\xa8\x22C\x05g\xc0\x89\xa8\x22#\xb2\
\x18\xd0\x22\x1e4|1\x16f\x88\xc5l\xdc\x5c\x0eV\
\x9e\xd1\x1d\xc7L5[B\xb1\xbb:\xdc\xe3Vfq\
*1Wf\xe8]l\x04\xe7\xc7\x83\xf5\xc5\xde\xfa7\
avQ\xbb=\x5c\x9e\xe6\xe4\xfdt\xe5v;\x07F\
s2\x8996n\x9eE\x92\x8d*\xabH\xcf|\xa3\
\xda(\xd3\x96\xeb\xadF\x1bl\xe6TbC\x9cA\x9f\
\x10W.\xdd\xdf\xe7\x13\xe2\xca\xa9I\xb8\xaaS\x04\xe5\
\xaa\x18\xeb3\xc4\xac\xe83\x8cX\xe6\xdc@\xcc\xfe\xf1\
:'\xc6\xfa\x0c1s}\x06}}\xe9g\x17 \xa9\
\x13\xd1m\xaeQl\xae\x89)\xc0\xa4\xc6X\xa4!f\
.\xd20\xd8\xfd\xd6\xbf\xbc\xc4\xf3\x5c\xd5\x1c\xde\xd7\xf1\
\x895\x17c\x89\x86\x98\xb9D\x83\x0as\x83\xcd\xfb\xf4\
\xcc\xf9\x0a\xa3~'*\xf8\xc2\x1c\x9d\xc7,4%\xe1\
\xe1\x5cxr$$m\xaf\xa9\xe9E\xb2v\x80G\xb6\
rWbA\x97\xe1\xf5\xfb\xde\xc5*d\x92I\xdd\xa3\
fP\x17l\xb2E\xa9\x84\x85\x19b\xe6\xc2\x0c\xaa\xbf\
\x1e\xdc}?x\xb3\x1b<\x9e\x11\xfb\xebl\xd4_\x97\
n\x8ba\xb9\x91\xad\xdf\x06\xa39\x95\x98k4\x84\xe7\
\xcf\xc2\x0b}\x5c^*\xe6\x86W\x05\x86\xec>\xb9\xa4\
k7rP\xd2\xb1HC\xcc\x5c\xa4a\xf0\xf8{\xff\
b\x8fb\x85\xea\xa6\x9a,\xa7T\xc1`\xc1y\xc4\x82\
D\xc3\xd2F\xf8bF\xbf\xf3\x93\xfb2#1\x17\xe1\
$\x89\x94\x98\xab\x83\xd1\xdc\x9bX\xb8\xe4\xb7\xfe-|\
\xf0\x04\x8e7h{\x1b\xb5\xe6\x88\xe3\x0d98\xde\xa0\
L\xe3\xf4g\xae\xd1\xf0\xe7\xff\xfc\x1fUl\xf4\x96\x7f\
\xef\xff\x1a\xe3\x95\xa8\xd2\xf0d{\xa3\x9fe\x83Y\xa7\
!f\xae\xd3\xa0{\xd6\x83\xf5\xf0\xe5\x99\xa4n\xde\xaa\
\xe5\xa7\xbd\xfc8`\xc2\xa9&b\x9d\x86\x98\x05\x9d\x86\
\xf9O\xe1\x97\x0f\xa8$P\xe3\x83\x945\xfa\xf6X\xa4\
!f.\xd2\x10\xce\xac\x85\xcfv\xe9\xd2\xc4\xf0h\x0a\
\xe5\x12\xafM\xb9\x84\xc5\x1abq+C\xb9\xbd98\
^\x14\xf5}~\x13\xef\x17\x15\xfd24\x7f\xac\xd6\x10\
\x8b\xdb\xc8\x7f\xe1\xc9\xbbps/|\xb1!\xe6\xbfr\
\xa9\xaaw%\xe2\xa7W\x86mI\x8c\x95\x1abq;\
\xf0\xe4\x0dUh\x84/dx\xb2\x8a\xcc\xad!\xee^\
\x8ao\xd5\x16\xf9\x06'\xbf\xb8\x05\xe9\xf0\x85[\xbd\xee\
\xf1-I\xa0(S\xadfDe\x22\x95\xc4\xc1T\xce\
z\x16\xee#\xee\xbd\xe8m=\x90\x95\x94J>h(\
\xf9d)\xa7:se\x06- \xffc\x1b\x8ay-\
\x1f_i\xd6\xb0\x9e\xafc=\xcf\xca\x0c1\x0b\x97\x11\
\x1f>V\x05'I\xa46k\xd9\x11\xadi\x03\xc7\xe0\
\xac\xcb\x10K\xfca\x87\x0f\x00\xa1\xf8\x86\x0f\x00\x918\
\xe7Q$fe\x86\x98\xb92C\xff\xe4\xed\xf5\xd9\x01\
\x88\xc7\xeb\x02\xb90J>\xbe]\x98\x80\xe1!+3\
\xc4,(3D4k]%\xbfZ\x04\x9a\xb5\xaa\x92\
\xa9\xd8\xcc\xfaP\x05\xb1\xd8A\xcc\x5c\xec \xd8[Q\
\x81\x02v\x0d^tL\x8ev\x0d^\x8ev\x0d,t\
\x103\x17:\x18\xacm\xa9\xda\x18\xe0-\x8dL\xa9:\
\x8a\x90\xd3\xa8\x02\xba%\xc6:\x071s\x9d\x83\xfe\xd2\
\x9b\xde\xd6V\xb0\xb2\x1a\x1c\xfe\xce\xfc\x9d\xbe\xb9;Q\
,d4\xa3AB\xdb\xd7\x0b\x10\xe9X6 fA\
6`q\x83o\x85e\xf3%\xbe\x15\x96\xc5Y\x00K\
\x06\xc4\xcc%\x03\xfa\xef\xae\x06\xf7>\xc2\x8d\xc1v)\
\xdb\xe4\xf3\x82\xed\xec8\x94B,\x18\x103\x17\x0c\x08\
\xbf\xbe\xd1\x9c'\xd5\xf1\x89d\xda|\xb4i\xc8\x8d\xe0\
\xd26r\xd0\xec\xb1f@\xcc\x5c3@yF\xf8t\
C\x95\xf7\x83;\xcf%\xcf\xc8\xd5\x9a\xba\xbao\xc8\xc8\
\xd4l\xae\x0d\x952k\x06\xc4,h\x06\x9c_\xa9\x87\
\xee_=\x92\x8c\xfe_y\x14\xbfYm\x10E\xd5'\
\xb3\xb9)1W\x0d\xe8\xed\x1e\x07\xbb\xdd\xeb\xabW\xe1\
\xcc\xbeT\xd0\xe9\xbbK\xd5\xb6X \x95\xdb\x10\xecX\
2 f.\x19\x10>xw+x\xba}kp\xb6\
+\xe9\xa3\xb4\xb5\x80\x8e\xf4\x09f\xdbU\xb0\x96\xd3\x89\
ca\x14\xf7T5#pL\xdc\xfb\xa5\xc4\x0e\xa7\xc4\
=\x92\xba\x8b\xb1n@\xcc\x5c7@\x9f\x0d\xdb_\x0c\
.\xf7\xa4\xf5\x99\xf6\xdeBSk\xa5\xca\xdb\xb3F\x01\
\xd4Rc,\x1b\x103\x97\x0dP\x91N\x95\xcd\xc8\xc4\
\x88\xe0#8\x0f\xe8\xe0\x9a\x92%\x03b\xe6\x92\x01\xe1\
\xe1\xc2`m\xb7wt\x19nw%)\xdd\x1bEh\
\xfd\x8f\xe4\x1c\x9d2\x19\xcdI\xd0\x82x\xc0\xd9Bo\
\xe1\xbcw\xf2z0\xf3XZS6\xf2u\xd5T\xc9\
(\xcfF\x1d\x5c\x83\xc5\x03b\x16\xc4\x03\xce\xce\x06\x8f\
\x09X4\xae\xeb\xe5\xca\x7f\xa9\xa3\x1a\xc7\xc12\xeb\x06\
\xc4\xccu\x03\xfaW\xdb\xb7\xc2\xed\xad[\xfd\x83S\x91\
\xcc\xde\xca\xd0e\xab\x16t&\xac\x18\x103W\x0c\x08\
\xef\xbe\x0f\xae\xee\x01\x0e\xcao\xea\xb3\x02#`P~\
\x9b`P\xac\x18\x10sm\x88\x84\xab\xc8\x0cE\xb3\xa7\
\x0a}\xd5\x05R\xc5\xecU\xa9bf\xb1\x80\x98\x05\xb1\
\x80\xa8\x03\xd4\xed\xb6\x80Y\x1ev\x80x]\xae\x9a\x05\
\xcd\xc6\x18k\x05\xc4\xcc\xb5\x02z\xdd\xd7\x914\xdf\xf5\
\xd9\x85\xd8\xffE\x8a\x9e\x22\xa2\x8f\xac\xe5\xcc\xe7\xda\x80\
\xc6\xf5\x17\xbf\x01\x9a\xb6\x92\xd1\xca\xca\x8c\xa5\xad\xf8\x84\
\xa5e\x99\x80\x98\x9b\xb4C/\x1a\xac\x8b\x072~\xd1\
\x8b\x8a\x80Z\xce\x15\x8aP\xe0\xb3L@\xcc\x5c&\xe0\
?\x7f\xea{\x94\x1f\x1f\xcaKkB\x8b\xa8\x1fa3\
\xc2\x0a\x011s\x85\x80p\xb3;\x94>\x94\x14\xcd;\
^i\xb4\xf4a\x87\xa4\x0fcINzIs\x99\xf0\
\x07_{\xeb,#\xa8'\xf7\xa8\x22\xd8\xa0\x9c\x97\xe4\
\x9c\x974\xe7B\xbd{\x1e\x1e\xee\xc2y\xf6q\xaf\x19\
\xd1\xa1\xf0@\xfbx\xb9\x0d\xbe\xc1\x82\x0c1\x0b\xc73\
/\x8f\xc3\x93\x87\x90\xf9\xd477\xfa\x9e\x5c\xc6\xa7\xcc\
\xc7\xd2\x0c1si\x86`~K=s\xb0\xf8\xa3\xf7\
tC\xbei\x15\xddN\xa1Y\xc6x\xdb\x87\xd8\xcc\xe2\
\x0c1sq\x86\xf0\xec,\xdcX\xd1\xf8\x91\x1f\xdb\xc2\
\xb9\xa5f\xa7\xd9\x8a\x94\x96\xc5\x135\x9d\x16\x99\xcc\xc9\
\xcf\x5c\x9c\xe1_\x9a\xbc\xbc\xad\xe2\xc7o\xf6\xfe\xab\xde\
\xc8E2\x82\x92/\xeb\x1f\xa1\xbc`a\x86\x98\x05a\
\x86\xc3]]\xda\xab@'\xf4#\xd1\xe7\xd7\xc8\xe7\xa2\
\x95\x9f\xc8\x0e\xcfA;\xc2\xba\x0c1\x0b\xba\x0c\x97\xaf\
\xf4D\x9c\x00f\xfe\x88\x13\x5c>\x869N}\x16d\
\x19~|\x0f\x96\x96\x81\xcb\xe5\xff\xd2\xf0\x04.\x97O\
\x5c\xae\x18\xeb2\xc4\x92\x16z\xbe\xaf\xfa\xecK\x94\x04\
e\x98gt\x04\xf6W\x1e\x94\xb2\xa0\x07\xfa\x0c1\xd6\
g\x88\x99\xeb3\x04\xef\xd6\x83\xadK\x1c1W\x1bM\
\x9a0\x93\xe4S\x8c\xc5\x19b\xe6\xe2\x0c\xbd\xa3\xb7\xb7\
\xae\x7f\xbe\xbc%\x9d|Q}\xd4\x88k/>\x1c{\
\x89\xb18C,ea%\xb5\x13~}?x2#\
\xd5\x9e\xaa\xb4o5\x95\xb5b\xe1\x99mMB\xe1\xc9\
\x0a\x0d1s\x85\x86\xf0\xce\xab[\xd7\xdd\xe7\xb7\xa4\x19\
\xad\xe6\x90\xc0l\xd6\xa7\xd1,\xcb3\xc4\xac\xc83h\
\xa9\xd1\xe5\x0f\xc1\xfcw\xa9C\xcd\xe5'0\x87x\xb9\
\x09H!,\xcf\x10KY\xb9\x92\xf1\xf6\x13\xa1r\x9a\
Q\xddI\xa0\x1c\xfe\xe48\xe9\x99\xab3\x04\xb3\x1fo\
\xf5g\x9e\xdf\x92D\xb5\xa6\xb4\x88\x9d,83U\xa6\
x\xc6\xd9.\x95\xb4\xb1c\xd8\xbc\x1cI\xeb\xcb\x94\xfe\
9\xaf\x8f\x85$b\xe6B\x12\x9a#\xf0\xf6S\xb8\xbd\
\x14<x\x05z\x01z\xe1\xde\x14{\xeaN\xa3\x00=\
u\x8a\x13^\xcaF\xc2\xd3\xe2\xe0$p\x10\xbd4\xe8\
\x1b\xc0\xf9\xb8\x18\x0b_\xc4\xcc\x85/\xc2\xf9G\x837\
/\x06[\xf7\xa5\xd3\xe1Q;]\xc8\x97\xca\xd8X\x8f\
\x17\xca\xd0<\xb1\xfaE\xcc\x5c\xfd\x22xp\x14<#\
!\xb0r43$_.\xd3\xed\xa2\x18k_\xc4\xcc\
\xb5/\xfa/\x96\xf4\x01G\x10\xb5\x1b\xdeoDM;\
6\x993\x9e\xb9\xf2\xc5\x7f\xfe\x0c\xde\xdf\x0d\xffZ\x11\
F-\xd3\xaa<\x16\xc7,\xd3\x90\x9aY\xf1\x22f\xae\
x\xa1\x0a\x89\xf0p!\x98{%\x0d\xbd[MO\x8f\
c\xab\xe2\xd0\xbb\xe5\x15`\xea\xcdj\x171s\xb5\x8b\
\xe0\xe8Spx\x08\xb9\xce\x1f\xe2\xbe!\xd7\xf9u\xca\
u,x\x11\xb3 x\xf1\xf4<\xfc\xfa\x06\x1a\xbcB\
DK\xbdQ\x05/\xcb\x17\x05\xa9\xc5c\xf5\x8b\x98\xb9\
\xfaE\x7f\x7fF\x95k\x80\xe2\x1b\x82\x18j#\x98O\
\x1dl\xa6Y\xff\x22\x96\xb60\xe2T\xb1-\xe8\x0a\x17\
\xe4\x1a*\xae\xf9%\x98p\x96\xe9\xd3\xe3t\x97N\xdb\
\x18!o~\x87\x17\xce\xdd,!\xf1\x81sex\xe0\
1V\xbe\x18\xfb\xc3\xc2\xfd\xdf\xb7\xe1\x83'\xbd\xf5\xdd\
\xf0\xce\x8c4\xad\xa85j\xcd\xfa\x0d\xc4E\x9cW\xd4\
\x1b`u\x8c\xad6?\x87q\xbe3\xf8\xb9\x0cS\xce\
r\xa9\x99+\x8d\x18r\x96s0\xe4\x1cc\xdd\x8b1\
s\xdd\x8b\xc1\xdc\xea\xe0\xcd2\xcbjE`I\xd0\xd5\
*@\xa0\x1bc\xf9\x8b\xb1?l\xec\xf6\xae\xbbD%\
\xfa\x7fX{\x93\xa56\xb6\xadm\xf7Vv{\xb7\xac\
T\xdd>\xdd\xd3\xdb\xfb\x06$T+%\x81\x8aOJ\
\xb5\xcc\xf2\xc2\x80Mic\x03\x06\x8c1\xc6\xb5)\x0c\
6X6p3\xca\x94t\x17'g\x0a\x7f\xe7Dx\
<:\xb1\xfe9#\x1c\xee\xc8+\xd6\x88\x193\xe7(\
\xdfg\x14\x82)-\x9e\xa2-P\xcf\xd7b\xfe\x85u\
\xcf\xc0\xa4\xfd\xbb\xe1\xed\xcb\xd1\xfc\xb2\xb8\x0a#\xa5L\
\xfe\xdfu)\xd2Wh\x03\x8f\xcfb\x04\x86u\xcf\xc4\
^\xa8\xc1\xcf}\xccHj\xcd\x09\x94\xdf|\x13\x0f:\
\xc6&\xc7\x0c\x5c\x8e\x7f\xb9\x0b\x1f\xfc\x8coS\xbe\x1b\
b\xc2W\xb03`k\x9cm\x8d\x1b\xa8 \xbb\xf3\x0f\
\xbd\xaf?\xa4\x0ar\xb7\xd0\xaa\xcak\x1a\xd4\x8f\x0e\x98\
\x9b`s\xf5\x8b\x9bk\x0b\xc3\xbf\x8e\xdc\xfd\x15\xf7\xa7\
0\xd1\x92\xf5\x93\x90 \x05\x010|!7E\x8fE\
\x92\x8dN\x1a\xd8\xa8\x1bP\xcbF/\x1e\x0a\xdf\x9dS\
\xb4\xe1\x83\x83.\x88\xc5\xdc\x0bK\x9f{\xa1\xd2\xbc\x0f\
\x9fa\x9dRN\x01\xd6i\x95R\xae\x02\xab\x94,F\
^X\xfa\xc8\x0b\xff\x02\x073\xe0R\xab7\x98\xff\x96\
\x1b\xbd\xf0\xb11\xe8\xc2\xd2\x07]\xb8o>\xf8\x09\x9e\
\x84_P\x15\x8a:\xc2\x17\x9a\xf5\x0eX\xcb>.\x14\
6\xe0/\xfaW=$R\xb7\xb3X\x08\xca\xb4\xe9\xdd\
e*\x87\xa5O\xe5Po\xd9\x9bw\x83O\x8f\xc5n\
X\xca\xa6V\x18}f\xec\xd6\xf4a\x1c\xc3\x93\xde\xbf\
\xbc\xed\xe3\x7fI\x97\xa1\xda\xaaM\xb7\xe4\x9bP\x9d\xa6\
\x9b\xc0\x0e\xcd\x04\x85c\xd1\x9d{\x0f\x1a\xf5F\xaa\xaa\
\xca\x98(Qo\xcc\x80D\xddb\x04\x87\xa5\x8f\xe0\xf0\
\xef\xc2\xda\x82\xfbhG\x02\xe1\xf8\x9f\x7f\xd6.\xcaa\
\xbb\xff\x9b\x0dq{\x88=[(a@\x96\xe5m\x1e\
\xf9q\xbb\xd4\xb6k\xb6ju5&\x0d];\xff}\
\xa8\x82\xc9\xec\xd7\xf4\x89!\xbe\xb1\xa3\xf9%i\xcaF\
\xa1\xc9\xb0\x18\xd8\xb1!\xc7`\xee\x86e\x85\x0c\xed\x94\
\x01U\xfa\x9d\xbc{\x82*\xbd\x00\xaat\x8b\xe1\x1b\x96\
>|c\xf0vU%\xcerf\x94k\x95X\x82\x9c\
+Qb\xc4\x04\x0eK\x9f\xc01:\xfb5\xbc|\x00\
\xa3\x1fN\xcbieq\xec\xc3q(\xe0a\x00\x87\xa5\
\x0f\xe0\xf0\x1f\xb7\x7f\xf9\xef\xc4\xbf\xdc\xc3O\xd2\xdbf\
\x17\x1b\x05Y\xbd\xd9\x00c\xd9m\x18\x00o\xdc\x1e\x0f\
\xef\xaf\x81O\x9enU\xb993]%\x9f\xcc\xcc\x0d\
\xcb21\xf2\xa1\x86`\xe5\xfd\x8b\xc1\xc8\xc7X\xa1\x00\
Ig\xa9\x0a+\x18-\xe6nX\x96\x89\xach\xb0\xf8\
cx;'E\x12\xcdlG\x5c\xc2\xa8~\x02\xef\xcc\
\xbc\x0d\xcb2\x91\x13\x05X\xbd\xb9\xe1\xe1\x9c\x90\x13)\
!S:U\xeb\x16\x80TW\xe8\xa4\xa1\xba\xc6\xbc\x0d\
K\x9f\xb7\xa1\xd8\xac\x08\x10\x0d\x06w\xff9\x8c\xd3b\
\xe0\x86\xa5\x0f\xdc\xf0_aUB9>\xf1S$\x81\
\xdc\x94I\xf9\xd7\x22'\xceN\x943\x1d2\x98\x9dG\
\xd8\xc0\x92\xd9\x13ok\x05\x94W3\xc5\xca\xb8\x12(\
J\xaff* \xbd\xb2\x18`a\x19\x00X\x1cl\x0c\
\x16\x97\x00`\xd1LM\xa7\x8a\x88\xafhN\x03\xbe\xc2\
b|\x85\xa5\x8f\xaf\xf0N\xd7\xdd'Kp\x8d\xfd\x13\
.`\xbb\xaeR\xc0[\xcc\x1eD\x1f^\xe1\x1e/\xba\
o\xa9r\x99\xaaV\xd1\x81\xa4\xd0\x810\xb7\xc22\xc0\
\xadx\xf3N\xc5m\x94\x85*\xd7AY(\x1f0\xfb\
\x0e}z\x857\xfb\x84\xf9\x0a\xbfub\xff\x07O\x1b\
\xbb\x90p\xc2\x04\xe4\xfb\xfd\xec\xf0\xddC\xffu\x13k\
\x13~\xb2\xef\x87A\xb2\xdfk\xb6\x1b\xf4V\xb0\x03\xd1\
\xe7X\xb8GG\xbe\x8f\xee_\x9f\x0bc\xd1\xcd\xac\xcc\
^I5!&f|\x85\xa5\x8f\xaf\x18\xec\xa8q\xe8\
\xd1\xc6_2]\x7f\x8c\x12\xb2\x11\xaf\xdf\xb1!\xb9c\
\x82\x85\xa5O\xb0\xf0\xbe,\xb9\xa7\x1bTw\xcff\xeb\
Xt\xcf\xd2\x15fx\x85\xa5\x0f\xafP}\xaf\xads\
\x9c\xf5\x08\xf6\xc9\xe0\xb0\x87\x83&\xb3\xb7\x8b\xe8{\xbb\
G;~\xec\xa6\xc2\x8a\x85\x1d\x81\x88U\xc8\x96\xc7\x03\
\x99\xe2\x02\x9cB\x19\xb2h\xc6mX\xfa\xb8\x0d\xef\xe7\
{?\xa2\x07\x07\x9d\x1e\xab\xf0\xf2\xe8\xa3\xd3%\xf2\xd1\
L\xdc\xb0\xf4\x89\x1b\xc3\x8d\x17\xc3\xa7{\xea\xfb{t\
\x22A\x91m\x95\xe5\xc9\xf5\xb6\xb6m\xc3\xdb\xc6\xbc\x0d\
K\x9f\xb7\xe1.\xa9\x94\x89\xc45\xe3\x9d\xf5$\xaeA\
\xaf\x17a\xaf\x17\xd1\x9f\xa1\x98}\xa1\x8am\xcf\xe7%\
\x22d\xa9e\x17\xdbY\x80A\x96\xecv\x01\x0cf\x97\
g\x00\x0e\xb2\xbc\xa2\xa6\x12\x9e)H\x8f4H\x9a\x09\
\xa8&\xad2,'\xcb4\xca`4\xfb<}@\x88\
Z\x12y\xf1\x18\xe6k2)'5a\xb8&\xe3\xc0\
p\x8d\xc5\x84\x10K\x9f\x102\x9c\xdd\xf0\xaf\x04T\xb0\
\xec1\x22\x14JX6\xb1\x9b,\x86\x83XQ\x03\x9e\
\xef\xc8\xff3\xfa\xb4\xf5\xe7\x97\xd7J\xb7\xf22\xfb!\
\x0de\x0a&\x82XQ\x03\xe0\xf4G\x0a\x8d\xbdr&\
\xd6\xae\x0a\xe3\xadov\x8a*X\x05*a1\x0f\xc4\
\xd2\xe7\x81\xb8\x97{\xea\x1a+}\xca\xae,\x0e\xcb(\
\x81J\x83FI3]\xb2\x9a\x1d\x9f\x01(\xc8\xf9\xa9\
\x9f\xe7\xc1X\x8d\xdaG\x96\xc5\xa1\x9af\x81\x86j\x18\
\x0cb\x19\x00\x83|\xbb\x1cm?\x84q\x0fu/Z\
\x93\xa6=\x0a8\xed\xc1d\x10+j`X\xfe\xa1j\
\x81\xc8\x8e\xaf[\x08\xe8+\xe4\xf9\xba\xb4\xd4\xc9b\xc8\
\x86\xa5\x0f\xd9p\x17>\xf8\x812\xf0\xbc\xecb\xb6\x8e\
0/;\x0b0/\x8b\x01\x1b\x96>`\xc3]\x9e\x1f\
\xde\xdcx/7%MM\xf0\xd9\xa9^iUT\xd5\
426\xb4A\x18Wa\xe9\xe3*\xbc\xc7O\x07?\
/\xa0\x92\xd5l\xa9u\x9cT\xc9j\xb6\xa9\x92\xc5\xc4\
\x0a\xcb\x00\xb1b\xf6\x83*[\xc8\xab\xbe\x82P\x88\xf6\
|ei\xa3\x8c\xc5\xb4\x0a+f\xa6\xdb\xaf\xb8\xa6B\
\x5cq\xc74\x95\x82\x8a\x0c\xe4\xa6\x8c\xa9\xb0\xf41\x15\
\xfe\x13\xf1/\xfft\xff5z \xee\xf7\x0e\xa27\x91\
\xabHS\x1fL\xa8\xb0\xf4\x09\x15\xee\xcf\xde\xf0\xf8\xc6\
\x7f\x85\xa5\xabP\x0a\xf8\xddY\xf5\x0a\x8b\xb7\xa1\xd4\xc8\
\xd3m\xe0w8f`\x84m\xdb=Y\x02~e\xb7\
\x90\xcd\xb5\x10^\xd9%x\xa5\xc5\x94\x0aK\x9fR1\
\xda~\xa6\x84a\x7f\x7f\x97 \x0a*\x16\x0aFl\x80\
\xa1\xd0h\xd6g\xc0fv\x1d1\x13\xa4t?0\x1e\
\x5c\xaf\xbb\xc7\x8b\x22)\xbd\x9cm\x07\x9b\x86\xa4/\xaf\
\xdcN\x81\xc9\xec<\xf4Y\x15\x83\x9b\x95\xd1_o\xbd\
\xdd\xe5\xd1\xd1\xa9\xb0a\xa1\xa8\x8a\x9b\xb9\x96\x1cpV\
\xd29\x08\xdd\x98Ta\xe9\x93*\x94\x1azkex\
8\xe7\xbe\x99\x972\xbd\xbb5YJ\xdb&vo\x0a\
\x95n\x1a\xccf\x9f\x17\x0f\x19\xc2\xae\xec\xbc\x1fn\xff\
@\xec\x8a\xd3*\xc0\xf0`\x0ep\xac\x16\xe3*,}\
\x5c\x85\x1f\xdc{\xdf\xdf\x22\x0a\xcb?\xe4:/Y\x98\
\xa2%\xe5\x16\xd3*,}Z\x85wz\xe1m\x7f\x07\
\xf1y\xa3\xd0*\x96\x8a\x93\xb5\xe7\x8d\x12h\xcf-\xe6\
UX\xfa\xbc\x8a\xe0^/Ak\xdd?\xea\x80<\xc6\
\xad\xf5\xc2\x14\xb5\xd6\x19Ya\xe9#+\xbc\x83\xbf\x82\
\xd0sQ\xe2\x15\xe6[E?\xf2l\x04\xd0w\xa9\xb4\
l7\xa0 \xc0\xd8\x0a+n`\xfcm~\xf4\xe13\
\x5cj\xff\x81\xae`1\xae]\xc1\x1b\xcd\xbe\xd0\x00\xb3\
b\xf5\xf1h\xeb\x96\x98\x155.\x1e:)\xb4\x97\xfd\
\xa0>\xb2bp\xf4\xd2\xfdu\x1f\xecU\x19I\x99\xe7\
Z\x1ae4\x99\xfd\xa0\x01b\xc5\x8f9w\xee\xfb\xf0\
\xfa\xa4\xff\xf3\xbb\xd4n\x98)\xd6\x95\xb6[~0J\
3u\xb8\xc7\x0c\x7f\xb0\xf4\xe1\x0f\xfe\x137\xbc\x9d\xc3\
\x1d\xe5\x81\xe4\x98\x04\x85y\xdaha1\xff\xc12\xc0\
\x7fX~\xe1\xff{*\x84\xd7\x82l\x95\x0a\xe1\x0d\xba\
\x18\x0c\x80\xb0\x12a\x13\xfb,\xbe\xbf\x85h?\x88A\
}\x07H\xd1~\xb3N\xd1>s ,}\x0eD\xbf\
\xf7\xc2}\xf3\x91\xde\x8bT\x93\xbf>\x07\x156L\x81\
\xb0\x12\x066p<\x1f\xcenH\x98z?\xf2TE\
\xe5\x0e\xc8\x1f\xa9\x9b\xc3\x04\x08K\x9f\x00\xd1\xbf\xdd\x1b\
\xdd\xfc-\xed\xac\x0f\xe0\x84\xc1x\x96t\x81m\x08;\
\x99\x00a\x19 @\x1c\xcd{_\x0e\x87\x9b\xab\xd2*\
\xdc\x99b \x87\xed\x8e\xd7\x94KsC]\x92\x051\
N\xc1\xd2\xc7)\xa8\xad7\x07\xb4\xbb\xd0i\xa9M\x1c\
\xa8.u\x1a\xa4.e\xa2\x82\xa5OT\x18\xbc\xbd\x19\
\xcf\x05H\x05\xe5B\xf6\xf7X\x80\x5cR.4\xa8\xa4\
\xcc<\x05K\x9f\xa70\x9a=\xf2vwP\x90^\x9b\
\xb0]\xcf!\xa2\xbe\xc5<\x05K\x9f\xa7\xe0\x1e\x1d\x8d\
\x0e_\xba\xef\xcf\xfa?\xd6\x849\x91\x5c\xb6\xe8\xb4l\
\xe9%N\xe5h\x18\x99a\x0a\x96>Lap\xbd9\
\x5c9S\x9a\xe3\x8b\x9f\xd2b\xd9\xa0\x99\x13,\x88\x90\
\xbe>\xdbn@\xd2\xc7`\x05K\x1f\xac\xd0\xbf=\x18\
|z,\x09-\x82\xb9\x16Yg\xd1!\x95\x05#\x15\
,}\xa4\xc2\xe0\xeb\xcdp\xb1\xc7D\x90\xbcS\xfc\xe7\
C\x22\x8cT\xb0\xf4\x91\x0a\xc3\x9b\xc5\xc1\xdc\x12\x02\x8f\
\x8aA\xe1\x82\x88G\xd8@e\x9e\x82\x954\xb0\xb5\xf0\
E\xbf\xb7\x0eO[\xba\xe6\xb4\xaa\xf8\xb0\xa5\x1d|\xd8\
8\x01I\x9a@\x08\xf9\xcec\xb4\xfeit\xb3-\x13\
y2\xe3\xa0\x02\xa4\x9a\xddL\x87^\x0bv{\xfaX\
\x05w\xf7\xd0}\xb8\x0b\x84\xe9\xe0\x9d\xa8\xd6&\xace\
i\x10d:\xcc\x5c\x85\xb0>W\xc1\x0f5G[\xe7\
\xaa\xf6\xf9\xeb\xa1\xd4J\xfd=\xc5`\xcbs\xbe\x0e\xe8\
\xf5\xc2\x8cU\x08\xebc\x15F\xd7k\xee\xed\x03\x18|\
\x9a)\x06\x00r\x98z\x9a\xe9\xc0\xd4S\x98\xa1\x0aa\
}\xa8\xc2x\x99\xcc\xb8\xf9 .\x93\xb9k=\x88\xcb\
dJ\x0d\xb08\xcc\x16\x87\x0d\xd4\x96\x07;\x0b\xde\xe1\
\xb1TXV@\x93\x86<H\xed\x90\xb1\x116V\xbf\
\x07u\xf1\xd8\xfbz\x8e9\x93\xef\xa2q\xf2\xdb\xa1\x11\
\xad0\x93\x14\xc2\xf7L\xc0b\x83\xb5\x85\xc7\x92\xa8\xa5\
\xaa\xe0\x0f \x90\xad\xd2+\x11ckc\xfa\xfaM\xdf\
\x87\x0c\xae\xd7\x05\xf1\xa6\xef@\xda)\xc0\xdb8m\xb0\
5\xce\xb6\xc6\x8d\xac\x13:\x1d^\x9ex\x07G\xd2\xb8\
\x9er\x1c\xad\x19\xda\x1ac\xcf\x80\xc9I6\xd9\x08\x80\
n\xe1\x03\xbcg\x81\xc7\xb3Yk\xd1\xb5\xe9Ec4\
A8t\xcfLG\x04$\xb2\xbf;\x22\xac\x92\xcd\xe4\
@%\x1bf>AX\x9fO\xa0 \x9bo\xde\xc1I\
+\xc8f\x0a\xcf\xb9\x90\xc1sf\xcf\x112\xd1\xc4\xf1\
c\x0a?\x14\x1a\xee?\x91\x9b8\xb9\x94\x0a\x84*)\
\x80\xfd\xd9\x15\xb0\x9a\xbd\x87>\xae@\xa9\xa7\xbf]\x02\
\xf7\xb8^\xf4O\x9a\xb1\xc7u\xc2\x1e\x87\x19X\x10\x0e\
\x19\xe8\xe0l\xbagg\xd0e\xaf\xde\x01\xde\xa8\xcf^\
m@\x9f=\xcc\xe0\x82\xb0>\xb8`\xf0\xf7\xdb\xc1_\
?\x90\xd5\x94\xaae\x98\xc0Z\xca@>\x12f|A\
\xd8\x00\xbe\xa0\xf7BM\xa1\xcaa\xb2\x13\x80\x8f0F\
vl\x8a\x91\x99^\x10\xd6\xa7\x17\xf4\x7fm\x0e6\xf6\
a|(x\x9e\x83\xf0\x9ef\x88\xba\x0d\x98!\x0a3\
\xc3 \xac\xcf0\xe8\xff\x98\x1b|z<X\xfc\x01\xec\
1\xbb\xd8\x84\x9d\xe4%\xbb9\x05\x06\xb3\x17\x0c\x19\xe8\
\xe2\xa8ez\xb4\x93<;\x89-eS\xe5;l\xb1\
\x0f\xb4\xee\x99\xf0&\xe7\x07\x0c\x1e\xeb0\xd2\xb4\xd0A\
\x8b\xd9\xff\xe9\x83\x17\xd4\x18\xdc\xe33?O\x95\xae\xb2\
\x9a\x83+\x8e\xd3T\xf1\x22\x17\x1c\xc0.\x84\x19\xbb\x10\
6\x80]X{\xe8^\x1e\xf9\x8eD\xda*k\x17U\
\xff\xa6\x1a0\xe9\xa4\x8b\x91\xaf\x96\xc1dv\x7f\xfa\xe0\
\x05?\xba\x1f\xed\xcc\xb9\xcb/\xa4\xe8\xdeI\xa5kr\
l\xef\xa4\xc1V\xf6{\xfa\xc8\x05o\xfb\xd8\x0f>\xfd\
wB@\x18\xa87B\xc2\x17@\xb90\xcc\xf4\x82\xb0\
\x01z\xc1\xe9\x95\xfb\xe6#\x15\xbck\x01\xfa\x91\x0a\xde\
D\x1b\x0f3\xb9 \xacO.P{\x15\x8f\x17\xdd\xf7\
\xbb\x02-D\xady\x97H!)\x88}\x98Z\x10\xd6\
\xa7\x16\xa8\xf2\xe0\xeecx\xc8\xfc ~:\xcboo\
g\x1a_2\xf6\x16\xfa\xc8\x82\xc1\x8by\xeft\x95\x22\
yU\x87\x0d\xd6\x99R0\xdf\xa0`\x9e\xa9\x05a}\
j\x81{\xb3\xe9\x7fk\xde\xf3?\x9by\x99\xac]l\
\x88J!\xd0\x85\x84\xc3\xec'\xc2\xfa\xab)^<W\
\x14^\xf9[\xf3\xf3}\xe5\x8c\xe1[k\xe3\xb7\xc6|\
\x85\xb0>_\xa1\xffs{\xb0\xf6\xc2]\xf8.\xb5J\
\xd5\x92\xf7R\xcbO9\xe4Fi\xa7\x04\x8d\xd20\x03\
\x16\xc2a\x13\xfd%\xff\xf1\xf5o\x834}e+\xee\
X\xa3(\xcf^\xd9\xd3\x0d:cv\x15\xfa|\x05\x15\
:\xbc\x9f\x1d\xce\xdd\x08\xdb4\xaa\xf9v\xd6\xf7\x16\xf2\
B\x8d6}l\x9c\x1c\xe9\xc3\x15\x94\x96wyE\x89\
\x0a\x97\x8f\x05D\x88\xffF4\x0a\xad\x92\x94\xcd\x95\x0b\
x\xbc\xec.\xf4a\x05\xc3o;\xc3\xb3\x03\xf8\xe8\x1a\
A8\x89_]\xa3\x83_\x1d;\x0e\x03\xac\x82\xa3#\
\x15?\xc8\xe3\x9a)\xff\x06O\x1a\xd5LM\xc3\xa8f\
\x98Y\x05a}V\xc1\xe0\xdd\x89\xb7\xb0\x06\xf3\x09w\
k\x13p@\xa14\x05\x03\x0aa\xa6\x16\x84\xf5\xa9\x05\
\xde\xab_\xde\xcb\xcd\xc1\xcd\x8a\xa0\xfe\xb7\x8b\xb0%(\
O\xa5\x1f\xd6\xfe\x87#\x06\x0aV\xef\xddG;\x83\x8b\
\xd7\xee\xdc\xa5(>n\xb4j\xe2WW\xa2\x81\xd20\
\x0b\xff\xc3\xfa\xc2\x7fon\xc1{>\xdf\xff\xf5JZ\
\xc34\xa5\xa4\xd2\x13\x161M\xb5\xa7\xe8\x8c\xf9!\x8e\
\x18\xd9\x15t<;xq\xec\xee\xaf\x88\xdbl\xfd\xe7\
x\x1a\x99\x7f\x85\xea4\xe4\xf7\xac\xfc\x0f\xeb+\xff\xbd\
\xebc\xf7x\xd5\xdd\xefIk\x99k\xe3\xed\xd7\xd2\x11\
\x17\xe8Vp\xb2\xa1/\xfa\xf7\xf6\xb7\xd4\x1e4\xd2>\
f\xef6\xc3\x80\xf8\xb1K!1\xcb\xfe\xc3\xfa\xb2\x7f\
%\x8bEJ\x88\x9f\x1c1&\xa4\x99E\x83\xd9{\xe8\
\xcb\xfeG\x9f\xb6\xfa?\x08\xa0\x97O\xd5l\xec\xda\xe5\
m4\x98]\x87\xbe\xe4\x7f\xf0\xf5F\xed\xbc\x92\x83L\
5\xb12\xde\xe7'G\x99\xa5\x02E\x99\xac\xf9\x0f\xeb\
k\xfe\xdd\xa5\xcd~\xef\xb3\x1fU\x8c6\xd6\xa4~\xd8\
\x18[Yo\x89\x13 \xa5r\x1dL\xe6\xec\xc3\x80\xe8\
\xff\xd7'\xef\xcb\xd1\xf0\xfe\x9f\x04\xbdJ\xaa\x9a\xf6\xe3\
\xf8\xac(h\x02\xc7\xcc\xaa\xff\xb0\xbe\xea\x7ft\xd0\xeb\
_\x9dB\xd7@\x8d:\x06\xeb\x12\xa8m\xd0 y^\
\x98U\xffa}\xd5\xbf\xb7w:X\x7f\x89\x83W\xea\
2\xe0\xe0\x15\xc9\x82\xc2\xac\xf8\x0fG#F\x98Xg\
~,/\xd5\x00\xd5 w0W*\x96\x00\x9b\x0e\xd0\
A\xc2\xac\xf8\x0f\xeb+\xfe\xdd\xb9\x0b\xeft\xdd\xdb\xee\
I\xcb\x07\xd5Dt\xa5\xa8\x9a\xfc\xb0\x82\xb0S\xe9B\
\xca\xc4\x8a\xff\xb0\xbe\xe2\x7f\xf4cut\xf8r\xf0\xf3\
Vj\xdbM\x8f\x17\x8b\xd9\xff\x03}\xbb\xe9\x1c\xb0\xb1\
\xc2Q\xf6zQ\x13E\xb6\xfe\xd5\xc5\xf0vM*i\
\xe7ZJ<\xdf\x92\xf5\xf39\x9b\x1a3\xcc(\x08\xeb\
3\x0a\xbc\xc3c\xaf\xb7\x06\x1b\xc6\x1b\xd9\xaa\x82\x1e\xe3\
\x82\xf1\x86\x03\x0b\xc6\xc31v\x22\xb1{&\x00\xdeK\
\xd2\xd2\xc4F3X\xc7$\xe2\x09\x9aMH\xef\x18O\
\x10\xd6\xc7\x13(\xfd\xd2\xe2\xfa\x04\xfdRi\xc26\xf4\
\x06\xadm\x0b3\xa0 l\x00Pp\xb68XyL\
s\xa5\xa9\xea\x84Y\xee\x02\xcdr\x87\x99P\x10\xd6'\
\x14\x8c^<\xf4#yo\xb7\xe7\xbd\xfes\xd2\xd8\x0e\
b\xf9R\xb1S\x14{2\xa5R\x07,f\x17\x123\
\x80\x96\xfe\xe2\xcd>\x81\xcfn\xbc\xd6\xf8.\xf1\x17?\
\xbcn\x01?<v#\xfa\xbc\x02\xd5\xf48^\x84\xde\
\xb3jz\xf8\xae\x0f\xfa\xceN\x8a\x9e7\xa6\x15\x84\xf5\
i\x05\xc3\x97\xcb\xee\xea\xba\xf7\xeaJ*\x09\xd5\x83\xc1\
\xa0B\x16*B\xf5\x5c\x81\x9e\x0cv!\xfa\xb8\x02\xb7\
w\xa9J\x16\xfe\xd5x\xfdgX_V{\xe6\x8b\xca\
\xe0\xa6\x88\x13\xb63\xe0\xa9\x99V\x10\x8e\x19\x80\x84~\
\xf4^\xcer\xaeW\xc2\x08\xae\xc9O\x1c\xa7N1\x03\
\xa0\x9b\xa7\x83\xdb_\xf0\xc4u\x0b\xad\x9aC\xcd\xbb\xae\
C/\x1c\x93\x0a\xc2\xf1{\x86tx\xf0\xe5\xa5\x82\xd9\
h\xf8\xf0\x9a\xf4\xe11\xa3 \xac\xcf(\x08\x06\x1f\x7f\
\x04\xf9\xe9\x8e\x94\xe8\xe5\xc6\x0at\xa4X\xa6s\x05(\
\x0b1\xa5 \xacO)\xe8\xff\xda\xf7\xb6\xf6A\xa00\
f\x09\xb1\xf6\xaa\xdd\xe9\x90\xcd\xec\xfd\xf4)\x05\xee\xf2\
\x03\xff\xa8\xe12\xcf\x14\xc7\xcbK\xe1:\xcf\xe4\xf0:\
\xb3\xfb\x8b\x9bp\x7f\xa3\x8d5,h\xf9\xef\xf2\x84\xac\
\xaf\x8bY\x1f\xe3\x09\xc2\xfax\x02\xf5\x09\xae\xbc\xc5\xb1\
\xeeF\x81\xb5\xf3\x0d4\x98}_\xdc\xc0\xca\xd5S\xf5\
\x15^\x88KX\xfcO\xd0\x91\xbf\xbcN\x9a\xde\x0b\xf6\
z\x06\xc0\x04;\xd7\xfeK1\xfa\xb4\xe5[--\xf3\
\x1b?\x14\xf9\x00\xf3&\x95\xe0\xa6`\xf9u\x98\xf1\x04\
a\x03x\x82O\xaf\xfc\xeci\xf4\xe4\xbd<\x8c\x97\x1a\
/\x8di\xb7\xe4Q<\xa7M'\xcd\xbe/n@\x11\
\xbb\xea\x1d\x1cA\x91H}zj\x1c\x1d\x8bD\x85\x19\
*\x12%\xd8\xff%LlX\x18\xde\xeez\xdb=o\
\xee\x9d\xd0>U\xa7\xdc-\x14\x0bb\xdd\xb0\xect\x0b\
`2{@\x03L\x85\xd5\xa5\xc1\xf1\x17L\xfdZ\xa9\
\xf12\xc2\x7f\x9e\xfc1V!\xac\x8fU\x18>\xdds\
\xaf\x1e\xc2\x96\x1e;\xf0%\xb8\xa6\xc7&el\x98\xb9\
\x0aa\x03\x5c\x85\xb5\x85\xfe\xafM\xef\xfe\x9e+\xe8\x83\
\xee\x9a#\x8d\x22o9\xe96\xa0V\xcbd\x85\xb0\x01\
\xb2\xc2\xd5\xaeZ\xe1\xfd\xf5\xc6=y(J\x16\xd4\x88\
w)(\xcdI\x838\x8d\x12\xb4\xfa\x98\xae\x10\xd6\xa7\
+\xa8\x95\x0bK\x9b\xee\xc3]\x01\x05\xe8{\x94*\x10\
\xa7\xd2P\x8ac\xb6B8\x113Q\xa5]\xa1\xf5\xb0\
\xe3*-\x7f}M\x07\xbf>\xf6\x82\xfa\x88\x851\xca\
rx\xd2\x83\xd8\xb3*\x8a\xbb\xdb\xa4^I\xb0\xefK\
\x98\x18\xd3S!\xd1\xc2wX\xf3\xe6\xa8\xe6\x13nz\
s\xba\x10*3\x0d\x22\xacO\x83\x18.|T\xd7\xe2\
\xfa\x83DNS\xeeZ\xdd\x0b?\xb8\x07tZ\xa19\
\x05\x9e\x84\x81\x10a} \x84\x7f%F\x7f\xbd\xc5i\
\xb2\xaa\x22\xeb\xf18Y\x9a\x1a}\x0c\x84\x08\x1b\x00B\
<\xbb\x1d\xed=A\xdc[J\x85\x19\xdc\xb3\x9e\x9a\xa1\
\xcf\x8f\x99\x10a\x03L\x88\xa0;9\xc6\xf6RwR\
q{\xc5\xe6\xa4\x9d\x05\x8b\xd9\xf7%M,\x8a\x18l\
\xec\xc3\xd5\xb0\xc7D\x08\xbc\x1av\x03\xaf\x06{>}\
(\xc4XqC\xd2\x8a _EiE\x0e\xef\x05\xbb\
=}6\x84\x1f\xca\x0d\xcf\x0e&\x86r\x9dIk\xdd\
\x1b\xa8\xaf`@DX\x1f\x10\xe1m\xed\x0f\xaeU\xa7\
\xdd[\xbe\x14\xbb~\xaa\x92_W\x14CQ\xea\xdd\x06\
\x14Y\x98\x11\x11a}D\x84\xf7\xfa\xadwA\xb5\xc4\
J\xb0\xc1\x9b\x17ga\xcc\xcc\x8c\x88\xb0>#\xc2}\
\xf9d\xb0\x7f\x04\xd3\xdfvV\xa9\x0bq\xf6\xdb\xee\xd2\
\xec7\xf3!\xc2\xfa|\x88@\x0fy<X\x7f)\x0d\
lM\xb7\xe4\x01\x8c\xc2\xb4<\x7f\x11a(DD\x1f\
\x0a1\xd8\x9du\x7f\xdc\xc2\xe9\x06\x0f\x5c\xbe5i\xb5\
L#\x0f'\x1ca,D\xe4\x9e\x01H\xeb\x17\x95\xb1\
~\xbb\x94\x86\x04\x82\x9cD\xc5\x9f\x05\xa5\x12\x11k\x03\
\x852\x18m\xb1\xd1\xfa\x0e\xf0\xc9\xd2\xf0\xfe\x92\xc4\xeb\
)d\xb3u\x19\xd7S\xc8\xd2\xf1\x86\xd9R\xfdq\xf5\
\x85\xb3\xfe\xcfg\xd2r\xf7`\xa9\x85\xb8\xdb=\xd5\xc8\
\x80\xa5\x11\xb6T\x7fZdk\xd1\xfb|\xd8\xbf\xda\x1b\
\xfc\xbc\x92d\xb1\xfeC\xdc\xf0\xe3d\x11K^\xea4\
\xa6\xc0\xe4(\x9b\xac\xef\xefvv\xfcL\xc4\xdd\xb9\x91\
\x8aq\x8d\xa2\x9a\xad\x87-\xe4\x8d6,:\x8d0\x12\
\x22\xa2\x8f\x84\xf0\xbf4?\x9fVc\xb3\x8f\xde\x0b\x94\
\xb7TU%\xd4\xe3\x0d\x22rd\xefd\xa6\xe8n\xc4\
\xd9n\xfd\xaa\xe7\x9b\x17\xde\xe9\xbe\xff\xf7\x9f\xf9t\xab\
\x96ke\xc4t/\x93#S\x13lj\xc2\x00\xe6f\
p\xbb1\x9c\xbb\x91\xbe\xb9\x99\xb1\x1c\xa0\x19l\x88\x10\
A7M\xb29\xc96\xebo\x92\xdd\x99s\xe7\x1e#\
\x95\xae\x9c%\x85^\x19\xba\x22\x11\xa6XD\xf4)\x16\
\xbe\x9bS\xecJ\xe1|\x03\x0f\xa7Bc\xf1t\xf36\
\x1c.\xb3 \x22!\x13c\x22\xde\xe11\xa4\x1e~\x82\
\xd7\xc8V1\xf3(P\xe6\x11a\x10DD\x1f\x041\
\xdaQ\xdex\xb4\xf5\xd5}t \x05j\xe5\xacj\x95\
\xb5\xa5\x97\xd8.\xe7\xda`1;\x0f}\x0e\xc4\xe8\xd3\
\x96{s9\xe8\xbdv\xdf<\x97\x86\x923Y\x15I\
\xb4E\xc7\x9c\xcf\x14\xc8dv\x1e!\x13\xdb\x85\xd4\x08\
C\xb04T\x8a.\xd5\x08\xc3xi\xa8t1\xca\xed\
\x06\xd8\xcc\xfeC\x9f\x03\xe1G\x13\xde\xf3ki\xa4l\
\x1cMd\xffI4\xc1 \x85\x88>H\xc1?\xda\xc1\
\xce\x0e\xa4G\xe5\xd4\x1d\xfd\x81\x12\xa42u\x22#\x0c\
S\x88\x84\x0c,\xa7S\x05\xb7\x09\xa5\xd8I\xfa\x85&\
1\xb1\x22\x8cS\x88\x18\xc0)\x9c\xccy[DWt\
\x8aA\x09\x8b\xdc\xc7\x14\xb9\x0f\xc6)D\xf4q\x0a\xbe\
\xe3p\x8f_\x02\xe6&\x93\xf2\xef1cn2\x0d\xc0\
\xdcD\x98\xa6\x101@Sx\xb7\xde\xff\xf5\x16\xc6Z\
\xcaY\xbb\x85\xf3de\x1a\x97\x8d0K!\xa2\xcfR\
P8\xc8\xaf\xc7\xc3o\x7f{\xbb\x9f\x09\x8e\xa5\xaa\xb1\
\xc5\xb4<\xba`\xc3\xc2\x90\x08S\x15\x22\xfaT\x85\xff\
\xfcw\xb0}3\x98\x15vX4\xd3)\xb5WA&\
\xa6\xa5m\xb0\x95\xdd\x87\xa5\x9f{\xcc\x9fxO\x9e\xc0\
\xba\xd0\xb2\xff\x1c\xa7p_h\xb9\x01\xfbB#\x8c\x82\
\x88\xe8\xa3 \x86\x0fv\x15\xb3B\xee\xe4\x05\xcf\xb1]\
\xc4F^\xc3\x86F^\x84a\x10\x11\x030\x88\xd37\
\xee\x9bO\xbc\x07\x22\xd7\xc2a\x96\x1c>\xc7\xec\xf7\xf4\
\xa1\x10\xfd\xde\xba\xbb\xbc9\xda\x10W\xd39\xadj@\
)\xcc\xca\x13pU\x0a6\x99\x09\x11\xd1gB\xb8s\
\x0fG\x1f&-,\x9c*\xf0\x88\xd3\x14\x1d2\x13!\
\x22\xfaD\x08o\xef\x8bw\xfa\x0e\x11B\x8a*5a\
A\xbd\x836\xb3\xd7\xd3\x87C\xfc\xe7\xbf\xde\xe13\xef\
\xed\x82\xf0\xb6u\xd5s\xfc?\xe2\xd3\xd6\x85\xa7\x8d\xa9\
\x10\x91\xb0\x89E\xe4\x8a\xc0\x22\xcfV\x94\x8a\xad\x09\xa3\
\x15\xa5\x94C\x16\xb3\xe3\x08GL\xec\xb7\x99_\xf2\x16\
?K\xd8\x0d\x9b&\xc8\xda\xb0\x092\x12\xe6g8\x1c\
3\xa1q:<\x86\x80\xad3f\xc4B\xc0\xd6iP\
\xc0\xc6\x88\x85\x88\x01\xc4\xc2\xc7\xc5\xe1\xc1\x01\x0d\xf5\xb6\
&a\xdc\x1cZ\x05\x19a\xc2BD\x9f\xb0\xe0\x9d\xed\
\x0f\x1f\xaf\x0e\x8e^J:\xb2`\x9a\xa9\xd1R\x1e\x0f\
\x84d\xa5F\x03j\xc5\xccX\x88\xe83\x16\xdc\xb5\x13\
ok\xc5\xdb\xda\x1f\xde\x9c\x0a\xa5\xab\xcax\xa67\xaf\
f\x15\xa4\xdaU\x05\xa6z#\x0cY\x88\xe8C\x16F\
\x9b\xa7\xee.\x8d\xaf\xd4[\xd5&z\xe8:\xf1\xe7\x22\
\x11~\x88#!\x03`B\xff\x1eK\xd5\xabq\xb7#\
+\xd6\xae\xba\x0ed\xd1\x8c\x85\x88\xe8c!F7\xdb\
\xaa9\x0a\xab\xc7k\xe3\xfb@\xbb\xc7\x09n\x12a2\
DD\x9f\x0c1\x9a_\xf7.\xbe\x0e\x8e\x0fF\xb3O\
%\xb5\xb7\x7f\xc8\x01\xdf$#\xfb\x8fn\x9e\xce\x99\xfd\
\x87>\x1a\xc2\xbd|\xcf\xe7\x5cjM8\xe5\x12\x9f2\
g\x1f\x91\xa8\x09\xf8\xf1\xf2&d\x1f\xc1=\xf6\x03M\
L@\xbaUJ@\x18\x0f\x11\xd1\xc7C\xa8\x82\xd0\xe5\
\x89\xff$\xf7o\x0f \x01i5\xc7\x97Z\xcc@\xa8\
e\xc3\xb8\x85H\xc4\xc4b\x05we\xdf}87\x9a\
[\xe6\xfeh5[\x9c\xce\xca:\x9c\xea4X\xcd\xae\
D\x9f\xb9\xe0\xee\x5c\xfb\x17\x1a\x10C\xf9V\xb0\x84|\
\x12e(\xdf\xa1\xef\x90\x19\x06\x11\x03\x0c\x83\xf5\x0f\xde\
\xec\x07\x90\x1bVjY\x96\xf8V\xb2\xa04\x8c0\xc9\
 b\x80d\xf0\xecv\xf4i\x0b\xf5\x91c)\x00\xcb\
#\xf3h4?\xd1\xd1\xb0\x09\x9e\xe9\xf5\x09.dI\
\xa9\xbd\x7f$\x9c\xad\xd3s\xc7$\x83\x88>\xc9\xc0\xdb\
\xbb\x19>\xda\xa3\xc1\xa6Z0;\x86CM\xc4\x95\x89\
0\xca \xa2\x8f2\x18l\xdf\xb8\x97dr:U\x1c\
\x0bEh\xf3\x1f\xe6\xd5L2\x88\xe8\x93\x0c\xbc\xcf\xef\
\x86\xab_\xfdW\xe3\x0f\x83k\xbe\xa1\xc5<L\xa6\xd7\
ry0\x96\xb3\x12}\x84\xc1h\xef\x89\x1f\x1e\xf9\x81\
\x86\x94\x95\xa8\xa1M\xbb6~\xe3\xc4\xc4d\xc6\x86=\
\x85\x11\xc6\x18D\xf41\x06\x83\x9dG\x8a\x8a\x0d\xf5\xac\
\xe2\xc4\xa6\x08\xca\xb3\x22Qv%Q\xfd\x11\xac\xed\xef\
\xde\xcd9\xe2\xd2\xab\xfe\x03G\xb1Q\x8a\x1e\x0b\xc6.\
D\xf4\xb1\x0b\xc3o\x87\xa3\x8d\xc7\xa3\x8d\xbf\xa4\x8b\x91\
O\x05p\x19\xbb(\xde\x8a|\x8eJ\x02L_\x88\x18\
\xa0/\xac\xbe\xf23V\xf7\xd9\x9b\xd1\xdc\x13I\xe6\x1b\
d\xac\xd3\xc5RQ\xdcV_\x9a\xa6Sf\xcf\xa7O\
_p\xb7\x16\xfb\xbd\xc7\xee\xab\xbf\xa4\xfc\xbaQ(6\
S\x90ZCf\xcd\xe0\x85\x88>x\xc1\xfb\xfa\xd1\xf7\
\xd1T0le&\xe8\x9b\x0a\x19\xfa\xea\x18a\x10\x89\
\x99\xe8N{\xaf~A\xac\x5cH\x15\xf3Y\x8e\x94\x0b\
y\x8a\x94\x99a\x10\x89\x99\x10\xb2\x8c\xae\xd7\xe0\xbbk\
\x061\x10|v\xcd\x19\xfc\xec\xd8\x83\xe8\x13\x0c\xfa\xbd\
%w\xeeK\xff\xeaOw\x97\xad\xdb\xc5VC\x8c\x8c\
\xb3\x80\x16\x8e0\xb9 \xa2O.\x18l\x9c\xfbw\xc1\
\xbd\xfd4\xba\xffDL\x9d\x02\xb6p+U\xcc\x88\xcd\
\x9bf\x19\xa2y\xa6\x17Db\x066\xf4,\xaa\xf1\xbc\
\xa5\xe7\xee\x97\xb7\x02\x9a\xd5\xcfO\xd5\xee\xbfNK\xe4\
\xe0\xb4\x0bp\x87\x99_\x10\xd1\xe7\x17\xa8\xea\xc5\x97C\
\xf7\xcd;\xb9tAsc\xa5.\x9c/\xb3\x0b\x22q\
#\xa3\xbb\xdf\xe7@!\x1b\xa4\xa6\x8a\x11\x89\x12\xd9\xee\
\x14Hd#\x8c.\x88\xe8\xa3\x0b\x94\xdet\xe5\x04f\
 \xc7\x22\x05\xf5\xd7\xa4)\xc8F\x81\xa6 \x99\x06\x10\
\xd1\xa7\x01xo\x9f\xb9\xfb=\xd8\x98^\x0f\xf0=\x13\
V\xa6\xd7K\xa0S\x880\x0e \xa2\x8f\x03\x18|z\
<<>\x81\xae\xaf]\xec\xb4X\xbciw\xa8\xe7\xcb\
<\x80\x88\x19\x1e\xc0\xeaw\xe6\xea;\xa8\xab\xe8`k\
\x8f\xd5\xf5\x11}u\xbd{u\xe5\x1e\xefM\xd2\x90\xa5\
S5\x94\x90\xa5\xd1f~\x9b\x0d\xa8\xebO\x96\xbc\xad\
#\xf5!\xde\xee\x09\x008\xff\xebS\xb5\xc3\xaa\xbc\xd7\
;7U\x80\xf1\x10\x16\xd7G\xf4\xc5\xf5\xfe\xc5\x18|\
Y\xe7\x8b\xe1G\xcax3\xb0\x08\xc0\xda\xfa\x88\x11m\
\xbd{\xb01:\xdcw\x9f\xce\xc2[\xd7T\xc1\xf2\xb4\
\x5c\xf1l6\xa0v\xc8\xd2\xfa\x88\xbe\xb4\xde\xfdq;\
\xd88\x05!KP\x03P\xc1\x1c\xeaX\xf2M\xd2\xb1\
\xb0\xba>\xa2\xaf\xae\xf7\xbe\xbf\x1d\xfd\xf5\x96\xfbP\xe9\
\x09#\x01u\xfc\x06YZ\x1f\xd1\x97\xd6\xfb9\x9f\x1f\
\xe6#QT9\xc2\x143Eq\xdc\x90\x95\xf5\x11}\
e\xbd\xda\xd1\xf3\xd1]\x95\x96Z\xfa\x81\x5c.%^\
\xe3\x0eY\xcan\xc4\x80\xae~kq\xd4\xdb\xf7\xf6N\
\xa5\xa3\xb5\xd5\xb6\xdb\xac\xc8S\x07'\xcdz\xfaH\xc2\
\x80\xbe\xe2\x9d\x1fy\x8e\xe6\x97\xdd\xcb#a$r\xdc\
6\xf3\xef/p\x0bJ]\x08\xe4XX\x1f\xd1\x17\xd6\
\xfb\x16\xbb;\x936\x91\xe3k\x5c\xca\xe3\xdde\x9f\x97\
0 &\xdcV\x9f\xdc\xe9\x95\xfb\xab'\xe1\xc9\x83O\
\xce\x19\x93e\xe4%\xd9%\x07\xea\xf5\xac\xab\x8f\xe8\xeb\
\xea\xdd\xb33E\xe1x\xfd^\xda\xed\xad\xf0\x1b*L\
\xae\xd4`\xb3w#S\x81\x91\x1c\x16\xd6G\x0c\x08\xeb\
\xef\xbf\x18\xfdZ\xe9\xf7\x9e\x0cg\xff\xec\x8c\x04\xf8\xd3\
\x80\xfcm\xcb\xc1r3S \xa3\xd9\xf5\xe9\x0b\xeb\xbd\
\xd9'*\xc2\xbf\xb9\x19\xad\x7f\x12\xa4\x85*\xc2\xcf\xa4\
\xa0\xe8R\xca@\xc2\xca\xc2\xfa\x88\xbe\xb0~\xb8|8\
\xd8\xd9\x19\xec\x9fK\x8d\xe0\xfa\xef-\x8b\x0d\xc5\x1c\x92\
\xde\xe6z\xa3\x01\x9d`\x96\xd6G\x92\x06\xd6\x86\xaex\
\xcfO\xb0\x1e\x97j\xa0\xdb+`\x11\x9c\x95\xf5\x11}\
e}\xff\xfa|\xf4\xe2!\xbbj{\x820\xa0d\xa3\
\xc9\xec\xff\xf4U\xf5\xc3\x9b\xc5\xfe\xd5)\x9eq17\
\xa1\xd5P\xc0\xe1Y\xd6\xd4G\xf45\xf5J\x07\xb7\xf4\
\x1c\x22O'\xe5_\x0c\x8c:\x9d\x02E\x9d,\xa9\x8f\
$\x13&\x18\xc4\xbf\x1e\xf2$\xaa=\xa1\xb0L\xd7\x22\
\xca2\xf5\xe8=\x13\xcedxt;<\x99u\x17\xae\
Dg\xd2)\x06u\xae\x19P\xa9w\xba3`u\x88\
\xad\x0e\x99\xd8\xfc\xbe\xf0\xc1\xeb\xadI\xbb!\xed\xa2#\
\x1b\xab~s\xc0\xda\x18[\xab\x1fz.\xaf\xfa\x0e\xc4\
\xbf\xc7\xde\xc2\x9a\x90\xa8f;*\xfaD\xe4P\xa74\
\x056\xc7\xd9f}\x9e\xc5\xf7\x8f\xa3\xedo\xde\xdb\xf7\
\xc3\xd5]\x99\x08\x9f\xef\x16R2P4gw\xc9\xe4\
\x04\x9b\xac\xfd\xf1\x0d\xef\xcfz{\xb7j'\xd5\xf6{\
\x81\x01WKO@\xc2\xdbi\x18\xbd\x88\xb2t6j\
@:\xfb\xe6\x83wv\xed\xbd?\x80\x06I\xa5&\xb6\
G*`*\x7fr!\x13\xd5\xe5\xd1A\xcf\xbb\x98\xf5\
\xf67h\x81\xb3*\x1ef\xeb\x22\x12\xa0\xdb(\xd5\xc1\
j\x8b\xad\xb6\xf4\xf3S%/[^\x11\xf2\xd3LJ\
\x8e\x81\xfc_\x0a`i\x98-\x0d\x1b \x18\xfa\xfeY\
Q\x91\x84\xc8\xcd\x1e\xb7\xa9\x83\xe0M\xb6\xda\xce5\xc8\
\xea\x08[\x1d1\xf1\x10\x1f\xef\x8d\xde\xbe\x97\x1e\xe24\
aO\xd5o\x1d\xb06\xca\xd6FM\xa4\xa8_6\x07\
\xb3\x9f\x86s\xb7bG\xc7\x0f\x8bkM\x11\x22S\xea\
\x16\x9a`1\xbb\x0e}\x85\xaf\xb7y\xe9_`\x98\xb6\
(\x07\x13{)\x18\xb7(\xd3n\xfa(/z\x8f\xea\
/z\xf7f{\xc3\xc7g\x83\xeb\xf5\xc1\xcf]I\x08\
\xe7\xdc\x01\x9cl\x11\x12Qv\xda6\x18\xcd\xaeC_\
\x9e\xac\xd6\x5c\x1e~\x92\x86\xc0\xcbY\xc2\xb2\x94AH\
\x1deMrT_\x93<z\xfa\xdd\xfbz\x0e\x8b\x17\
\xfd\xb3\x1d\xaf\x05\x10\xd7.:\x05X\xbb\x18eEr\
\xd4\x80\x22y\xf3\xc8]]\x1f|\xbd\xf1v\xff,\xb3\
\xd4\x8b9U\xce\x92\xb7\xd6\xd5s%\xb8\xc1,H\x8e\
\xea\x0b\x92G\xd7k\xee\xf9)\xc0\xd4g\x82D\x09Y\
\xea39P]DY\x90\x1c\xd5\x17$\x8fKY\x0a\
'+D\x98\xbfKYw-\xe0,\xd4\xb2(fc\
arT_\x98\xac\x02\xa0\x83\xa3\xe1\xb7\xcb\xd1\xfc2\
\xc4@\xa9\xdaL\xb1\x0bd\xcb\xe6\xcc\x0c]i\xf6z\
\xfa\xc2dwn\xd1\xfbr8\xd8\xfd%A\xb2\x82\x96\
Hw\xac\x82\xaa\x8a\x94\xac|\xd7)\x83\xd5\xecK\xf4\
\x05\xbf\xe3\xba\xe1`\xffV\xfa\x10\x7f\xd7\x0d\xcbc(\
\x99X8$\x7f\xc2\x92\xdf\xa8\xbe\xe4W}\x87\x9b\xdf\
\xa5\xa7Y\x11\xa8\xe0m\xee\xd0\xdb\xccb\xdf\xa8\xbe\xd8\
\xd7\x0f\x86|\xd77:|)\x05C\xca\xef\xe5DM\
\x80\xfa\x11R\x7fV\xfaF-#0\xbd\xde\x9a\xfbf\
Yz\xe7\x0a\xa9 \x8b\xce\xb5\xe4w\xae\xe0\xe4\xe0\xb9\
`\xa5o4lb\x1egx\xf1\x1a\xaa\xc8\xa5\xe0Q\
\xc6\x1ari\x0aj\xc8Q\x16\xfaF\xf5\x85\xbej\x0c\
\xee\xa07:\x5c\x91\xf0\x16\xea\x85\xfb\xbd\xe0\x10\x10\x17\
\xcdF\xae\x0af\xb3G\xd1\x17\xfd*\xde\xf0\xd9\xd9H\
%%/\xc0\xecT\xd5\xfe\x1fy~\xafAe\x16^\
\x05\x1f\x0d\x1b\x91\x9a\xed\x9d\xa8\xd0H\xe8\x9a\x95\x82\xdd\
\x11\xc1d'\x88<\xd3\x99<\x18\xcd\xae\xc4\xc0:\xf8\
\xa3[?\x92S\xe8\xd0\x07\xd2\x10CWQN\xe1f\
t\xba%\xba\x19\x9cD\xe9\xaf\x84\xf7^n\xba\x97/\
}\x7f-\xb9\x11{\xac\xe8\xeb\xe2&b\xbb\xdb\x05/\
\xc2*\xeb\xa8\xbe\xca\xda\x7f\x94G7\xdbP\x98U\x0b\
\x19'\x14\xecsX\x99e\x99uT_f\xadf\x01\
f7\xd4\xa5>\x9b\x97\x9eg;\x98\xba\xa8\xca\xcb#\
\x0av\x09\xca\x01,\xb4\x8e\xea\x0b\xad\xff\xf3_w\xf5\
j\xb0\xf8C(\xb74\x8aMy\xc1!L\x80GY\
[\x1d\xd5\xd7V+.\xc7\xce\x0d\xccJ:J\xa6\x8c\
s\x92N\x13\xe6$\xa3,\xac\x8eF\x0c\xad\xd2B(\
`3E\xab\xbf|{\xe1\x8bc]uT_W=\
\xba\xbaU\xea\xce'\xaf\xbd\x97\x7f\x8b\xfbZ\xecV^\
\xcd\xe0\x88\xd5\xc2\x82\x9d\xa73f\xa7\xa7\xaf\xaf\xf6\x03\
8\xa5\xef\xfc\xfaA\x0a\xe0\xc6\xe2Nj,\x00\xab%\
\xca\xe2\xeah\xc4\x00\xd6i\xde}\xb2\x04r\xc3v\xea\
\xae\x18 \x16\xbc\xdb\xb4\x8a1\xca\xca\xea\xa8\xbe\xb2\xda\
\xdb>\xf6#\x0b\xb8\xc5\xd3-\x15X\xc05\x9e\xe6k\
\xcc\xde\xce\x84\xb2z\xd7{\xfec\xf4t\xd6=\xd8\x10\
\xf7\x9d\xe4\x82\x01\xb8l3%\x22O\x9b\xf0\xb8\xb1\xb0\
:\x1a111\xeb{\x0e\xa8\x11\xf9YS@\xe4\xa4\
*Q\xc7\xa6*Q\x84\xbd]$n\xe0\xd3\xf3\xb6\x8e\
\xdc\xb9\x0b\xe9\xd3S\xe3\xa7\x1d\x19\xf7\xa5~\x85R2\
\xeb\xc0\xa3\x11\x13\xd3Nj0YX)\xe3\xfbd\xb5\
\xf2\x04\xa2L\xd8y\x12e\xf9w\xd4\x80\xfc{\xfed\
p\xb3\xe2\xfbe\xe9\x9d(\xa7\x8a\x95\xac\xef\x9c\xc5g\
\xa2\x5ci\xc23\x11eg\x17\xbdg`7\xa0\x82\x87\
\xca\x90\xd6\x99;\xf2\x22bZg\x0a\xf4\x1a\xb3Z=\
\xaa\xafVwO_\x0c\x97\x0f\x81\x93\xa4\xd2\xa5\xbc\x1a\
\xc0AVR\xa3\x0e\xac\xa4(K\xd6\xa3\xfa\x92u\xd5\
\xbe\xf9\xb5\x02/rZ\xa9\xd5\x11v\x91\xc6\x8a\x10\xeb\
\xd5\xa3&\xf4\xeajG\xa7\x920\x08y^u\xbc7\
R\xd5\x94!\xd1\xab\xe6J\x10[\xb0f=j@\xb3\
\xfe\xe0\x95\xbb\xfc\xc2\xf7\x7f\xd2\xf0M\xba6-\x86A\
\xe9i\xb0\x94]^\xd4\x80\xcb[\xec_=\xe8\xf7\x9e\
\xb8\xef\xcf$\x9d\xd6L\xb1\xd0r$s\x1b3\x05\xfa\
\xee\xd8\xddEML6\xf10\x96\x7f\xb8\x93r;\x9e\
\xbaa\xb1zT_\xac\xee]\x5c\xfb\x7f@\x08\xe0\xbf\
o3E\x96\x01\xcc\xcc4\xe8V\xb0\xc3\xd3\x97\xaa\xbb\
\x97\xef\xfb\xbd\x1e\xf4\xf5J\xadz\xb6\xca]\xbdR\x9d\
\xbaz,U\x8fF\x93&R\xa6\xf7\xb3\xb8\xfa\xb4\x9d\
\xc5\xb1B\xa7M\xd7\x82\xa5\xeaQ}\xa9\xfa\xe8\xbe\x02\
Q\x11pX\x0d\xc9\xe2\x8a\xa1f\x06-f\x9f\xa7/\
Uwo\xd6\xdc\xe3\xefR\x85\xa2\xa3d\xearq\xa2\
C\xb5\x09V\xa8G\x0d(\xd4\xe7\xfev\x7f\xed#h\
/\x18A&\xd0\x1e::\x96\xa9G\x0d\xc8\xd4\x0f\x8f\
G\x1f>{\xbb\xcb\xa3#a\x9fE\xb6ZI\xe5Z\
2\x8f\xbcQ\xc95\xc0`\xf6q\xb1\x88\x89n\xde\xd7\
\x07p\xc4*\xb7k\x13\x1b\xa2\xd9\xc6\x13fW\xa7/\
\xab\x1f\x1d\xf4\x06\xb3\xab\xbc!\xabZ`\xa5^\xa3\x80\
_\x1c{\xbbX\xcc\x042dg\x87\xe8\x8bcd\x08\
\xe2\x17\x1b\x80_\x8c\xb2\xb0>\xaa/\xacw7\xd6\x94\
\xeb8\xfa\xb3/\xa6\xa8\x10\xbe\xe7h\xc8\x08\xc3f\x9d\
.1;:\x03\xda\xfa\xed\x1b\xef\xfb[&\xf5\xd4[\
\xcc\xe9\xa9\xe3\x95`?\xa7/\xacW\xb9\xf3\x97#O\
X#\xab\x06\xadZ\x8d,\xcd`\xc1\xf1\xb2\xa4>\xaa\
/\xa9\x1f^\xec\xb9;\xaf\xfctT\xdaT\xe8\x14\xab\
\x15\xb1G\x9av`\xe6\x91\x15\xf5\xd1\xb8\x01\xefv\xe9\
>\xa2\xad\x05\x99\xac\x8d\xf1C\x06\xc3J\xd6\xd2G\xf5\
\xb5\xf4\x83\x8b\xd7\xc3\xd5\xaf~\xd8\xf3\xe7[\xd6\xaa\xe5\
\xd4\xeat\xe9\x1d\xcb\xc1\x9b\x10g\xdf\x16\xd7\xf7mW\
sJ\xbf\xbbr\xe2\xbe~ \xe2\x9a:\xc5@q\x5c\
\x92\xcb>3\x9d\x02\xf8\x0b\x96\xfcG\x0dH\xfe\xb7V\
\x06\x8bK\x83\xd5W~\xd6\xfc'\x90\xce7u:\xa5\
66\xcb2\xe9\xca4P\xf4\xa3\xac\xf8\x8f\x1aP\xfc\
\xdf\xbcq\xe7.\x06+\x1f\xdc\xb9?\xf7\x84\xcc\x8c\x0b\
k~\xe8^j\x89\xc7\xdc\xa6cf\x1f\xa7/\xf9\x1f\
\xc7\xc1\xee\xa3\xf7\xfe\xd7\x07qp&\xd8Y \x06\xc2\
\x19\xc85\xe2\xec\xe3\xe2\x06\xb4*\x97\xde\xfe*\xa1Y\
\xb3\xc54\xf6g\xec4\x85>L)\x88\xeaS\x0aF\
\x9b\xd7\xee\xea:4\xf8\xfd\xab\x9cKAw\xbfBP\
\xac(\x13\x0a\xa2q\x03\xf4\x98/\xfd\xdeg(j\xdf\
\xf5\x9b\xc7\xfcJ\xb1\xac\xdd-QY\x9b\x19\x05Q}\
F\x81\xbb{8\xda:\xc7\x003;\x99M\xdf \x80\
E\x941\x05\xd1\x84\x09u\x8d\xb7\xfb\xd1][\x96\xe2\
\x09?k\xae`)\xbe\x0d^\x9a\x01\x05Q\x03\x80\x82\
\xa3k\xef\xc1y\xff\xfa\x95\xd0%\xaf\x05\x0b\xde\xaab\
\x8b\x9cJ\xf1\xcc%\x88\x1a\xe0\x12|\xbb\x1c>\xb8\x96\
\xc6\xd9\x0a\xa9`\xcb\x8d8\xcfV\xa8\xc2<\x1b\x03\x09\
\xa2\x09\x13\xb3)\xa3\xedy5\x1b-\x00\x9b:A]\
\xad\x9c\x95yM\x1d\xbb\x0c]\x19\xc6\x11D\x13&6\
\x1e{[\xfb0\xba\xfb{\xe3\xf1\x84\xf1\xddF\x87\xc6\
w\x99M\x10\xd5g\x13\xfc\xe7\xbf\xee\xce\x85\x7f3\x84\
\xb1\x09\x05\xc5\x92Mm\x02\xb49\xcah\x82\xa8\x014\
\xc1\xd1\x91\xf7\xf8)<\xc3\xa9Z\xb3U\xc3'8\xd5\
\xc4'\x98\x1d\x9d>\x97\xc0\xf5#\xe2\xab\x1f\xee\xc2\x07\
\xe1B\x143j\x1f\x848\xec\x0aA\x04\x13\x09\xa2\xfa\
D\x82\xc1\xfaK\xb5\x83n\xe9\xa7\xd4\xf6\xaa\xb7\x82\x1d\
t\x0e4\xbd\xeae\xca\xed\x19F\x10\xd5\x87\x11\xa8\x11\
\x84\xe3E\x88{\xfc\xb0\x12\xfb\xf9m\xa2\x81F\x99C\
\x10\xd5\xe7\x10(I\xff\x9bw\xa3O[\xd2\x8e\xd81\
\xd0-O\xb2\xa5B&\x0f\x8f\x1aS\x08\xa2I\x03\x1a\
6w\xee\xd3p\xf5L\x5c\x83\xf5O\xb7`E\x19?\
\x10\xd5\xc7\x0fx\x9bG\xfd\xabG\xa0\xd8\xae\x17\x83&\
(j\xb6\xeb\x0d\xd0lG\x19>\x10\xd5\x87\x0fx'\
\x1b~\xc6<\xbc\xfd\xf8gA\xc2\xff\xd42r5\x02\
\xdc1C\x07\xa2\xfa\xd0\x81\xe1\xd9\xc7\xe1\xed\x02q\xba\
S\xb5\x0a\xa6\x18\x85\x0a~k\xec\xd6\xf4\x91\x03j\xa5\
\xe6\xf2\xa6\xff\xa8y\xe7\xd7b\xb8\x93\xaa\xfa\x8fZ7\
+\x06<u\xf0\x15L\x1c\x88\x1a \x0e\xcc\xaf\x0f\xde\
\xaau\x84RR\xa4\x86-\x95\x1aL\xcc\x8aJ\x85\x06\
=\xbf\xec\xdc\x92\x06\x06.\x07\x9f^\x8d~=\x95\xd6\
H\x05\xb8\xf9\x96\xbcG\x0a:\xe0I\xf6n\xc9\xa4\x81\
}\x0f*\xb1\x9f\x90\x0b5'tj\x1b\xb4\x1e&\xc6\
|\x84\x98>\x1fa\xf4\xfa\xe1`\xe7\x91\xb7\xdd\x1b\xdd\
\x7f%M;\xfb\xfe\xb8[(vE\x97l;\xdd.\
\x98\x1cb\x93C\x06\xb6\xc4\xf4\xaf\x09\xd8\xa6\x82\xf6t\
\xaa\x88\x8f\xb0\x9d\x86G8v\xcfb\x9b\xf5w\x8c]\
=\x1f\xf4>\xba\xcb+\xd2\x86&\xff\x9b+)`\x0d\
\xacgj\x94\x0adr\x98M\xd6\x1f\xbe\xfcy\xe4~\
\xfd\x82\x8d\x98\xe0nP\x1f\x86\xb6\x80\xc6\xeeE\xd9b\
\xfd\xec\xe8\xdd\x8b\xe1\xf1)\x8e\x10\xd7J8B\x5c\x02\
\xff\x11cnF\xcc\x007\xe3\xcd\xbb\xe1\xedK?\xd7\
\x18<\xbd\x140h\xbf\xc7\x18\xa7\x8ab\x05>3\x05\
&\xc7\xd9\xe4\xb8\x89\xf50s\x9f\xbdg\xdb\xc3\xbf\xbe\
\xcaU\xaa|P\xa9\xf2/\x86HI\xc8\x97\xe8b$\
\xd8jC\xfb\xd1\xdc\x9dk\x89.~\xb7\x1fm\xbc%\
FD\xb8CT\x1c\xbb\x97d\x9b\xf5\xd5k\xcb\x97\xaa\
{K{\x08\xb2\xaa{K\x8b\x08ho^\x8c\x09\x1a\
1\x13\x04\x8d]\x9e[\xfb=J<ap-C\x83\
k1Fh\xc4\xf4\x11\x1a\xde\xee\xa6\xfb\xee\x16\xdc\xb6\
\x1dl\x0d&\x9fm\x13f5\xc6(\x8d\x98>J\xc3\
]\xda\x1c\xac\xfc\xa4\x0en\xb6\x98\xc6\x9e~:\x8d\x06\
G\xd8\xe0\x88\x81\xa2J\xff\xfa\x5c\xc2\x94\xa8G\x198\
%)\x98\xa2\x891B#\xa6\x8f\xd0p\x9f.\xb8\xa7\
\x1b\xde\xf3\x13!\xa0\xcf\xd6\x1bb\xf6\x91m\x80\xa1\xec\
<\xf4\xc9\x19j\x15\xd3\xde\x13\x88\x82\x02\x0a\xf3Lq\
B2:5Cq\x10\xd33b\xfa\xf4\x8c\xd1\xee\xd7\
\xc1\xe7uj#\xb5:E\xdc\xae\x82\xfb\xfdbLw\
\x88\xe9\xd3\x1d\xfe\xedg \xeb/\xdd'KR\xaf\xc0\
\xcf\xee\x0aY\xb9SP\x87\xcb\xcb\x98\x84\x98\x81\xbd\xed\
/\x9e\xba\xc7W0\xa1\x1d\xac6\xce\xf2.\xdb\xc2\x14\
\xccg\xc7\x98\x90\x103\xb0\xba\xbd\xf7b\xb0\xb23:\
\xb8\x15\x22\xb6J*\xd3\x12\xc7\x17+\x19\xb0\x94_1\
\x03T\x84\xe3\xa5\xc1\xcd\x8a\x8a\xe4\x9f-I\xa5\xc0J\
\xb6\x18D\xf2\xd2\x8dhW\x1at{\xf953\xb0\xb5\
}nQmY}t\xdf\xdb=\x91A\x0e3\xbe\xc1\
~(!Q\x1cfJ\xf0\xae1\xc5!\xa6OqP\
\x12\xf8\x9b\x1b\xf7\xfd\xacT\x9f\xc8\xa8\xa1V)\xe2\xc9\
\xb4\xc1T~\xcc,\x03\xc1\xf0\xa2{~\xe0m\xcey\
WW\xd2 \xb9\xff\x9a\xd9\xff\xe3\x88\x02\xc0F\x07\x9a\
\xcc1&8\xc4\xf4\x09\x0e\xde\xc2\xda\xe8\xc1\xf5\xf0\xf2\
\xc4;8\x12\x9c\x86*\x0f\xb7\xec\xd6\x8c\xfc@Le\
\xec\x19\xb0\x99\x03a}\x8cC\xff\xe7\xac\xb7M\xdc\xe5\
z\xb6:a\x17^\x1d\xe33\xa68\xc4\xc2&|\x86\
\xda9xt+\xf9\x0c\xb5\x02\x06(\x19\xb0\x02&\xc6\
\xfc\x86X\xd8\xc8\x0c\x98\x1f\xf0\xec~\xf4\xf6\x84\xa8=\
\x9b\xad\xfb_\x9c-v\xe82Y\x98z\x8f1\xb9!\
\xa6On\x18\xcd>\xf5\xb6V\xd4\xcb&tm3\xa9\
Z\xe5\xf7\xaeO\xb9s\x9b\xa9P:\xc7\xf0\x86\x98>\
\xbca\xb0\xa1v\xcaM(\x0e\x96q\xcdG\xa3\x8c\xb7\
\x98\xdd]\xd8\x04\xfa\xce;|\x22\x01\xe5\x03\xf4\x9d\x8a\
-!\xf6I\x83\xabclCL\x1f\xdb\xe0\x1e/z\
\x17\xb3\x10Y\xaa9\xbb,\x04\x96),\xfe0\xb1!\
\x166\xe1\xe7|\x93\xdd\x9d\xebA\xef\xa3\xe4\xea\x14I\
\xb7\x06{\x06\xf3d0{;}^\xc3\xf0\xdbK\xf7\
x\x1e\x0e\xb8\x9b\xaa:-8\xe0\xae\x83\x07\xcc\xbeN\
\x9f\xd5\xe0>~\xd3\xbfz\x04_\xdcL1\x00\xbc`\
5~\xa6\x81\xdf\x1c\xfb:}l\xc3h\xe7c\xbf\xd7\
\x83\xa4\xce\x7f\xcf|w\x87\x19]\xa7N\x19\x1ds\x1b\
b\xfa\xdc\x86\xe1\xe5{\xf7\xf5\x03\xa9\xac]n\x05\xe8\
;\xa8j\x97\xd1Z\xf6v\xfa\xd4\x06w\xee\xb3;\xf7\
\x00.E\xfen\xbb5]\x8a<\x8d\xab\xc5\x98\xda\x10\
\xd3\xa76\x0c\x97\x0f\x95\xdc]\xfe\xf0\xea\xc1\x9c(N\
!\xd4m\xfa\xf6\x18\xdc\x103\x02n`\x8dA[\xb5\
E\xf1\x90\xdbu<d\xf6v\xfa\xe0\x86\xfe\xf5\x8e7\
\xb7\x00\x8a\xec\x5ck\xaa\x88j\xec\xdc\x14\xa8\xb1c\x0c\
n\x88\xe9\x83\x1b\xfc\x08\xd3=^\xe5\xad\xd6\x85\x1a\xea\
\x9a\x0b\x05\xbc\x14\xec\xf1\x22&\x16f\xf6\xaf\xd7\xfdx\
SZ\xfb\xaa\xd4S~\xaa\x94\xc9\xca[_\x9bN\x86\
Lf\x9f\xa7Om\xf0s\x0fU\xd5\x961:\xfec\
\x1c\x10\x05\x09\xa4S\xcf\x00H'\xc6\xe4\x86\x98>\xb9\
\xc1]\xfe\xe4m\xed\xc3\x1aJ?\x98\xef\x04\x8bH`\
\x0fe\xbbCI\x08\x03\x1cb\x06\x00\x0e\xcb/\xdc\xeb\
\xb7$\xd2\xaf9\xf8\xbe\xa51\xb6`~CL\x9f\xdf\
\xe0'x\x8f^\xf9\x7f\x84\xb1\x84R\xd1\xf7z2w\
\xbbD\xa6\xb2\xc73@mX\xf8\xe0\xae\x91\xc6\xc7.\
\x96\xf8%\xb6K\xf4\x123\xb0!\xa6\x0fl\xf0\x16?\
+b\x9c<\xe3\xea\x04\xfd\x18\x9cou\xba0\xdf\x1a\
cbC,jb\xe8\xd9\xbb\xbf'\xc1R\x0b\xa9b\
\xa3(BR\x0b\x8d2X\xcanN\x9f\xd20v\xcc\
<\xceX\xc7\xa6b\xbb\x8e_\x1a\xbb\xb9\xa8\x81\x0a\xe6\
\x99\x02\x84o|s\x0fO\xc5\x80-\x93\xca\x04\xb4F\
\x99!\x98\xcfd\xa0\x88\xc9\xc8\x86\x98>\xb2\xc1[\xff\
0\xd8\xfe\xa9\x061g\xff\x1c]\xaa\xf8\xff\xab\xc0n\
YE\x95\xc9@q\x9b\x89\x0d\xb1\xa8\x89\xc6\xbe\x7f+\
\xc6\xfcQ\xb9\xb1\xaf\xee\x05|v\xddr\x89>;\xf6\
t\xfa\xc8\x06?[\x1a\xde~\x94\xb6\x84\xf9\xce-S\
\x84\x05a\x1d\x18}\x8e1\xab!\x165\x81(\xf2\x9e\
\xcf\xc3\xe0D9Ul\xab\xcc\x0e\xa6&\xcam\x9a\x9a\
`ZCL\x9f\xd60\x5c\xfakp\xf0L\xd1\xd7\x84\
=4\x95T\xadQ\x18\x0f\xc3\xc36\x9aJ#CV\
\xb3\xbf3@l\x98{\xecm\xad\x00z\xa4\x9cU\xd5\
AD\x8f\x94+\x80\x1e\x891\xb9!f\x80\xdcp~\
:x\xb2\x8f\xf0\xce\xbb\xa1\x09\xa2w\xa2\x97fvC\
\xcc\x00\xbba\xfb\x98\xf7\x8fN\xb7&\xad\x1f\x9d\xc6!\
\x04\x867\xc4\xf4\xe1\x0d\xfd\xdb\x83\xe1\xc5{\xaa\xad(\
\xae+O\x0dv\xbaT\xad`\x16BL\x9f\x85\xe0\xe7\
J\x0a\x91*\x9b\xac\xf4\xd9\x13\xf6\xd2fl4\x99\xfd\
H\xcc\x04\xe7\xce}?;z\xfd\x10\xb4u6k\xeb\
\xe0Yf\x18BL\x1f\x86\xf0\xdf\xff\xeb\xff\xf6\xb6{\
\xee\xf1\x9f\x0b\xce\x9bSvp#\xa4P^\xfd\x06\xc1\
\x10\x83\x10b\xfa \x04\xb7\xa7\xb6\xa5@h\x5c\x0e\x96\
\xa5`h\x5c\xcePh\xcc8\x84\x98>\x0eA\x15\xb8\
wv`\xffZ\xbeU\x0b\x02\xb7I\x1b\xd8\xf2\x0d\xd8\
\xc0\x16c4B,nb\xc8\xd8;_\xa4\xb4\xa96\
6\x173\xa7\x19z\xe1\x18\x8f\x10\x8b[&\x06\xf0\xce\
\xf6a\xc9yf<\x97\x19\xe4\xfe\xb0\xe7<S\x82=\
\xe71F%\xc4\xf4Q\x09J\x86\xf9\xe0=\x5c\x91N\
1\xdd\x9at=:i\xbc\x1e\xecL\xe2\x066d\x5c\
\xf4\xaf^ l\xa9\x9aw\xa8\xdd\xd4\xc1\x8a\x05S\x12\
bq\x13\x9c\xd7\xe1\xc9\x0b\x98\xe6\xce\xfc^\x9cB\x03\
\xdd\x99)\x1a\xe8fNB\xcc\x00'\xe1\xa0\xc7\x803\
5\x00;\x01q\xd6h\xe37\xc8\xfe/\x1e7\xb3\xa9\
fp\xb3\xe2'\x7f\xb8\xa9\xa6\x92\x95\xd7ztK4\
\xd8\xc4\xa8\x84\x98>*a\xb0\xfa\xca\xb7y\xf4\xe4\xf5\
`\xedB\xb0\xb9\x15\xd8\x9c\x1fO\x14\x8aV\xe7\xe9\x13\
dg\xa8\x0fL\x18\xbc]u\x7f\xf6\x14\xa7V\x00\x03\
\xe5\x02\xa3\xfd\xb8\xb9\x01A3\xcd61x \xa6\x0f\
\x1ep\x8f\x1e\xf3\xb63\xff\x1a\xe3\xae\xb3\x1c\x01\xdab\
L\x1e\x88\xe9\x93\x07\x94\x13\xbc\xf8:\xc1\x09\xaa]\x08\
\xff|8\x9a\x01\x041}\x00\x81\xfb\xe3Vm\x0f?\
^\x95>\xc0`.D\xbdv\x85\x1a\x90\x08\xf2\x99\x02\
|\x82,\xec\x8f%Lts|\xaba\xe9\x84\xef\xb1\
3\xb5\xbb\xfdVrC'C\xe1(\xcb\xfac\xfa\xb2\
\xfe~\xef\xd6]\xf8 \xb1\x1e\xd4\x90\xa9x\xbc\x8eM\
\xa7\xcb\x8f\xb2\xbe\xa8\xbf\xffc\xc3\xfb\xfas\xb0-\xcd\
\x01\xa4j~\x98\x9f\x96\x97\x9d\x01\xcf(\xc6z\xfeX\
\xc2\x08y[m\xc0\xdb\x1f,~ \x8d\xa6\xef\xaa\xdb\
-Y\xa5\x09\x83\x90\xac\xeb\x8f\xe9\xeb\xfa\xff\xf3\xdf\xe1\
\xed\xae\x9fG\x09\xed\x10U\x1c\xea\xca\x0c\xc7\xa6\x03\xea\
A\x16\xf4\xc7\xf4\x05\xfdj\x84\xb7\xf7\xc2\x9d[\x1cl\
|\xfb\xb3\xaa\xa5\x18b\xe3GB^\xb2Tq\xf2p\
\x81Y\xd5\x1fK\x1a\xd9\x07\xfd\xf0\xbe;\x7f\x22e\xd5\
\xa5b9\x05\x13\x85%\xe81\xb0\x9e?\xa6\xaf\xe7\xf7\
\xef\xc2\xe0\xfdc\xc2\xd2\xfa\x87\x1b\x84\x9a\x88\xa6\x9d\x22\
\xb7\xc1\xca\xfe\x98\xbe\xb2_\x91U\x16\xd6 >\x1e\x93\
U&F\xc8\x0d\x8c\x90Y\xdc\x1fK\x9a\x18\xd2\x1b\x1d\
\xdc\xb8\xbb\xe2\x90^\xbe\x95\x81{\x81\x97\x98}\x9c\xbe\
\xbe\x7f0\xb7\xd4\xbfz\xe4\xff-98U\x95\xbdK\
N\xf3b\xb7\x0c\xf4\x14,\xf0\x8f\xe9\x0b\xfc\x15*\xf3\
\xe21\xa32'\xb1\xad\xd28,\xc4\x0a\xff\x98\xbe\xc2\
\x7f\xd0{\xedmn\x0eo_\x8e6f\xc5\xb543\
\xc1b\xa5\x86\xc8\xb1.\xcc\xd8\x10\x16\xb3\xc8?\x96L\
\x98\xe8\xfe\x1f\xbf\xa4c\xae5x\xc0;Mczq\
\x16\xcd\xc7\xef\x99\x80\xc2x\x0f?\x0f\x1f\x5cK\x9d\x91\
\xf6\x18\xea\xa8XW\xd0\x19i\x97\xaa\x0eX\x1db\xab\
\x0dd\x1fG\x83\xf5\x97~x!\xa8\xf0\xea\xadbI\
L\xeeR\xf5\x12\x98j\xb1\xa9\x96\x89\x86\xfa\xe7Ch\
\xe2\x14R\xc5\xf1jL\xb9\x89S\xe8@\x13'\xcer\
\xf9\xf8\xbd\xb0\xa1\x15\xb5W\xcf%t\xe6\xef\xc4\xbf\xa1\
B\xcd\x9a\x98C7\xd2`t\x94\x8d\x8e\x1a\xd8\xa4\xe3\
\x9b\x0b_\x9e\x7f\xc8i\xc6Cw\xd2\xf8\xe9\xc5\xd8b\
\xfde\x08\x8b'\xaa\x91C\xe3,w\x004JI;\
hs\x9cm\xd6O?~m\xfa6\x83N(\xc8\xea\
\xd4\xd2\x22P\x0auI)\x14g\xc9|\x5c_2\xaf\
V\x00\xa3\xeb\x0b\x22\xe4I\xce\x0f'e\xe3\xac\x99\x8f\
\xebk\xe6\xdd7\x1f\x86\xdf\xd6\xbc\xbd5\xef\xf9\xb68\
a8U\x9cJ\x91\xfe\xb195%w\xa0\xe2,?\
\x8f\x1b\x90\x9f\xdf\xdfS)\xc9\xafW\xee\xc7?\xa7\x22\
\x1bju\xd1\x94\x0a\x8adlt\xa32U\x01\x9b\xf9\
\xad\x0b\x85M4\x1a\xb6\x9ez\x9bG\x83\x9d\x1d\xb1\x98\
\xec\x14\xebE\x1a\xc9\xc98\x80=\x8f\xb3\x06=\xae\xaf\
A\x1f,\xbesW\xa8\xc9^iM\x9a\xfb\xae\xe0m\
f)z\x5c_\x8a>\xd8\xfe\xd9\xef\xad#\x9d[\x85\
\x17hr\x86M\xe6\xd7Y_\x94\xee\xfdx\xae\x88X\
\xdb\xd7\xa3\xa7\xdf\x85(\xbf\xaa:O\x0a\x82.\x12\xb1\
\xd2\xf0\xce\xb1 =\x1e2\xd2\xaf\xfe\xfa\xc57ZJ\
\xa0T\xb3\xbaJ\x1b\x11\xed*\x98\xcb\xcfr\xc8\x00\xec\
\xf1\xf1\xe8\xaf\xb7\xee\xda\xa3\xd1\xc1\x9f\x07\xec;\x90\xf4\
\xb8t\x11l\xb5\x92\x92\xeb4\x0c\x97\xc5C\xfc.\x87\
\x0c\xd4\x87F\xbd\xb7\xc3\xef\x87B}\xa8\x92*\xce\xc8\
\x0c\xaf\x8a\xdcT\x88[\x1c#[!\x03\xc5\xb7\xfe\xd5\
}\xef\xf9\xbc\xbb\xf4\x5c*\xbe9jPK\xe6U\x94\
\x1c\x00\x96\xc6Y\xf3\x1f7\xa0\xf9_\xfc\xd0\xef\xbdS\
\x83{\xd7\x7f\xb6A\xda-E\x82\xf0\xed\xb6E\x1d}\
{\xaa\x04.\x8f%\xffq}\xc9\xbf{\xba\xea^\xbc\
\xc3\xa83UkL\xe0\xa4u0\xe5c\xf1\x7f\x5c_\
\xfc\xaf2\x92\x8b\xc7\x83\x95\xc7\xe2&\xf9T\x80\x98\x17\
\x0b\x17N\x1b\xace\xd7\xa1\xaf\xfb\x1f^>P\xec.\
*\xc1e\xed\x09\x03e\x8e\x8d\x07\xcc\xae\xc32\xc0\x08\
\x1e\xddlK=\x1b\xff\xa5\xa5f\x8d\xff\x13<g\xac\
\xfb\x8f\x9b\xd0\xfd\xdfwo\x1f\xb8\xaf\xfe\x12\xfa\x1e~\
$\xdf\x94o\x82\xd3i\x82\xad\xec0\xf4\x15\xff\x83\xc5\
\x1f\xbe\xb9P\xd7lf\x03\xda\xae\xbc\xe4\xde\x81\x82f\
\x9c\xd5\xfeq}\xb5\xbf{t\xed.|`\x08\xa8\x8d\
\x0cPR\xba\xc5Y\xeb\x1f\xd7\xd7\xfa\xab\xc9\xf49\xe2\
\x03\xab&B\x90+\x81\xcd\x99<\xda\xccN.l\xa2\
\x9b0\x5c{ \xe1\x98\xd4\xb6\xd9VQ\xf6o\xc1\x9e\
Z\xb0\x96\x1d\x9c\xbe\xde\x7f0\xff\xcc=\xd8\xea\xff8\
\x179\x84\xa9\xe0s\xab\xb7d\x0ea\xb3\x0ew\x98\xb5\
\xfeq}\xad\xffh\xe7\xef\xd1\xfeg\xf4o\xfek\xd6\
\x9cPW!\x0eh\x9c\xd5\xfeq}\xb5\xbf\xff\xd1y\
\xa7\xebXW\xa9L(\xaaT\xd0`vq\xfaz\x7f\
\xdf\x15\xb3L\xa8=Y&\xd4&\x99P\x9c%\xffq\
}\xc9\xff\x18@\xc8\xb3\x90\xc1\x10\xf2\x84I\xc8\x0e\x8c\
\xba\xc5Y\xf7\x1f7\xa0\xfb_\xff6|t\x06\x1e\xa4\
\x1c\xbc\x16\xe4C\xca\x05\xf2!\xac\xfc\x8f\xeb+\xff\x95\
\x96e\xffv\xf8\xedo\xa9<?\xd6\xb2\xb4\x82\x0b\x02\
\xf5\xf9n\xb9Kf\xb3\xeb\xd3\x17\xff\xbb\x7f?\xf1\xfe\
^U\x0e\xe5\xfaL\xa0\xe3;\xc5@l!'vu\
\x07\xc4\x16q\x96\xd3\xc7M\xc8\xe9\x17}7\x02\xde/\
\xf0|\xfe\xed\x00\xe7\x97'\x15r\x9c\xd5\xf4q}5\
\xbd\xfb\xf0\xfe\xf0\xe0\x00v\x10\x94\x8aA\x8f\x17\x94\xde\
%\xbc\xce,\xa6\x8f\xeb\x8b\xe9\xdd\x93\xa5\xc1\xdc\xd2\xe8\
\xc9k\xef\xe5\xdf\xc2\xa0[\xd02U\xd3yy\xb1~\
\x9c+\xe4\xf3`4?\xcf\xfa\xf2to\xf7\xbd\xf7r\
S\x1a\xcd\xab\xb4l\x1a\xcb\xab@\xfb1\xce\xba\xf4\xb8\
\xbe.\xbd\xffs\xdb\xdd\xdb\xe1t4\x880\xfe\xb1\xb7\
f]z\x5c_\x97\xee\xee?\xf0\x9e\x9fH\xd0<\xa5\
7\x95\xa1y\xa9\x06\xe4J\xacF\x8fG\x0c\xbc\xc5\xcf\
U^'\x13\xe7\x1b\x85@\xa4G\xcc\xf9\x86\xdd\xa0\xef\
\x8d\xdfa\x03b\xf4\x9dk\xff]\xc3\xd6G-x\xd7\
\xb0\xf3\x91\xa7\x0b\xc1\xa2\xe9\xb8\x01\xd1\xf4\xd6\xbc;w\
1\x89=\xdf\x99\x90\xf27\xb0/\xc6\xb2\xe9\xb8\x01\xd9\
\xf4\xe9\x95\x1aK\x87*Em<\xa9\x89e\x8a\x0c\xda\
\xcc\xef\x9a\x01=\xf2\xd1\xd1\xf0\xdb\x8e\xdb\xbb\x14\x9a\xe8\
\x8dT\xb0\xc1F\xfc\xf6\xca`+?l\x06T\xc8\xa7\
W\xfe\xa5\x80v\x983n;\xe6\xb9!\xe6t\xa8!\
\xc6J\xe4\xb8\xbe\x12\xd9]\xde\xe4\xab\x5cMU']\
\xe4*_d~\xe4\xf4\x85\xc8\xde\xb7m\xf7!]d\
\x15\xd2O\xb8\xc7\xdd*\x9a\xcc\x8f\x5c\xd4@I\xde}\
\xf3a\xb4='\x94\xdb\x9a\xc1\xe4\xbcXnkB\xc4\
\xc6:\xe4\xb8\xbe\x0e\xd9\x9d\x7f\xe3^\xbf\x9e \x8f\x9d\
t#rx#X\x85\x1c\xd7W!\x8f\xa7A\xdc\x9f\
=\xef\xd13\x9c\x06Q\x7f5\xe5\xa6\x7f\x09\xc4\x9bq\
\x16\x22\xc7\xf5\x85\xc8\x8aI\xb7\xba\xee=^\xf4N6\
\xa4\xeeG.e\xa7\xd2\x22\x92.g\xc3\xf8\x0a\x8b\x90\
\xe3\x06D\xc8g\xf3\xde\x05\xe9\x83\x0aj\xa4\x09\xa1\x8a\
\x85\x12\xde\x0bv\x1f\xfa\x0b\xd9\x87O\xf7F?w\x88\
\x7f\x9d\xaafx\x8d*I@\xe2,A\x8e\x1bX\xc7\
\xaeV.\x9fQ`\xd1\xaaM\xea$4\xb0\x93\xc0\x12\
\xe4\xb8\x81u\xecs\x0b\xa3\x8d\xc7\xb0\xc2O\xc5\xf3\xea\
\xcd\xc0-~\x9d\x1cl\xf1\x8b\xb3\x109\xae/D\xf6\
\x83No\xf6\x03\x07\x9dY\xa6\xd2e\xf1\x94\xd9\x81\xe8\
k\x91\xbd\xed\xe3\xe1\xe5\x89\xc4\xfd\x9bn\xd9-\x80\xfe\
M\xdb\xf0\xac\xb1\x967\xae\xaf\xe5\x1d\xec\xee\x0f\xdf=\
\x94LU\xbe\xd9\xcf>\xc0\xdan\x83\xac\xe5G\xd8\x80\
\x8a\xf7W\x10\xff\xac.I\x19\xd3\xefi\xb1|\xa9U\
\x15s\xa6n\x07X!q\xd6\xf0\xc6\xf55\xbcj\xad\
\xe3\xaf-*\x12\xa6\xc6\x82\xab\x7f^&d\x0do\xdc\
\x80\x86\xf7\xf6\xd3\xb8\xde\xe6\xbd>\x91\xe0\x95\xc5q\xc5\
\xad)\xaa\xe9\x9d\x0c\xdd\x0dv\x1fq\x03\xf3\x9a\xf3L\
\x11nO\x82\x08\xb7\x09\x22\x1cg9l<n@y\
57\xbc\xdd\x1d=\xfd.m\x7f-\x15\x83\xb1+\xa7\
X\x95W\xc0\x96\x1c\x07\x1aN,\x87\x8d\xc7M\x94\x8f\
\xbd\xed\xfd\xd1\xa7-\x09\xe8\x15|\x80c\x01\x8bZU\
!}\x81SyH\xf6X\x0e\x1b7\xb2?\xdc\xdd#\
E\xfa\x9dt\x101z]b \xc7y{x<q\
\xcf\x04@\xff\xcd'o\xe1\xd2}\xf3\x5c\x02\xe8\xab\xe2\
f[\xde\x0e\x9c+\xc0\x5c\x05\x0bb\xe3\x06Vq\xaf\
\x9e\x0c>=v\xe7\x1e\x0bd![\xe6\xbc\x95m\xb8\
\x0d\xac\x82\x8d\x1bP\xc1\xce\x9f\x8cn\xb6\xe1\xa1(\xa7\
\x82\xb2\x1b=\x15e\x0c\xdbX\x02\x1bO\x18 \x14\xcc\
\x8f\xe6\x97\x06\xfb\xe7R7\xcfV\xab5\xa4g\x8d*\
\xc6,|\x8d\xeb\x0b_\xfd\xf7\xcc=\xdes\xcf\xce\xa4\
%\xbbN06\xaf\xd4L\xf2>1'\xdd\xe8\x80\xcd\
\xfc\x12\x1bXl\xbd\xbc\xe2\xf5\xd6\x00e\xaazx\xfe\
K\x8c(\xd3\x82\x03(\xd38Ka\xe3\x06\xa4\xb0?\
\xbe\xa8\xee\xbf\xdc\xab\xb1[\x8e\xf2\x1d\x0e\xac\xa6\xa4\x90\
\x82\x85\xb0q}!\xac\x9a&\xfd\xd9\x1b.\xf6d\x9d\
\xa6\xb2\x17\x84\x9a`-Ka\xe3\x06\xa4\xb0\xeb/\xdd\
\xd3\x8d\xc1\xe2\x0fi\x17w\xb6\xde\x94\x9e\xb3z\x16\xe2\
\x1e\xd6\xbf\xc6\xf5\xf5\xaf\xbeg\xf3v7\xfb\xbd\x0dI\
\xbd\xa4\xceU\xedik\xb7d\x09S\xc9n\x83sc\
\x19l\x5c_\x06\xeb\xe7\x1b\xee\xf1\xbc\xda\x08{\xfc\xe7\
\xe5m\x06\xa8q\xf5wGl\xd64\x9d&<\x12\xac\
\x82\x8d\xeb\xab`\x07\xd7\x9b\xde\xe7C\x08\xe3\xed`B\
\x81\x82x\xbbC_\x1c\x8bJ\xe3\xfa\xa2RU\xe3~\
\xb2\xe4m\xf7\xfc\x97M\xacq\x17\xb2\xddB\xb1,'\
xN\xa1\x0b\xce\x99e\xa5q}Y\xa9\x12\x89m\xd1\
\xccX\xb0B\x8az\xe6\x0d\x8c\xd3XT\x1a7 *\
\xfd\xfcY\xcd<.\xec\x88\xf0 ?O\x0a$*y\
\x19\x1d\xe4L\xd1\xbd`\xd7a@Sz\xb5\xe7}~\
\xe7\x9d^Hcn\x99b\xad\xd5(\xd0\xa0[\xa6\x06\
b\xe38\xaf\x8f\x8e\x1bX\x1f\xbdr2PSy\xa7\
\xee#\xd1AWg\xfct\xa9X\x15\xb9\x0f\x85\x19\x18\
3N\xb0\x0e6\xa1\xaf\x83U-\x84\x03Z\xcd\xd4\x0c\
\xb0\xbc,Qi\xd2 w\x82U\xb0\x09\x03*\xd8\x9b\
c\xee\xee\x06<\xa9\x09\xdd\xddv\x1em\xb6\xd8f\xfd\
\xee\xee\xc5GU\xea\x96g\xddTj\xe7\xdfe\x1cv\
+\x14`\xd8-\xc1z\xd8\x84\xbe\x1e\xd6][t\x8f\
W\xe1\x9cK\xc5\xc2\x84\x04\xa4T\xc0S\x8e\xb2\xc5\x06\
\x12\x90S\xde\x0d\x92\xcbN\xde\x0d\x92s\xd0\xe6\x18\xdb\
\x1c3\x10\xd5\x8f6\x1ec\x07$\x95\x9b@\xda(\xe4\
\xd0\xe48\x9b\x1c7\xb0\x8cy\xb4u\xe1\xa7P\xc3\x83\
%y\x19\xb3S\x1c\xd7\x84D\x9f\x8dE\xa1\x04KK\
\x13\xfa\xd2\xd2A\xef\xb5\xfb\x9a\x12\xea1Wa\xc2\xbb\
Q  d\x22\xc4\xefsH\xff}>;S\x03\x16\
\xdf>I\x8c&\x95\xa1\x06(\xac\xac\xac\xad \x10V\
\x82\x97H'\xf4\x97H\x8f\x1e\xac\xf7\xaf\xbe\x0c\x8fo\
\x86\xc7\x07b\xb9~\x8c\xc1j\x14\xa0\x90\xd5\x85=\x9b\
\x09\x16\xf1&\x0c\x88xg?x\xcb\x97p;\x14\xd9\
\x1b\xeb\xb2\xd9\x12\xde\x0c~\x9d\xf5\x15\xbc\xc3\xcb\x93\xc1\
\xb39\xdc\xc3\x1b\xec\x0f\xa6F\xe4T\x99\x8e\x98_g\
\x03\x8b\x99/\xe6\x15\xfbV^e:5\xe6\xb9\xd1*\
\xd3\xa9\x0c\xe0\xfe\x12\xac\x86M\xe8\xabaU5\xe0\xc9\
\x92TEV\xcb\x1e\xb3eX\x9fW(\x83\xad\xfc*\
\x1bX\xcc\xfc\xf3o\xff\xb5\x18>\xf8\xee\xee<b>\
\x8fB\xd4W\x89\xd0S\xaa\x82\xdd\x09\xb6;a`8\
\xd6;<\x1e\xdc\xac\x08\x93\xb1\x8d,\xc8\xe6s\x8d\x0a\
\x98\xca.$\x944\xa1\x9a\x7f\xfec\xbchAT\xcd\
\xe7Rw\xaf\x9bx329HV\x13\xbc\x00;\xa1\
\xbf\x00\xdb;\xf8\xcb]]\x1f\x1c\x1d\x09]\xe9b.\
\xa5\xfa\xe9\xe2\xe2\x8d\x5c\x07\x8ce\xef\xa1/\xdfu\xe7\
O\x86+g\xc3\xc7gb\xcd;\x90\x9e\x8b\xbb\xe8\x00\
\xb1\x91`\xe5nB_\xb9\xfb\x9f\xff*Ow(\x8d\
`\x05\xb7\xa0K0,\xff\xf7.\xd8\xcb>\xc32\xd1\
SP\x97\xf7\xeb\x8d{\xf2P:\xdf\xbb&S5_\
\x11;\xa6\xdd\x12|t\xac\xdbM\x18X\xda\xfddi\
\xf8\x80F\xf3\xeeP\x8a\x18\xb5a\x86\xca\xe2\xdd\x84\xbe\
xw\xd0;wO7p\x002[\xc7\xe9\xc7,\xda\
\xcbnN_\xb9\xabP [+P\xa5w\x02\xe9\x18\
\x95\xe9\x9d\x8aC_\x1e;;}\x01\xef\xe8\xd3V\xbf\
\xb7\xe8\x9d\xae\x0f\x16\xfe\xbc\xc9yE\x04\xcd\xaa[\x0c\
\x98\xf4|\xb7\x92\x06\xa3\xd9\xd3\xe9+y\x87\x17{\xc3\
\xbfN\x00:\x96\xce\x16\xcb\xd9\xea\x04\xe6X\xba\x5c\xa5\
\x93f\x9f\xa7/\xe7\xf5\xb6\xf6\x07\xd7\xeb\xee\xf1\xbc\x94\
\x81\xa89\x16\xa5\xd4sZb\x06\xd2i;\x90\x81\xb0\
\xa27\xa1\xaf\xe8u\xd7\x96G;\xcf\x08\x14S\x1c\xf3\
5\x10\x15CS\xe9\x09V\xf4&\xf4\x15\xbd\xc3\xc3g\
\xee\xda\x12\x84\xf3\xe3>\x03D\xf3N\x93\xa2y\x16\xf5\
&\xf4E\xbd\xde\xc9\xc6h\xff\xdc}\xfcd\xf8\xe8\xf3\
\x9f\x97Y\xf9i;[$\xb0\xa2MG\xcc\xdeO_\
\xd4\xeb\xfe\xf2\xdf\x8c\x17\xde\xb3S\xa9\xd10\x9en\xf2\
\x93\x0fh4\x14\x1c\x10\x00$X#\x9b0\xb0\x13{\
m\xa9\x7f\x85\xf5Y\xdf\xd4\x09\xfc\xfcf\x1bo2;\
\x13}\x8dl@\xa4[\xf5\xceE\x1c]\x10\x15I\xb1\
q\xa7\x00\x01\x11+c\x13\x06\x94\xb1\x8f\xcf\x06?/\
\xa4i\x10\x15g\xb6\xb3\xf2@\x88\xd3\xa6\xab\xc0\xdeC\
_\x13;\x9a}\xca\xf3\xa5\x99\xd4\x84\xf9\xd2\x0cF\x15\
\xac\x86M\x18P\xc3\xfez\xe5\x1e\x7f\xf7\xaeN\xa42\
a\xb70\x1e\x9f\xcf\xdf\xf1\xfe\xe4\xad\x04\x90\x81\xf0:\
\xec\x84\xfe:l%\x87\xfd\xb9\xcf\x05\xd9\xe6\x84\xbaw\
\x81\xc4\x84\x09\x16\xf1&\xf4E\xbc\xc3w\x0f\xfd\x90\x02\
\xb5c\xc5Ie\xef\x06\x96\xbdY\xc4\x9b\xd0\x17\xf1\x0e\
n7F?\xbe\x8c\x9e\xbc\x97\x1a\x92AJj\xb7\xda\
2\x13\xa2c\xb7!\x10b\x11oB_\xc4\xeb\x9d\x9f\
\xba[\xd4vj\xa6T\xcf\x17_b,\x11\xb2\x827\
\x111\xe1<\xd4\x1c\xb2\x10\xb75\xeff\x90\xc5\xa8\xad\
\xd9\x81\xa0\x8d5\xbc\x09}\x0d\xaf\xff\x14\x0fg)g\
R\xafq\x80\x06\xfd\xa7\xc4\xa3\x04\x8bx\x13\xfa\x22\xde\
\xc1\xce\x9awq4z\xda\x93t\x0aN\x80\xed\x9an\
\x89\x1a\x05\xa74\x0d\xfe\x8e\xb5\xbc\x09}-\xaf\x9f6\
y\xcfO\xfc<\xc4OO\xa5\xb4\xa9Q\xf4\xd3\x90l\
]\x5c\xe2\x95\xce\x82\xc1\xecC\x0c(y\xdf\xcf\xfa\x09\
\x88\xb7\xdd\xf3\xb3&Z\x85\xdd-\x14\xab2\xa8\xb2\xdd\
\xe9BE\x93wK'\xf4wK\xab\x01\xef\x9b\x1bw\
\xe1\x830c\x9aI\xd9\xf2n7\x1b\x0ce\xbf\xa1\xbf\
Yz\xd4{\xeb\xbd\xfa58;\x97&\xc8*\xa9b\
>[)\x8a3d\x95|\xa5\x09\xf6\xb2\xd3\xd0\xd7H\
\xfb!\x90\xff\xc7\x9d{/\xc5?\xfe\x1f\xc0\xaed2\
3`,\xfb\x0b}m\xf4\xe0\xc5\xf1h\xebvx\xf2\
\xe7$\xe1\xb4\xff\x92\x89\xf4\xf6\xe9\x14]Wv\x13\xfa\
\x82h\xd5\xf7Z>\x84\xbeL\xc9\x7f\x0e\x82\xa2\xa0\xdc\
\x97)\xd5\xa9/\xc3\xba\xe8D\xd4D_fp\xb32\
|\xb4'\xf5e*\xd9\xa2\xbc\xafD\xfd\x06\xaf.\xeb\
\xa1\x13&63/z\xdb\xcf\x95LExu\x1b\xa9\
j\xa1\x15\xc8Tf\xc4y\xb1\x02^^v\x14\xfaz\
h\xf7\xd1\xce`g\xa7\x7f\xfdTZvl\x8f\xc9\xc0\
\xcd\xa2\xb8\xeb\xd8n4!<c9tB_\x0e\xed\
]\xcc\xfaW\x02\x0a(\xfe-\xaedI\x97Y\xaaP\
\x01\x85E\xd1\x09}Q\xb4\xef\xd7\xdc\xab9\xc9\x11w\
\x82\x0d\xc7\xad\x94\xec\x89;\x0dp\xc4,\x87N\xe8\xcb\
\xa1\x07\xf7wF\xf7_\xc0,\xac\x0a\xcfTH\xc9\xd3\
\xb0N\x13\xa6a\x13,\x87N\x18\xd8\xcb\xac\xa8%\xa7\
\x00\x83\xf5\x13#5\x5c\x838\xd8F\x0ep\xb0\x09\x96\
D'\xf4%\xd1\xfd\x9f\x8fF\x87/U\x1fL\x08\xdc\
\x95\x84;\xab\xb6\x05\x89\x91{)W\x86\xd0\x9d\xf72\
'\xf4\xf72\x0fv\xb6\x94TE\x9e9\xf6}\x9a=\
A98mS\xff\x80U\xdc\x09}\x15\xf7\xe8\xc9;\
\xffxi\xb6\xadU\xcd`.W\xc2\xfa0\xab\xb8\x13\
\xfa*\xee\xfe\xafW\xc3\xc5\x1e<o\xc1\xf0\xaeC\xef\
\xdb\x94\x83\xef\x1b{=\x03\x22\xee\xf5\xf7\xee\x9bw\x83\
\x8d}I\xcb\xd6\xca\xa4\x88.\xdf\xcd@D\xc1\xea\xed\
\x84\xbez{\xf0\xf3\xd6\xed]\xfa\xd6J/\x85\xfd?\
\xe5`|\x22\x1b\xd0\xd0$\x9fWn\xd0S\xc1>O\
_\xc1\xad\x16\xcd\xf5^\xa3\xcf\xe3+Q\xc2+\xc1\xab\
\xa4\x13\xfa\xab\xa4Go\xb7\xd5\x88\x0as\xba\xc6+\xa4\
\xfe)7:\xc1\xda\xf3\x84\xbe\xf6\xbc\xffk\x7f\xf4\xe2\
!\x8f\x1bO\x12\xe2\xb5\xb1.\xc1\x02\xf4D\xdc2\x82\
\x86qw\x0f\x01\x0dC_\x9e\xff+|z\xac<O\
\xe8+\xcfU\xc3\xe0\xcd\x07p\x1f\x8a\xc6\xacTW\xe0\
>:Mr\x1f\xac\xe2N\xe8\xab\xb8\xdd\xe3E\xf7h\
\xc1\xfd[\xa0\xb7U\xab\x10\xb7\xa5\xaa\x10\xb7\xf1\x02\xe6\
D<fB\xa0\xbb\xf0axz&%\x1evqZ\
$\xf7\xdb\xd3`)\xfb\x0b\x03{\x97\x83\x22\xcfp\xfe\
\xa3\xd4\x9e\xbb\xab\xf1tI\x07\xd4\xad\xd2h\x15\x0b\xcd\
\x13q\x03;v\x1e\xf8o\xc3hg\xce\xdd\xb9\x11\x17\
%\x8eC\x9ffK\xacY:PCa\x95yB_\
e>zv;\xf8\xf5\x10U\xe6\xaa\xf0\xce\x22s\x22\
t'Xd\x9eH\x18\xe8\xc8|\x0a\xb6}\x8a\xfbT\
\x7f\x0b>x\xa5j;\x0f+U\x13\xbc*:\xa1\xbf\
*\xda\xcfF\xbdW\xbf\xa0t\xe9g\xa3\xf9,\x17.\
+y*\x5c\xb28>\x910A\x8f\xf2\x03\xf9\xc1\x8d\
$\xf7\x18_e\xb1\x06D\xb3w\xac\x8fO\xe8\xeb\xe3\
\xff=\x1e\xbe;\xbe\x91J@\xbf'\xcc\xe5\x22P\x17\
\xbc\x5c\x82\x93\xa4\x84\xfe\x18\xdb\xfc\xd2h\xf7o\xef\xfc\
\x9b(\xcc,\xaa~L\xaa\x96\xce\x82\x06\xcf\xee\xa4\xe9\
\x90\xd9\xcf\x19P\xf4\xf7>{\xe7\x8b\x92\x00OM\x09\
\xaar+lR\x99\x81p\x98E\xfd\x09}Q\xbf\xf7\
\xf5\xc1`\xf1\x07Ej\xb5&\xa3U\xb0m\xcb\x82\xfe\
\x84\xbe\xa0\xdf\xcf9\x86K\xdf\xfcw\xcd\xbb?+\xe4\
\x1cNq\x1c\xa95EQ\x98\xed\x00\xdb(\xc1\x82\xfe\
\x84\xbe\xa0\xdf{\xf0\xca}?K\xdb\x1dZ\xc56\x96\
\xd9\x0amt\x1e\xec\xef\x12\x86f\xb6\x95Z\x176\x9d\
\xe5\xc6\x83\x08\xb8\xec,G\x15nV\xf6'\xf4\x95\xfd\
\xee\xaf-5s\xc7j%\xa7\x85C\x08\xd8\xd1g\x85\
\x7fB_\xe1\xaf\xf05\xc7\xaf\x10\xa1\x19@w&Q\
4\xa7\xd0jvy\xfa\x1a\x7f\xff&\xbb\x8fv\xa4*\
\xac\xe2\xc1\x88\x81|\xd9\x86@\x9e\x85\xfd\x09}a\xbf\
\xff\x14\xfb\x81\xc4\xe0\xc1\x17\xdf\x5c\xf15V\xa1D=\
+v\x17K\xd5:\xb4\x17Y\xd9\x9f\xd0W\xf6\xbb\x97\
{\xde\xec\x13\xb8\x11A\xcdj\xd2\xec\xf6\x14jHY\
\xda\x9f0!\xed\xff\xe2\xbey\xa7\xee\xc4\xcd\xa5|\x8d\
U\x0b7#r\xa32\xb0\xcc(\xc1\xda\xfe\x84\xbe\xb6\
\xdf\xfb{\xd5\xf7\xd089\xe1\x9f3\x8eM\xf0\x11\xf3\
\x93\xac\xaf\x93\x1f>>\xf3.n\xbc\xe7r#aZ\
\x01\xd0%c\xa7\xe5w8\xc9\x02\xf9\xa4\x01\x81\xfc\xd3\
\x05?\x85\x1e\xcen\x08\xab\x8c\x82\x0c:%\xeb\x0el\
\xb05\xc4\xb6\xeakg\xfc{\xbb\xfc\xc2]\xfa9x\
\xbe)t\xc8\xd35\x87@\xd1\x99\xb4C\x06[l\xb0\
~\xbe\xf1\xf4\x8b\xb7\xad\xc4\xfc\x83\xc3YqP{\xba\
\x15\xe4vS\xd2}\xa8L\xe7\xa7\xc0\xe60\xdb\xac?\
E|<?X9\x81)b'\xd8\xe5\xc0S\xc4N\
\x01\xa6\x88\x93\xac\x8bO\xea\xeb\xe2U^w\xff\xca\xbd\
>\x1b\xbe{(\xd7\x89\x9d\xa0\xe5\x08\x08?\xfa\xeeb\
l\xb2\x11Y\xfc\xd6\xf9h\xe7\xa1\xbb\xf3Z\x84]\x05\
Q[S\x1e\xf8(8\x00_N\xb2.>y\xcf\x08\
\xa0\xeb\xf0\xd8]\xf8.\xc9h|\x9b\x1b\xd9\xaa\x9f\xf2\
\xcb:\x9aB\x036\xd6$yIt\xd2\xc0\x92\xe8\x1b\
\xd5\xf3\xa0\xe5gcq\x15\xad>k@<\x9fd\x19\
\x7fR_\xc6\xef_\x09\xef\xfc\x14\xa9\x14~\xb2\x84\x9d\
;\xca\xf2\x92,\xe1O\x1a\x90\xf0\xf7\xfevw\xbe\xa8\
\xe5\xc5\xbb=!\xa0\x08\xb0;j=\xf4X\xb2-\x85\
\x15N\x05\x1e:\xd6\xf1'\xf5u\xfc\xfd\xeb\x9d\xc1\xfc\
\x03P+\xe5Z\xf5\xd4$\xb1R\xae\x0eb\xa5$\xab\
\xf8\x93\xfa*~\x05\xfe|~\xaa\xd6;\x08#\xfd\xbf\
\xc9\xbbj\xc9\x83\x0c\xde\xa5\xc7\x99\x85\xfcI}!\xbf\
{t\xe4\x1e~\x82}\x14\x85\x7f\xba\x8f\x22\xc9\x12\xfe\
d(j\xe2|?\x1fz\xa7\xfb\x12\xc6\xe6\xf7\xf9\xe6\
Z2\xc6\xa6\xdb\xc9\xd1=fOb`\xa3\xf5\xe5\x99\
\xdah\xbd\xf1mxy\x22.V\xa9\xa6\xaaj\xfc\xca\
\x16[!U\x18\xccL\xb2\x96?i@\xcb?\xbf\xae\
\xae\xc5\xf2\x0b\xc9[\xa7jiq\xb7U*\x0d\x96\xb2\
\x03\xd1W\xef\x0f\x9fl\xbb\xefw\xfbW\xd7\xc3\x95\x15\
\xa1\xca\xad\xb6o\xabq1\xa9HX\xa9\x02\xfa3\xc9\
\x22\xfe\xa4\xbe\x88\xdf][\x1e\xce\x1f\xba\xb3G\xd2'\
\xa7\x82N\xc5\x06\x0eH\xbb\xf2\x97W\x99*\xc1\xa7\xc7\
*\xfe\xa4\xbe\x8a\xdf\xf7\xd4\xfe\xbb6<\xbau\xdf\xcf\
J\x9e:U\xec\xa8\xe2\x9b\xe8\xa8;m0\x98\xfd\x87\
\xbe\x92_M\xf3\x9f\xbc\x00\xb1\xb9\xca\x9b\x02\x063\xaa\
\xcd\xed)P\x9b'Y\xd2\x9f\xb4\x0c\xb0\xdb\x1fy\x0b\
\x0bR=\xc8)\xe6\xb3b=\xc8\xc9g\xc1Pv\x1b\
\xfaZ~\xef\xfb\xdb\xd1\x83k\x88\x83\xea\xadj\xa6\x86\
\x05\xc2:\x8d0%Y\x15\x9f4\xa0\x8a\xdfY\x18~\
?$\x89k\xd0O \x89\xeb\x0c\x85\x9a,\x8bOZ\
&r\x10\xff{\x83m\x9f~\xe0\xd6)NZ\xf6Y\
\xa0e\x9fIV\xc6'\xf5\x95\xf1~p\xec\x9d^\x8d\
\x9e\xdd\xba7\xb3\x92L\xc9\x09\x0a\xb1\x01\xa7D.x\
7\x9d\xa9.\xd8\xcd\x8eD_\x1c\xef\x1f\xb6\xfbfu\
\xb8\xf0q\xf0\xa1'\x1fv*@\x1a\x81<\xb7S\xa0\
G\x99}\x89\x01q\xfc\xf7\xb7\x8a\x16\x8c\x1fai\x82\
f\xa9N\xa2\xb0$\x8b\xe3\x93\x06\xc4\xf1\xc7\xab\xaa.\
\xbb\xdd\xf3\xe6d\x15tP\x98\xf5\xf3\xd4BK\xec\xe2\
Lu\x0b`5;\x13}y\xfch\xe31\xd3\xd0\xd5\
\x14\xef\xa4)\xac\x9c\x8d'\xcd\xaeD_!\xff\xef\xff\
\xfcWQ5\x842\xb2\x12\x22(\xf5\x1d\xf4\xa7+\x19\
\xb0\x96\xfdI\xd8\xc8\x14\xd6\xdc\xc5\xf0p\xce}3/\
Ma\x8d\x95V*[M\x8bQF\xa7\xd3\x85\xf8\x93\
\x05\xf2I\x03\x02\xf97\x1f\xfcH\x19V\x05\xa9\xc9\xb1\
T\x0d\x17\x055S\xb0((\xc9\x02\xf9\xa4\xbe@~\
\xf4`\xdd\xbd|\x09\xf8\xc4\xdf\x80\xbc\x16\xf3\x13\xbb]\
\x87>Av,a\x03K\x99.\x06\xeb/\xc1}\xab\
\xdbQoQ\xeb\xb7S'\xff\xcd\x8a\xf9\xa4\x01\xc5\xfc\
\x8f\xd5\xd1\xaf\x15\x00\xe6O\x07+\xa4\xc6\x0eE$\xe6\
Og\x80\x98\x9fd\xd5|2lb>\xcb\xdd_\x81\
\xa0#p\xdcS\xe3+\xc2\x91\xc7\xd4\x14E\x1e,\x9c\
OF\x0c\x08Z\xfer\x17>\x88\x85\x0c\xa5\xde\xa5B\
\x06l\xd7H\xb2b>\xa9\xaf\x98\xf7_\xbb\xc1\xf3\x87\
\xfd\xde\x1b\xdf}K\x97\xf9\xf7v\xbfZIn\xf0t\
J%\xb8\xd1\xac\x9aO\xea\xab\xe6\xd5#\x8dk*}\
\xb3'\xad\xa9\xec\xd0\x9a\xca$\xcb\xe6\x93\x11\x13\xfd\x12\
o\xfb;u'\x15\xf0\x9f\x17\xc4b\x84\xc4\xb2\xf9\xa4\
\x01\xd9\xfc\xf2\x8a\xf7r\x93\xc3~\xbbX\x9d\x18\xf7\xdb\
\xf8\xf5\xb1W\x89\x98\xc0\xae\xf4\x7f\x9c\xc3\x08u\x1dH\
\x0au(\xd2\xb2j>\xa9\xaf\x9a\xf7f\x9f\x8c\x9e~\
\x91\xd4Mw\xd0.\x19KP\xa0\xb0\x88\x15\xf3I\x03\
\x8a\xf9\xbd'\xee\xd7\x1dp\xd63\x81\xad5v\xd53\
\x19r\xd5\xac\x9aO\x1aP\xcd\x07\xcd3w\xe7ZZ\
\x0f{\xd7<\xcb\xb7j\xf2\x98\x96\x93\x87\x97\x8d5\xf3\
I}\xcd\xbc\x0a\xe2nV\xa0w\x9d\xaaU\xb2El\
^\xa7*\xd4\xbcf\xf1|\xd2\x80x~~\xdd\xdb\xfc\
\xce\xe2\x1bU\xbb\x07\xf5\x0dv\xceX=\x9f\xd4W\xcf\
\xf7{/\xd4\xde\x0a5I\xfdM\xa0U\xf8\xf6\x06\xcd\
\xf6\x8c\xec\xf1\x9cF\x1e\xbe?V\xd1'\x0dl\x18\xdf\
<\xea_Q\xbb\xaf^\x9cDG\xaf\x13\x1d=\xc9r\
\xfa\xa4\xbe\x9c~tu\xeb\xae-\xd0\x84d\x80\xeb\xa6\
\x09\xc9\x02\xde\x0b\xf6\x1c\xfab\xfa\xe1\xd1\xed\xa8\xf7v\
t\xb8\xef>\x9d\x15\x9cG%\xa56wM\x8b\x8by\
:\x95\xc64X\xcc\x1eD_P\xef\x1f\xae\x9f\x8a\x00\
\xb1\xa0\x9c\xad\xab\xbd\xc12\xaf\xa0L\xbc\x82$\xcb\xe9\
\x93Q#^\xe4\xe1\xae\xfb\xec!y\x91j\xedN\xfb\
F\x8e\xa4\x0a\x02\xc3$\x8b\xea\x93\xfa\xa2z\xf7tu\
\xf0\xf0\x91\xca\xae\xb7\xdfK\x82\xbdZ\xa7X\x1b\xbf\x18\
3rM\x00\xe0\x05IV\xd6'\xf5\x95\xf5\xfei\x8f\
\xae\xf6a\xa3Pp\xdaEE\x08%-\xd1\x0ci\x89\
\x92\xac\xb0O\x1aP\xd8\xaf\xbfTx\xf4\xdd\xfd\xe1\xc5\
;i\x9dW&5S,\x88\xd8\x90z\x06\xc6\xed\x93\
,\xaeO\xc6\x0c\xf8\x93\x0d5Y-\xfb\x93v+\x17\
\x04\x19\xecP\xda9r(,\xafO\xea\xcb\xeb\x87g\
\x1f\x15\x9b\xf7\xdb\x8e0\xd0W\xcb\xd6\x1b\xf2\x06\x96,\
\xbc\x1a,RO\xea\x8b\xd4\x07GG\xa3\xf5OXq\
\x19\x93\xf3\xa8\xe4\xd2!_\xc22\xf5d\xcc\x00\xc5k\
\x95k[\x8d\xd6\xe4\xc2V\x03\x0b[,TO\x1a\x10\
\xaa\xff\xb8U\xd3\x01\xc7\x07\xa3\xf9U\x01\x91~w\x83\
KE\x9b@\xe9\x99\x12\xc4\x9f\xacXO\xea+\xd6\x03\
\xd9\xec;\xef\xcb\xa1\x94\xf0eR\xd4\xde\xe9P\xcd\x93\
\x95\xeaI}\xa5\xba\xd2_\xa8\xf0~N\xa2\xa5\x97\x8a\
\xfe\xbf*\xa6\xd5\x9b\x0c\xbc\xf4R%\x0dV\xb3^=\
i@\xaf\xbe\xb1\xe6m\xad@\x9c\xe1?\xc9*W\xa5\
H\xa3^\xa1H\x83\xd5\xeaI}\xb5\xba\xa2\xa5\xdf\xee\
z\xa7\x1b\xfd\xeb\xa7B~\xed\x04[\xc8\x9ar\xe27\
\x03C\x93\xacUO\xc6\x8d\x080\x8e\x17\xa5j@9\
\x9b\xaa\x8a\x95\x80r\x0a\x1c\x07\xcb\xd4\x93\xfa2\xf5\xfe\
\xcd{\xf5\xae\xc9\x99\xc8L1(\x03P*2C\x92\
\x9c$\xcb\xd4\x93\x06d\xea\xcb/\xbc=J\x9e\xd2\xb5\
\x09Km\xd2Xzc\xb5zR_\xad\xae\x1a\x0c+\
;03\xa2>\xb8\x14\xce\x8b\xf8\xdf\x1b\xcc\x8b\xb0j\
=\xa9\xafZ\xffw\xc0Z\x18\x1c\x7f\x91\x9a|\xcd\xc0\
o\x88\xd1\x8f\xfa\x15\x1c4+\xd6\x93\x06\x14\xeb\xc7\x8b\
\xee\xf1,\x5c\x89T\xb5:\xa1\x1c\x9b\xc2\x022\x0b\xd6\
\x93\x06\x04\xeb;j\xf0\x09t\xd4v\xb6\xd8P{+\
HHm7@H\x9dd\xc5z2a\x84!\xbc\xb3\
\xe3m-\x89c\xe0\xca3\xd3\xb0o\xa1\x013\x92\xac\
UO\xeak\xd5\xbd\xdd\xbd\xd1\xd69C\x01j\x0eo\
\x93\xea\x12K&\xc9Z\xf5\xa4\xbeV\xdd\xfb\xb1\xd5\xbf\
>\x9f\xc4\x92\x99\x00\xe4\xed\xe0\xf3\xc6\x9a\xf5\xa4\xbef\
}\xf8\xe8d\x9c\xe5\xc95z\x19\xea\xd5\xa9\x83\xb7c\
\xb9zR_\xae\xee\x1d\x1e\x8fzOF\xbd?\xe9M\
\x8d\xac\x1fA\xd8b9\xa81\x03\x810\x8b\xd4\x93\xfa\
\x22uwi\xd3[\xff0\xfa\xb4%meJg\x8b\
\x95Z>U\x13'\xbe\xd3\x95<d\xfa\xacSO\xea\
\xeb\xd4UK\xec\xf9)\xb6\xc4:\x1cG8\x1d\xbc\xb7\
\xec\xe4\xf4\x85\xea\xfd\xdegu\xc8\xcf\x7f\x88\xc2S\xff\
\x88s\x10\xb6\xa7\xc9Zvq\xfa\x12u?\xc3W\xec\
\x0d\xd8\xb5\x1a\xf4\x12x\xd5j\xa5C\xef/\xfb8\x13\
\x22\xf5/*\x8a\xf8z#\xa5G\xc1\x5c\xfd8\x94\x98\
\xb0R\xaa\xdb,A\x8a\xc4:\xf5\xa4\x81\x0d\xf4;;\
\xc3w\x0fq\x13v6\x90\x95\xd1.l\xec\x83\xb0P\
=\xa9/T\x1flly\xbd5\xa8w\xe7SU'\
\x90\xf0A\xc5;\xefP\xc5\x9be\xea\xc9\xa4\x01\x90\xe5\
\x9e\x9f\x89\xc21\xfb\x99\xb3\xcaD\xe1\x94\xd3\x15<e\
\xf6uI\x13\xb2\x16\xef\xdb%X\x9c\xaa\x15Rt+\
R\xd8\x05a\xb1z2id\x90l\xf7\xd4\xdd}?\
\xe8\xdd\x8a\x83d\x99bW\xcd\xd8\x8b\xd1|3\xd3\xed\
\x80\xcd\xecH\xf4\xb5\xea\xa3\x83\x9e\x12\xfc\xae-\x8c\xe6\
\xd7\x85\x8f\xafUM\xd7\xd4\x96U\xd1U\xa7\x0bt\xca\
\xecI\x0c\xec\xa1_\x7f9\xfa\xf1\xb7\xf7\xfe\xc0\x9d\xbb\
\x94\x12\xbc|\xab\xd2*\x89\xe5\x94|\x85\xece_\xa2\
\xbf\x84\xbe\xffk\xcb\xbd\xfe0\xfc\xf6\xb7$\x82sj\
J\xe9\xd4-\x82\x06\xce\x99\x22I'\xab\xeb\x93\xfa\xea\
z\xe5H\xde\xdeLX\xe9^\xc0\xac\xbf\x09<\x80\xf0\
=\xd4\xd8\x07?i\xc3\xa6\xbf\xf6\x7fn\xc0\x83\xec_\
\xdf\xee\x84\x0ed\xa9+\xbf\xc7\xbe]!6\xd9\x08\xec\
\xe4\xeb\x07%\xb8\xdf=\x95\x1d\xb6\xa3\x8aW\x199a\
\xcad\xc0d\x8bM\xd6w!\x87\xdf\xdd\xa5\xe7\xb8\xd7\
f\x02&\xa2\xc0\xd7\x22\xcc\x06\x87M\xbc\xc8\xb8\xcd=\
\x80BNXk\xd3t\xd0\xe6\x08\xdb\xacO\xf9:<\
\x1d\xde\xce\xe1&\x9el\xc0\xc7\xc6U<\x1d\xb49\xca\
6\xeb\xb7\x99>\xbd\xec_\xbd\x00\xdat\xde\x91\x97\x8b\
\x97\x1c\xba\xc316U\xbf>\xb8}\xd3\xef\xbd\xa0\x82\
f\xaa\xe8\xe0\x1dN\xf3}\x88\xb3\xc1\x066\xc4\x5c\x0c\
v\xf7\xb1\xb0\x12\x08\x88\xa8\xae\xd2\x95\xe3 \xdf\xac\x04\
[\xac_ \xfcu\xdf\xdb>\xf6\x0e\xef{\xdf\x1eK\
;b\xa7[\xaa\xa29%\xa5\xd3\xe5\xe9\xd2\x14X\x9c\
d\x8bM%O\xb3\x9f\xa4*\xec\xff&O\x85\x16\xcd\
\xf2v\x9b\x058\xe8\x10{=}.\xc0\xf0\xf1\xd1\xe0\
\xe6z8\x7f(\xc4A5\xa7\xa5\xa6\xbc\xa58\xc8\x81\
#\x0e\xb1\xbb\xd3g\x01\xf8\x91\xfc\xf0\xec\x00S\xea\xe2\
\xeff4$\xd5\x9d\x0e\x19\xcd\x0e\xcf\x04\x0c`w\xf4\
c\x15\xc6\xff\x15\xf9MI\x00p\xfc?3-\x8f\xff\
\xfb\x96\xb1\xd33@\x03\xd8=\x1d=\x9d\x1d\x1e\xdf\x0c\
\x8f\x05\xa3\x8b\xcd\xa2br\xc8<\x8ef\x83\xae1{\
\x0f}$\x80\x1a\xd0\xfb1\x07S \xf5b\xa9\xd8\x9a\
4\x04R/\xe5\xc1\x8f\x84\xd8\x8f\x18`\x02|>\x1c\
^\xf4x\x8e\x9eC\xe4\x0e\xc6B!\xf6#\xfa@\x00\
\xd5\xe9\xbfx\x0c\x08\xdcL0\xd0\xcb\x00\xdc\x8c#\x03\
p}\xc3\xd8\x93\xe8\xa3\x01\x14\xc4\xe0d\x89\x07ds\
$\xf7-\xe5\xc8\xf3\x85\xd8\x8f\x18\x00\x03\x1c_\xb9g\
\xcf\xe0&\xab\xe78\xa0#O\xb8\xccS]\xba\xcc\x16\
;\x12}2\xc0\xe0\xd3c5\x87%c\x87\xec\xa06\
\x8b\xd8!;'\xe7\xa8\xbe]\xecO\xf4\xd9\x00\xee\xdc\
C\xb5\xd9m\xb7'\x1d\xb5\xea7\xb5\xb3\xfe\xcb\x01\xc7\
\xdcm\x97\xe8\x98\xd9\x9d\xe8\x93\x01\x86\xb3\x1b\xde\xf9S\
%\x1c\x12\xda\x0cj6\xe8\x0e\x7f\x22v\x1a\xecB\xa7\
\x0c6\xb37\xd1\x87\x04\xa8\xda\xc5\xf6\x0f\xa0h\xf9\xce\
\xbaP\x9b@\xd1\x9a*\xc8\x14-\xdf0v(\xfa\x98\
\x00\xef\xfe\xde\xf0\x96\xfa\xbd\x8d\xa2\xaa\x07`\xbb\xb7Q\
\x92\xdb\xbd\xbe]\xecN,\x13\xccHo\xfb;F\xf9\
\xb51\xe6\x82\xe2\xfc\x12\xbdv\x16{\x14}N\xc0x\
9(\xd8\xfc{?(\x98\xdc\xec\xa0\xc9\xecP\xf4\x11\
\x01\xde\xd2\xc9\xe8\xaf\xb7p3T&\x95NM\xda\x06\
\xd9M\xe3\xe5`\xb7b\x19\xe0\xcd,\x8e\xe7\xf4\xdc\xb9\
\x07\x82\x1b\xbc\x9b\xd4\x83\x1ab)C\xefs\x98]\x8a\
>$`p\xf4\x5car\x80\xe5\xdb\xaaL\x98\x12\xe9\
V(@\x0a\xb3G\x09\x9b(\xc8\x0d\x9e^\x82\x0e|\
L\x1f.\xa2\x10\xbc;%\x0fE\xfa\x86\xb1G\x09\x1b\
`\xcd\xbcRC\xea\xcf\xb6\xa5%{\xbf1\x0cJ\x84\
*b\xf7\xa7\xba%\xba\x1a\xecR\xf49\x01\xee\xcd\xac\
\xfbd\xc9\xbd<\x92\xa4\x86\xc1U\xf6\x83\xe7\x1a`\xec\
\xbb\x85<\xd9\xcc.\xc5\x00$`ysp\xbd\x0e(\
\xbbj\xaa\xdaN\x8d\xf1\xc9\xf0\x11V\xdbU\xb2\x9a\xbd\
\x8a>'@-\x9c\xde{\xcb\x0b\xa7\x9b\x13\xaa\x9fM\
\xfc\x08\xd9\xa7\x84M,\xba\xf4\xef\xc6\xe0\xf8\xc0;\xf8\
 .\xba\xcc\xe6\x83K\x0d-\xecF!O\x9f!\xbb\
\x15\x03\x98\x80\xf5O\xa3\xa7\x7fq2\x98\xaea2\x98\
\xc6cf\x8fb\x00\x11p\xa0\x94-\xee\xea\xba\x9f\xae\
\x88m\xbfr\x80\xb5W\xe9\x8at\xca\xe5\x1c\x9cr\x84\
]\x8a\x01:\xc0\xd1\x0b\xf7\xcd\x87\xd1\xcd\xb6\xf4\xd2\xa9\
\x02\x9d-\xabq\xa6\x9a6X\xcb\xeeD\x9f\x0f\xa0\x8a\
\xb6\x0bgjd\xfd\xf8\xbb\xf8\xca\xa5\x8a\x15\x95\xa2H\
\xa5\xf1n\xaa\x02\xd1Q\x84\xbdI\xc4\x04\xfbR\xb1\x01\
f7\xdc\xb5\x05\xd9\x03*\x91Y\x90\xa8\x88Os\xd5\
.\x80\xd5\xecN\x0c\xe0\x01\x96W\xfa\xbd\x17\x10\xd3\x05\
Re\x0e\xe8\x0a\x0e\x04t\x09.\x1e%BF\x08\xf1\
;\xd7\xee\x8f[\xef\xd5\x95|\xd0\xf9V-\xa8\x13\xc8\
\x07\x9d\xcf\x0b\x07\xad\xfa\xa8\xd0\xb1\xbc\xfb\xe9O\xab\xdd\
\x85\x9d\x7fp\xa3\x17\x7f\x8c6\xd6$\x1aQS\x09&\
E\x16QS\x1a=\x0c\xcc\xb1\xd8RK\xdb\xd2\xa3\x97\
\xee\xe5K\xe5\xfd\xbe\x9e\x8b=4\xa5\x22R$\xb3V\
V\x14\x11I\xeb\x87\x03\xcb\xc2ltX\xd7\xe8\xfe\x8f\
5\x852\x97\xf5\xebvv\xba\x85\xf2u{Z\x92\xaf\
\x07VE\xd8\xe0\x88\xae\xc1~L4:\xa4\xad\x01~\
L4IY]\x15\x95\xd5\x81]Q69\xaak\xb2\
\xb7\xf2zxy2\xbc?'DCU\xbb\xd5\x15?\
\xb7\xa6\xdd\x05ScljL\xd7\xd4\xe1\x8ar\x1e\xb0\
\xd3\xd0\x0e\x9c\x07\xad4\xb4+\x0e]\xe08[\x1c\xd7\
>\xdc\xb3\xc5\x09\x8b}\xfc\x18\xf9\x1f.\xf6\x09\xacJ\
\xb0\xc1\x09\xed\x0b\xfc\xe6\x83\xf7\xedr\xb4\xf5\xd5}t\
 \xcf\xb9\xa4\x82\xda\xa7X\x12o\x16rm\xb09\xc9\
6'\xb5m>^T\xdau\xb9\x8c\xaf\xd6\xeeq\x11\
?Un\x80\xc5\xd0\xa5\xbc\xfbI\xd3\xe2\xff\xfcwx\
\xf6\xd0\x7f\x91\x85U\xa2\x99Z\xab!7)\xfd\xdf\x1a\
`+\xbb\xb8\x90\xb6\x8bS\xb0\xaf\xb3E\x90\xeb)\xd6\
WA\xcd\xd0\xcar\xbdL\xa1D&\xb3\xaf\x0bY\xfa\
\xaf\xf0\x8a\xf7\xed1t\xdb\xfd\xf0g*\x8b\xdd\xf6\xc2\
\x94\xd4m\x0f\xccbG\x17\xd2vtJvz<\xeb\
\xdf_\xef\xdb\xac\x88\xa0*\xaa\x0bl\x17[\x22\x82\xaa\
\x0d\xae.\xc4\xae.\xa4\xed\xea\xfa\xbd\xdbA\xef\xf3h\
\xe3/)\xc6t\x145\xd9\xa6\x10\xd3i\xdbU\xb0\x98\
=]H\xdb\xd3\xf9\xb9\x87{\xba1\xd8\xfd%\xf5\x1a\
\xd4~Y'%\xf7\x19RY\xa7\x0c\xf6\xb2\xbb\x0bi\
\xbb;wis\xb4\xfd\x10\xdc]\xda?\xdf\x16y\xbb\
\xb4M\xde.\xc4\xde.\xa4\xed\xed\x06\xd7\xeb\xee\xf1-\
x;U\x0ejPs\xb2\xdd o\x17bo\x17\xd2\
\xf6v*\xe9\xc0a\xb8\xf1\xc0\xe1\x84i\xb8\xaeC\x01\
[\x88\xdd]H\xdb\xdd\x0d\x0e\xe6\xdc\xe3=8\xe5|\
KI\xbe\xe1\x94\xf3i:e\x8b\xbd\x9de\xc0\xdb\x8d\
\x9e~\xf7\xce\x04\xd1S\xd3\xb9\x83\x02\x8a\xee\xce!c\
\xd9\xddY!\xfd\x00\xe8\xdd\xe0\xed\x8f\xe1\xa3\xbf\xbc\xd3\
\x0bi&\xa0UR\xc3\x22\x22\xc57\xe3\x90\xb7\xb3\xd8\
\xdbY\xfa\xdenm\xd1=?\xc5\x89\x80\x1c/\x9b\x91\
G\x02\x02\xab\xd8sX\xda\x9e\xc3\xdb\xed\xb9\xdb\xef\xfb\
\xbd\x9e`\xedL\xb1.\xaf\x99\x99\xa9\x83\xa5\xec1\xac\
\xa8\x89@bk\xdf\xffO\xa4\x178\xc0g\xdf\x91\x9d\
\xe5\xc2|\xa13\x05\xcf\xb0\xc5~\xc3\xd2\xf6\x1b\x83\xde\
ko\xf3\x08\xfc\x86z\xd4\xea\x98&\x15\xea\xe48,\
v\x1cV\x5c\xff\x85PT\xf8\xd3G\xc2\x0b\xa1\xaaU\
\xa2\xcc\xa9Y\x00K\xc3\xfc\x96\x85\xb5\xdf\xb2\xd1\xd69\
W$\xd4\xc0\xd0\x84\x9a\x84\x835\x890\xbfha\xfd\
\x17\xedxot\xff\x05\xab\x9cT[\x9aTNMz\
 \xc2\xfc\xa2\x85\xb5_\xb4\xf1\xc6l\x18d\xb9[\x9a\
\x8d\x83,%\xbb\x04\xf5\xb50G\xf0\xe1\xb0\xfe+\xbc\
4|t6:\xe8\x89m\xff@\xa0\xde\x92\xd5!\xe0\
3\xc2\xfc\x04\x87\xb5\x9f\xe0\xd1\x93\xd7\x83W\x1bJ\xdd\
\xdb;\x97\xd4zJh\x91O\xd5\xaa)Q\xac\x97\x87\
\xe8=\xccoq8j V\x0b\xb2\xfco\x9e\xb0F\
$\x88\xd5\xcaYd\xa6u\xcb\x123-0\x8c_\xe2\
\xb0~\xc1\xea\xfb\x9c\xbbs3\xbc>\xe9\xff\xfc.a\
\xa7k\xcdV\xbd\x854\x8b\xa9f\x9d\xbe>~\x8c\xc3\
q#\xb9\xe8\xf6\xe8\xaf\xb7R\x22\xaa\xaa\xc4i9`\
\x13Q\xf5\x81I\x1c\x0d\x87\x93\xfa\xd7\xe2\x91\xf7\xed\xd2\
\x9d?\xf1\x9f9\xa1\xae\x1d\xc0\xff\x8a\xe5\x94\x8a\x8a\xc5\
\xe6h\x19\x8c\x8e\xb0\x17\x89\xdc\xd3\xafk\xefy\x17_\
a\x82\xacT\x0c\x88^8AV\xeaJ\x13d\x81a\
\xecF\x22\xfand\xe7\xa5*\x0e\xc2\xb4z\xab\xa8\x8a\
\x83<\xac\xde\xec@Y%\xc2\x8e$b\xe9G\x9a\x9b\
\xea\xcd\x90]\x9f\x1d\xd07\xc0\xf3\xd9e\xf2|\x11\xf6\
\x22\x11\xfd:\xd0\xd6\xfe\xf0f\xd1}\x7f\xd6\xff\xb1&\
\xae\x03\xf0\x0f\xdai\xd9\x22v\xba@\xd1E\x84=I\
D\xdb\x93\xfc\xfb?\xff\x1d~\xf3\xe3\xe3\x9e\x84\xeai\
\xa4`{\x96\xfa\x0d\x0a\xaf\x11v\x22\x11\x13\x01\xbdZ\
B\xbd\xb0\xe3GD2\x85|\x1c\xce7a!\x8e=\
E\x9f\x1e\xbb\x91\x88~!h\xf5\xd4\xdd\xef\xf1\xccJ\
\x09\xb7s6KT\xa2\x88\xb0\x0b\x89\xc4Mt\x11z\
k\xc3\xdb\x8fR\xa5\xed\xb7\xc80#/\x8cl:\x19\
(\xb6E\xb8\x14\x14\xd1o|\xac-\xb8\xbdKE\x10\
\x91Z\xe6\xd9\xf2X\x8aC=\xf3r\x07B\xa2\x08\xfb\
\xbe\x88~%\xe8\xed\xea`\xfd\xa5JF\x84c\xce\xf9\
\xa1E\xd1\x91\xcf8W\xa7\x82f\x94\xdd^T\xdf\xed\
]=\x1f\xf4>\x8e~\xad\xb8\x0b\xc2$S!\x18N\
W\xc3\x14\xe2\x0cr\x06^\xb7(;\xbd\xa8~\x7f\x7f\
m\xd5]\x9e'\x07RTH\x0b.\xaf\xd8X\xd4\x8c\
\xb2\xd3\x8bZ\x06\x02eEF\x16\xc2\xa1 JV\xa8\
^9\x18\xea\xce@,\x14e\x97\x17\xd5vy\xc3\x85\
\x8f\xee\xf1\xbc{s,\xf5G\xf3NKv \x05\x07\
\xdcG\x94\x9d]4b\xa0\x17\xc6\x0b\xb3\x82\xbb;a\
UH\xc6\xa6\xb78\xca./j o\x9a\xf7cy\
I\x88\xdcN\x05\xb3\xdd\xa2\x12\xb9\x9d\x86$:\xca\x8e\
.\x1a3Q\x8f_\xd8\x19\xac\x9c\xf4o\xe1\xf6\x8e\xdd\
\xb3\xfa\x0b\xee\xf0T\x81.1;\xbch\xdc\xc4!\x1f\
\xf4 8n\x07\xcb\xeb98n7(8\x8e\xb2\xc7\
\x8bj{\xbc\xe1\xd3\xbd\xe1\xe2Wwn\xd1{5/\
\x05\xc7\x8d`\xae4\x9f\x86\x01\x9bF\x9e\x0e\x9a]^\
\xd4@\xba\xb7\xeb=\xff1\xbcx\xed\x9e,\x89\xf2S\
5\x9c\xe0\x1fsNlG\xe7\xa6\xe0\x0b\x8c\xb1\x13\x89\
i;\x11osSI\xa9e'2\x13$N\xe0A\
f\xb0\xfe\x16c\x0f\x123\xe1A\xfc(hR\xa9\xa5\
\x9a\x9d\x00\xa8\xefV\xa9\xd8\x12cG\x12\x0b\x1b\x08:\
\xfd\xc7\x19\x92\xea\xdf\xb3\xb0\x98U7m\xca\xaac\xfc\
:\xc7\xf4\xa7\xaf\xbe]\xbas\xa7\xfd\xdb\x03I\x00n\
\x07\x19\xb5\x98\x87t\xc0V~\x9dc\x06^\xe7E^\
r\xd9P\xab\x87'\xed\xb8l\x88;.\x03\xcb\xf8e\
\x8e\xc5\x0d\x0c\x07\x0dOz\xee\xdcw\x89\xcb\xda\xaa\x89\
\x17\xd8\xbf\xd7`)\xbf\xc7\xb1\x84\x89&\xc8\xe6H\x92\
\xe75\xd52\xf5\x9a\xb8I\xbdY\x05?\x1d\xe3W8\
\x964P\xa0WK\xe9\x96W\xa8@\xef\xdf\x81\x14\xd6\
\xe7\x0b`r\x9cs\x8f\xb8v\xee1x\xfd\xce;\xbd\
\x90\xa4*i5\xbcD\xb8\xa9t\x03\xbaLq\xf6\x18\
\xf1\x90\x89\xc4n\xff\x1c \x0b\xb9Vc\xbceC$\
,\xe4\x1a\x12a!0\x8b]F\xdc2\xf0\x8e\x8ds\
g)\x15\x0dX\x16A\xee\x5c\x96\xdb\xa4U\xc8F\xe3\
\xec/\xe2\xfa\xfe\xe2\xfa)\xe7v\x99\xdf\xda\x7f\xf0\xcc\
\x19\xcc\xed\xe2\x9c\x80\xc4#&\xeaW?\xce\x117\x95\
\x9a\x9e\xa0!,LS\xfe\x11g\x0f\x17\xd7\xf7p\xcf\
N\xdd/\x9b\xde\xc6\xadTr\xf3\xbf\xbc\xeex\xdf7\
T\xdc\x1a\xdd.\xb8\xe58\xbb\xbax\xcc@US\x01\
\xbd\xdf=\x94\xaa\x9aj\x18\xcf\xff\x04\xe5\xb2f\x15\xda\
yqvrq}'\xb7s\xed\x9d\xae\xc3\x8cf\xbe\
\xa5@\x964\xa2\x99\xaf\xd0\xd0J\x9c\x9d]\x5c\xdb\xd9\
y\xf7\xf7\xfc\x7f\xaf\x14*\xb3\x1b\x82\x1e}\x9c\xe6\xf9\
\xb1\x84-;\x11?\x98\x80rP\x9c\xfd^<i\xe0\
.\x0f^\xa9k1<>\x91\xeerE\xed{\xeb\x88\
}\xdeF\xa5\x011[\x82\xdd^\xe2\x9e~C\xe1\xa9\
\xb7\xb0\x06eM\xa7\x18l\xbd\xe5\xba\xa63Eu\xcd\
\x04\xbb\xbfDH?\x12\xf2f\x9fH1q\xa3yg\
\xaf<\x10B\x07\xcc\x8e/\xa1?}ut\xe4\xce=\
&\xf4\x7f\xad\x8c\xcc\x9bT\x99\x9e\xe3\x04{\xbd\x84\xbe\
\xd7S\xc3L\xaa\x0c+k\xa3\xf3A\x19VjF7\
\xc0\xdf%\xd8\xdf%\x22\x06\xc2\x8a\xd1\xcf-\xd4O\x14\
+4\xeaX\xa8\x90\x7fN\xb0\xb3Kh;\xbb\xd1\xd3\
\xef\xfd\x1f\x8f\xbd\xbdS\xe1[\x1b\xeb\xce\xa5\x00\xc8\xe9\
\x92\xad\xec\xe3\x12\xfa]\xa5\xde\xe5\xf0\xd1\x1e\x8c\x89\x95\
\xff\x97o#\xce\x89\x95\xbb4'\x96`?\x9700\
'6\x5c~\xe0\x9f\xb1\xf00\xa8\xbd\xc1\x0e<\x0c3\
d+{\xb8\x84\xb6\x87\x1b=\xbb\xf5\x9f0\xde\xfe0\
i\xcfX\xb7C\xb77\xc9\xefn2d \xea\xf13\
\xbb\xc1\xec7)\xea\x09\xd2:\xd1K\xa8\x1f\xc1\x1b'\
\xf9\xe9M\xeaK\x1a\xfd\xb3}~\x0acb\xe5l\xb0\
p\x1c\x92\xd0r\x87\x86\xc4\x92\xfc\xf8&\xc3F\xf2\xe6\
\x17\xee\xdcb\xff\xd7\xaa\xc8\x05\xfd\xbd\xddO,_\x96\
\xf2\xe41\x92\xfc\x06'#\x06\x82KEi:\xbd\xe8\
\xf7\xdeI\xc1\xe5\xb8\x0d\xd6*N\xc9\xca\xf8\xbc\xdd\x80\
\xeav\x92_\xe2\xa4\x89N\x7f\xff\xd72gJ\xed\x16\
\xe6Im<f~\x8e\x931\x03A\xcf\xd6S\xff\xa0\
\xfb\xbf6\xc5Ayu\xccA\xedU\x9e\x95'Af\
\x92\xdf\xe3\xa4\xfe\xa8\xd8v\xaf\xdf[G\xfdD\xd1i\
\xfd\x1f\x88'\x92\xfc*'\xf5_\xe5O[j\xbem\
\xeeB\x98z\xac\xf9/FG~\xe2\xf2\x1d\x88-\x93\
\x9cn$\xf5\x85\x8d\xa7o\xbc\x8b\x1dw\xf9@\x82\xa4\
\xdb\xadZY\xea\xdc9\xb6\x5cL\x09\xdd\xc3<#t\
\xef\x9e\xfe\x88\xca\x92\xf7r\x13\x11\xcd\xeaM\xb3y\x03\
K\x83Z\xa3!V\xef\x87\xf4\xd5\xfb\xde\xd2\x89Z\x1e\
D.:[\xfd?\xf0\xd0!V\xf1\x87\xf4U\xfc\xfd\
\x1f7\x83\xb9w@S\x9c\x09^\x88Tm\x12Mq\
F\xa4)\x06\xc6\x85\xd9n\xfd&\xff\xcd\x8d\xef\xf8\x88\
\x1a\x9bR~\x8f\x99\xb1y\xa8h\x86X\x17\x1f\xd2\xd7\
\xc5\xab\x09\xf4\xde\x1a\xd4T\xec;i\x18UUl\x92\
\x02\x85X \x1f2 \x90?\xba\x1d=x?X|\
'\x85\xf4\x9db\xbaUi\x89\xe1|']q\xc0\xdc\
8\x9b\xab_\xb6\xfa\xd9\xe3\x95M\xa5\xf1<)=\x19\
\xa5\x0e>\x19I69ib8\xfa\xd7}\xa9\x8d\xa0\
\xde\x8a\x14\xb5\x11:e8_\x96\x99\x87\xf4e\xe6*\
\x06\xfa9KB\xa0V\xaa\x9e\xad\xfec!P\x88\xc5\
\xe6!}\xb1\xb9\xbb\xb6\xae\xa4K\xeb\xdf\xe4\xe5s\xf5\
bY\xec-v\xea\xe0\xf3Xf\x1e\x0a\x19h\x93\xcf\
\x0f\x8fO\x86\xf3\x1f\xa5\x8d\xe8m\xff\xf6\xb6\xaa]Z\
\x87\xde\xeet\xc9d~\x87\xf5u\xe6\xa3\x83\xde\xe0z\
\x1d\x17K\xb5\x02h\x1b-\x96\x22\x22E\x88U\xdb!\
}\xd5\xb6\x9fG\x0fv\x16`{i\x90G;\xc51\
\x0a\xb4\x22\xef\x05\x916\x98\x06\xa6%\xd8\xea\x84\x999\
\x15\xff.\xbb\xcb\xf38\xa7R/6`\x9ft&W\
\x07\xff\xc1\xd2\xe2\x90\x01i\xf1\xfaKo\xfb\x18H\x1a\
\xf5Vq\xba\xc5(\x8d\xfa4Lt\x87X\x5c\x1c\xd2\
\x17\x17\x0f~\xae\x0ez\x9f\xd5\xd0\xfc/\x91\x87\x9do\
g\xd5@BY\x9c\xbc*\xb5\x0b\xf0\x15\xb2\xc68\xa4\
\xaf1\x1em\x9d\x0fO/\x95\xb8\xf4\xfcT\x14\x11\xe6\
\xd5\xe2\x98\xa6h\xb2\x93/4\xc1d~\xeb\xf4E\xc6\
~\xa67:|\x097\xc3\xcf\xf4r\xd9\x22_\x8dn\
\x0e\xaf\x06?vVX?\xa3\xee\xf7T\xb1EJ\xa7\
S\xf9\x16\xca\xce!\xdadMt\xc8\x80&\xfal^\
\xcd\xd6\xc8\xd1fP\x5c\x99\x10m\x16\xa6(\xdadu\
tH_\x1d\xad\xa4\x1f\xb3\x0f\xa5\xc9\xd2\x7f7\x9a*\
\xdb\x13'K\xd5o\x90\x82\xb0*:\xa4\xaf\x8aV\x9c\
\xb6\xa3y\x086\xfd\xb7m\x06E\x14\xf5\x19\x0a5Y\
\x14\x1d\xd2\x17E+h\xc2\xd7\xf3\xc1\xe1\xac\xb4t\xde\
Q\xeb\x14\xa6\xe4\x9d\xf3Na\x8a\x9e\x08vy\x96~\
ie\xe3\xad{\xb2\x04W8\xd8L@\xf7\xb7\x94\xc3\
\xfb\xcb\xde\xce\xd2\x8f\xe5\xcfO\x87\x0fv\x15\xaf\xed\x81\
(\xab\x09\x1e4\x85O\x80\xeeh\xb3\x91\x93\xbb\xa3!\
\x96\xa0\x87\xf4%\xe8*\x05\xd9\xb9\x96\x06\xc5\x82t\xa9\
\x96\x11!A\x94\xf6\xb3\xf4<\xa4/=\x1f>>s\
7\xd6\xd4\xc4\xa0\x10!\xab\xb0\xad9n3A\x90\xec\
4)Hf\xf9y\xc8\x80\xfc|\xef\x89\xb7G\xbb\xfe\
\x94|\xa21a\xca\x7f\xa6A\x8f\x05\xcb\xcfC\x06\xe4\
\xe7\xcb+\x83/\xcf\xdd\xeb3if%@^98\
\xb5R\x98r\xe0\xf3c\x0dzH_\x83\xae\xf6\xfc\xe1\
&\x93L\x0a\x17\x99d\x88Z\x12b\xfdyH_\x7f\
\xee\x1e\xef\xa9\x99G\xff\xcb\xdb\x9e\x930\x0a\xb6\xef?\
j2E\xc1\xce\x93\xc1\xec\xf0\xf4\xc5\xe7\xaa\xfb\xf8\xf3\
bt\xff\x854I\xe1?\x15~`|\xb7\x91@z\
/\xda\xcd\x0e\xd8\xcc>O_{\xee\xce-(\x9f'\
\x0b@:\x01e\x97\xb5\x1f\x9d\x02h?Ba\xf6{\
a\xfdQ\xa6\xed\xf7AAV\x0c\x8d\x83\x01\x9b\xd6\xc4\
EBSy\x8a\x8eY8\x1f\xd2\x17\xce{\xdbO\x07\
\xef\x1f\xc3\xe7\xe7\x1fumj\xc2\xf8cg\x8a\xbeA\
\xd6\xcd\x87\xf4u\xf3\xc3G\x8a6\xe7_\x0f\xf7\xb5\xb4\
\xf5!\xab\x1c\xf58P\x967\xa7W\x0bd5{A\
\x03\xca\xf9'K\xaa\xee\x22\xcb)\x0a\x8a&UE-\
E\xa1\x01Z\x8a\x10\x0b\xe7C\x06\x84\xf3_\x1fx\x87\
T\x08h\xd7\x1a\xd9*\xdf\xe7v\x83\xee3K\xe7C\
\xfa\xd2\xf9\xc1\x8e\x12\xf0\xfa&\xbb\xeb\xd7b\xacQ\xfe\
\xfd\x15V\xe4\xdb\xe1\x94\x1bP)b\x01}H_@\
\xef\x1e?v\xf7W\xbc_\x1b\xc3\xc5?5\xf4\x8d@\
\xf2\x96\x0dx,2\x06i\x8a\xea\xb4\xac\xa3\x0f\x99\xd0\
\xd1o\xaa\xf2\xd6\xf97\xa9\xb2\xac8\xc7J8\x96\x05\
,V5\x97&\x9b\xd9\x1f\xea\xab\xe8\xbd\xb37\xc3\xf9\
C\xf7\xfe\xb2;{$\xb1\x8e\x83\x83N\x07\xfcyQ\
 4\x95\xa6\xc7\x83=\xa2\xbe\x94^\xcd\xe4\xbc\xdd\x1e\
\xed|\x94\x92\xec\xf1\x86H\x91\xd8\xad~\x05\x0f\xce:\
\xfaP\xc4\x04@x\xb8\xb0\xef=\x9fw\x97\x9e\x8b*\
,\xc56ig\xab\xfe3-\x1dr\xb7]\x00\xa3\xd9\
\x17\x1a\x10\xd2\xef\xdd\xfaI\x8a\xbb\xf4SZ\xf6Vo\
\x15\xd5(\x03\xecz\xab\xd3$\x5c\x88\xa5\xf4!SR\
z\xa5\xfe\x17|J0\xc3\xe9\x9b\x9d\xad\x8bJ\xfaz\
\x16\x0cf'\xa8\xaf\xa4\xf7\xb6\x96\x06\xbd\xd7\x10nL\
\x05\x9c\x1e\xe6\x90M\x15(\xdc`%}H_I\xaf\
T\x00\x8f\xde\xbb\x8fv\xa4o/S\x03T\x81\xfa\xcd\
\x06k\xd9\x01\xea\x0b\xe9\xd5\xd9\x9e\x9f\xaa0C\xe8N\
\xfa\xffa*\x18\x86\x83\x06e\xb9\x99\xa1k\xcc\xceO\
_P\xaf.\xf0\xfc\x12\x17\xe5\xec\x09z\x96:\x0e\x8d\
\xb0\x9e>\x145\x90\x07.\xbags\x12^\xc1\x8f;\
[rf\x92*Ab\xc2\xa2\xf4P\xd4\x04\xc8K\xd5\
\xe4\xe4\x1b\x1cLGV\xf1\x12wJx\x87\xd9{\xe8\
k\xd2\xbd\xa5\x93\xfe\xd5.l\xddT\x139\xca`\xdc\
\xbb\xd9\x15\xf7\xba\x05\x96\xb1\xf7\x88\x9a\x98\x09\x18\xbc\xda\
\xe0UG\x0e#\x84;4\x05\x17\x8a\xb1\xf7\x88\xe97\
\xcd\xde\xddw\x7f\xf1\xa6\xde\x96\x9a$\xc2\xef\xae\x83\xe5\
pV\xd1\x87\xf4U\xf4j\x98\xe1\xea\x8b\xf7\xecT\xaa\
%\xfa\xd1D0\x1b\xe9\xe7RPK,t\x1bPK\
d)}H_J?\xda\xb9\xf4v~\xc1\xc0\x96\x9d\
-V&/\xbf\xb5+T\xb7e)}\xc8\x80\x94~\
na\xb4\xf1\x18p\x16*\xe8\xcce'l&\xef\xe4\
\x80g\x11\x8a\xb1/\x89\xe9\xc3Y\xee\xbf\xf0=\x9f\xd2\
\xcd~\xfd!B8\x95\xeb\xf3C#GTR7\x1d\
P\xfa\x86X\xff\x1f\xd2\xd7\xff+0\xc4\xfa\xcb\xfe\xcf\
\x8f\xee\xf6{1\x5c\x0e Nbi\xa0Yw\xa04\
\xc0\x14\x80\x90\x09\x0a\x80\x9alpw\xae\xa5\xb2\xe2\xef\
\xc9\x86|\xab&\xd7\x153\xb9<d%L\x01\x08\xc5\
L\x08Gn?\xba\xefg\x87\xb7s\xd2\xce\x0dE\xa9\
\x03\xd9^3\xd3&\x83\xd9\x11\xc6\x12&f\x8bnn\
\xfc#\xf6fO\xa4\xd9\xa2L*\x18V\x96\xca/\x19\
\xca\xfb\x18\x09\x10\xd2G\x02(\xe4\xdb\xf6><\x19\xea\
\x22\xff\x96\x1a\xcaoFs\x8a\xde\x0c\xa6\x02\x84\xf4\xa9\
\x00j?\xcf\xcd&\x1c\xb3\x9f\x94d\xb2t\xcc\x05<\
f&\x03\x84\xf4\xc9\x00*::Y\x92\x16\xfe\x05\x9f\
^\x0b\xf6\xfder\x10\xcd1\x14 \x147\xc1\x91\xf1\
\xdd\xde$\x9c\x93r{\x13`N\x19*\xe83\x18 \
\x147072x\xbb*\xee\xc9n\xe6Z\xb4#\xbb\
I\xbd`\xe6\x01\x84\x0c\xf0\x00\xe6\x1e\xf8\xc1=\x04r\
\xca\xdf\xd98\xd5\xe0`\xfa\xc48\x80\x90\x01\x1c\xc0\xee\
\xa6BC\xca\x16\xdb\xa9\xc9\x1b7l\x0c\x97\x99\x06\x10\
\xd2\xa7\x01\x8c\xaen\x07\x8b?H\x85\xea_\xe3&a\
d\x0b\x04p\x0a1\x0f \x147\x80#\xfb\xe2}\xbb\
\x94&s\x82\xaf\xae\x90*\x8a\xa39] \xb3\x84X\
T\x1f\xd2\x17\xd5\xbb;;\x0a\xe9%\x18\xdb\x08V\x8d\
\x89\xa66r`*\xab\xe9C\x09\x13\x03\xd5\xee\xf9\xe9\
\xf0\xfb\xdc\xa0\xf7F\xcaATX\xac\xb0\xde\x1d9\x9a\
/\xe4\xa6\xc0g\xb0\x9c>\xa4/\xa7\xef_\xaf\xa9G\
B\x1e\x03\xef*\x01\x1fM\x81wi\x8fP\x885\xf5\
!}M\xbd\xb7|\xe9-\xac\xa1. \x1b\x84\x12(\
\x0c\x98\xa27\x82u\xf5!}]\xbd\xef\x98\x87\xd7'\
\xc3\xebk\xef\xfc\xb5\xe8\x9b\x15\xe8\xbd\x9b*\xa6%G\
\x97\xa9\x03;=\xc4\xea\xfa\x90\xbe\xba\xde\xbf\x15\xfe[\
\x0c\xd1\x8f\x1dh\x19(\xfc\xb1\x1d\x0a\x7fX_\x1f2\
\xa0\xaf\xbf\xffbx\xf8l4\xbf\xec^\x1eA\x8e7\
\xde\x15+\x87AM\xa7\x0b\xc3\x9d,[\x0f\xe9\xcb\xd6\
\xbd\xd3+\xefj\x0e\xe2 \xe7\x8e\xc9\xcaa\x903C\
a\x10\x0b\xd8C\xfa\x02v\x05\x95y\xf4\x0c\x96\x08\xfb\
\x09^\xb3\xd6\xe2-\xc2\xf9f\x17\xe2\xa1\x04\xfb\x92D\
\xd2\xc4\x96\xdb\x87\xbb\x83w\xcb\xd2S\xa7\x9a\xbf\xd5\xa0\
~X\x83\xced\xa3J\x05\xc4$\xbb\x95\xa4\x81\x19\xf6\
\x0b\xf7tC\x82\x22\xfbyi\xb6.\x16h\xdbY\x88\
\xe8\x99\x10\x10\xd2'\x04x\xd7\xbb\xfem\x00:\x8b\xaa\
\x1a\x06\x13\x18\xc8h\x99\xa9\x02\xa3%\xc4\xa0\x80\x90\x11\
P\x80{s\xe9=\xdb\x1e\xfe\xf5U\xe8\x8cd\xd4:\
\xc8\x9a#U\x85\xca\x99\x12]\x08v&\xfa\x9c\x80\xfe\
\xf5\xb9{\xf8\x09Wz)\xca\x10\xad\xf4\x22.Y\x88\
\x19\x01!}F\x80\x9f0)\xd0\xa2\x1cb\xe4\x14\x9a\
\x03\x22\x8c\x5c\x8a\x22\x0c\xa6\x03\x84\x92&DE\xc3\xe5\
C\x14\xae+m\xce\x84\x19\xcfn\x9dB\x0c&\x04\x84\
\xf4\x09\x01\xbe\xd1*\xaa\x9f`\xb4\x1f\xd8\xa3\xcd\x05\xb4\
\x99]\x9f>!`<\xb15z:\xeb\x9d-\xd2\xc4\
V\xb3\x98\x95\xd1\x11\xa5j\x13\xa6\x01\x98\x11\x10\xd2g\
\x04\xfc\xfb?\xff\x1d\xf4\xce\xdd\xcb=\x11\xfe\x96\x0a\xa4\
\x18\x00\x7f\x83\x1a\x16S\x02B\xfa\x94\x80\xc1\xed\xa9{\
<O*O\xd5\xf1E\x91\xa7\x03\x1f\x9f\xc5\xac\x00K\
\x9f\x15\xa0\xd6N\xedP\xa90\x9f\xaaU&\x15\x0a\xf3\
\x15(\x14Z\x8c\x0a\xb0\x0c\xa0\x02\xbe]\xf6\x7f\xbdu\
\x9f~\x159\xbd\xad\xaa\xbc&\xbd\x00T\x0e\x8b\xc5\xf6\
\x96\x01\xb1\xfd\xacR=\x91\xf7h\x05\xfd&r\x1fy\
p\x1f\xd6\xbd\x08[\x1c\xd1\xdf\x01\xf0D\x8d.H\x0b\
\xb1\x0b\xad;%\x86Xtk\x80\xb1Q6\xd6\x84\xec\
\xc9}\xf3\xc1}\xfeSz\x1e\xc6\xcbM\xe4\xd7\xa1I\
\x1f[\x8c\xad\xd5_\x06\xb9\xf6p\xf4\xd7[h0\xd9\
\xc5t\xa0\x9f\x15\xfbKv\x1a\xfaK\x16C\x01,}\
(\x80\xf7\xf9\xd0\xdb\xecI\xe5 5\xb3N\xf5\xa0N\
;\x03\xb6&\xd9V\xed\xa7wx\xb0\xd4\xef\xad\xe3\x0c\
\xb5JG\x09 \xd2q\xe8Kc$\x80\xa5\x8f\x04\xf0\
\x0e\x8f\x87\xb7\xbb\xc4i\xc9V'U_\x1bT}\xb5\
\x98\x09`\x85LP\xc9\xfa=\x91\x1e\xfbo\xc5E\x02\
p\xac\xfa\xad\x09\xd6Zl\xad\x89\x991o\xeb\xa9{\
\xfdL\xb6\xd6\x86\xb7\x01vwYL\x03\xb0B&\xd2\
\x8c\xe1\xf1\xc9\xe8\xf0\xe5\xe8\xeaVJ3:\xadj.\
[\x04\xe6T\xa9\x93+\x80\xcd\xec*\xf4\xd7\xce{\x9b\
G*\x9d[z\xee~\xf9sAa\xddO\x8b\xd4Z\
^q\x22\xb6^\x86\xe4\xd3b~\x81e`\xeb\xfc\xc6\
7\xdf\xe0\xd1\xb6P\x15\x0c\x16?\xc0@^\x06\x88!\
\x16op\xb7Bq3\xcd}e\xf2\x83/\xd8\xdcW\
v\xd7\xb3b\x971S\x07\xa3\x13lt\xc2\xc4D\xde\
\xc2\x07B\xb0Nh\x81\xa5l|\xd0\xd8k\xe8S\x16\
\xfc\xaf\xcd\xb7W\xa9\x22\xcf\xe6\xc5v\x92]\xc4-\x0a\
~D\x09_\x1dS\x16,}\xca\xc2h~}x\xbb\
\xe6\xdd\xde\x97\xe4\xf4\xa5\xa2\xef6\xaaj\x09\x9d,\xa9\
/9\xa5<\xd8\xcc~\xc3\x00e\xe1\xe9\xf7\xc1\xdbw\
\xe0\x9c\x1dU\xd7\x06\xd7\xec\x10\xdb\xcbb\xc4\x82e\x19\
\xa9R\xbdy\x07\xf5\xd6r6\x93\xe2jk9\x03\xd5\
V\x8b\x01\x0b\x96>`\xc1]\xda\xec\xf7>\xbbk;\
\xde\x97\xc3?%\x91JIQ\xcd\x97\x82\xdcH\xb4:\
]*Az\xc4\xa8\x05\xcb\x00j\xe1\xcb\xa1\x9f\xcd\x0d\
\x0eg\xa5\xf43\xb0\xd5O\xe9\xa6\x8ar\xfa\xd9-L\
A\xfa\xc9\xa8\x05K\x1f\xb5\xa0\xc0\xa1\x8fv$\x5cH\
\x80e\x95Q!%\x1b\x02 \xe6,XV\xcc\xccB\
\xde\xd1\x93\xd7\x22\xd9\xfdw\x95*\xe0\x01\xcah\xf7B\
\x1eb!\xa6-X\x96\x01\xe5\xe9\xe2h\xff\x9b\x94v\
\x04\xcf\x9a\xff\xc0e\xe4e\xd8\x90w0j\xc1\xd2G\
-(\xdd\xf4\xfa\xcb\xc1\xe2\x8f\xe1\xe1\x9c\xbc\xf8\xb1\x99\
\xed\x16\xe09\xce\xd5\x9b\xf4\xd9\xb1\xd73@[x\xfc\
\xd4=\xdd\xf0\xee\xffYUk\xb6j\xd9zC\x9c\x0a\
\xcbB\x82\xcf\x80\x05\xcb\x00`\xe1\xf4\x8a\xe3\x09'\xf0\
\xcf\xffx\xa8\xc6b\xce\x82\x156\xe1\xea\x985\x1d\xb8\
\xba\xea?\xf6u\x8cX\xb0\xf4\x11\x0b\xde\xc5Wok\
\x05\xc9\x9b\xb5\x96\xd2h\x12z\xb3\x82&\xb3\xb3\x0b\x1b\
a7\xef\xaf\x80F\xcc\x7f\x85\xc72MP&\x94H\
\xa6i1b\xc12\x80X\xf8u_}sr\xa5\xb5\
\x9c*f\xebXg-g\xa9\xce\xca\x94\x05K\x9f\xb2\
\xa0\xb2\x8f\x9d\x0b\xb8\x18\xb9;Z\x88|/r]\xbc\
\x17\xec\xef\xc2\x86\xfc\x9d\xd2\xdal\x9d\xa3\xbf\xbbS\x81\
\x88\xee\xaeC7\x83\xdd]\xd8\xc0@\xf4\xe0f\xc5\x13\
J\x82\x8df%\x1b\xac\x05\x11\xeb\xad\x15\xba\x13\xec\xed\
\xf4\x01\x0b\xee\xc3W\xde\xd6#\x10\xa3+\xef\x5cH\xd5\
X\x8e\x9e/\x80\x1c\xddb\xbc\x82\x156\xb1\xa8\xd2=\
\xde\x03\xa3U&\x9d\x9edt&MF3_\xc1\xd2\
\xe7+\x8c\x0e_\xaaI1!\x08\xcae\x8b\xb6<4\
\x98\x03\x9a\x97\xc5L\x05K\x9f\xa9\xa0D\x13W\xa7\xa0\
\xab\xf1\xe3\x9f\x5c\xf6\x8e\xa4\x0f\xc2\x9az.Of\xb3\
\xdf\xd3\xe7*\xf4\xaf\xcf\xb9`\x5c*\xa6\xb8^\x5c\xc2\
z1S\x15,\x03T\x85\xe0\x9c\x155]\xf0 \xbf\
\xcf9U\x93}\x88\x7f\xc8\xf0^0Q\xc1\xd2'*\
(\xa9\x87\xda\xfa\xf8\xc8{\xfeE,\xba\x05BB(\
\xbb\xa5\xbat/\xd8\xed\xe9\xf3\x14\x82\x96\xd2`e]\
x\x8eUGI\xe6\xb16\x9bt#\xd8\xdf\xe9c\x14\
\xfcWm\xb8r\xe6\xe7\x1e\x22\x04)\xe5g\x1e\x22\x02\
\x09RQf'X\xfa\xec\x84\xe1\xcbeo\xf9\xd2\x9d\
=r{\x97\x7f^\xde`\x1b\xac\x1a\xfd\xa9\x96e\xd7\
\x5c/\x95\xca`5\xbb;}\x82\xc2\x1dbz\xfb\x18\
\x10\xd3\xd3\x22\xdf\xad<\x0d\xa6\xb2\x93\xd3\xe7&\xf4o\
\xf6\x06g\xe7\xd2\xe9:\xc5J\x11\x8e\xd5\xa9\xc0\xa92\
0\xc1\xd2\x07&\xb8\x0b{\x83\xd9o0\xeb:Uh\
)\xa59\x0d\xbbN\xd90\xecj12\xc1\xd2G&\
(\xef\xd6\xbb\xed\xffz\xe5~|\x22W%:\xc5\xbb\
\xad\xbb~\xcc&n\xad\x98\xaa\x80\xdd\xec\xe4\xf4\xb1\x09\
~\xa6\xe4\x9f\xf3\xf0\xa4'\xa5Ij\xd9\x5cKL\x91\
`\xd5\x9c\xc5\xd0\x04+j\x80\x9b\xf7\xc9=\x9e\x85'\
\xa2\x9d-V\x03\xb64>\x11\xed*=\x11\x8cM\xb0\
\xf4\xb1\x09\xfd\x9f\xfb^o\x0dr\xd1\x99;\xca\x03\xe5\
\xa238\xf5\xc3\xdc\x04\xcb\x007\xe1\xea\xca=;\x83\
1\xa5\x00\x00\xa2\x92%\x1aU\x9aj\xa0\xd1\xec\xec\xa2\
\xfa\xcc\xa0\xad}\xff\xcf\x84\x06\x7f\x87\xeb\x14\x1d,\xad\
0\xf5\xc1\xd2\xa7>\xa8\x9c\xdf?g\xb9zUV\xb3\
4\xdc\xe1/\x13\xbc\xd2b\xea\x83\xa5O}\x18|\xbd\
\x19m\xfc\xc4\xa8\xd8\x0f\xe2[)\x8c\x8b3x\xca\xec\
\xf9\x8c0\x1fT\xc4\x86\x17\xa3YD\x8b;\xa4\x09\xb3\
\x98\xf9`\xc5L`c\xfd\xb8\xcd\xedm\xc8\x9a\xfe\xaa\
\x1f\xba)J\x1aH\xfam\x07\x22yf>X\xfa\xcc\
\x87\xd1\xce\x9c\xb7\xfb\x19\x9a\xfdN*\x1d`\xa4\xe4n\
\xbf\x93\xa6n?\x93\x13,}r\xc2\xe8\xc5C\x85b\
\x95\xef\x85\x12\xe7\xfa\x06\xc3\xbd\xb0\x0bx/\xd8\x97\xe8\
c\x13\xd4\xac\xf9\xc2\x0e\xec\xb4\xf5]\xdf\xff\xae\x05\x95\
\x05\xf2\xa5\xa9\x06\x9d3{\x93\x98\x09!\xd08<\x1a\
\xfcz(\x0a\x81\xfe7>\xb2e\x9a[\xbe\x03]&\
\x86'X\xfa\xf0\x04wN\xad\xa0\x07\x80\xe5x`l\
,\x88\x06\x82e\xc7)\xd0\x1da\x9f\xa2\x8fOP\xea\
\x94\xde%`y\xb2\xf5\xffwY\xa8`r\xb6\x0c\x9a\
\x1a\x8b\x01\x0a\x96\x01\x80\xc2\xf5\xb9\xf7\xf5\xc1\xe8p\xdf\
}:+]\xebv\xcd\xbf\xd2\xd3\xa2J\xa5\xd4n@\
2\xc5\x04\x05K\x9f\xa00\x9c\xddp\x7f\xf6\x08\x15\x13\
T\x01\xfe\x7f`1%\xaai1C\xc1\x8a\x1b@\xd1\
}q\xdf\xcf\xfaF\xbb_\xd6d\xbd\xb1\x1fG\x07e\
\x17\xb1\x9b\xd3\xce@7\x929\x0aV\xdc\x04MH\x0d\
\xcd_\x9f\xf4\x7f~\x97\x94\xbcN\xab\xde\x1a\x9f\xb88\
7_\x87\xaf\x90q\x0a\x96>N\xc1\x8f\xec\x86\x0f\xae\
!W\xf1#;5\x1c2!W)c\xae\xc2\x88\x02\
K\x1fQ0\xda:\x1f\xdfi\x09K\xe7\xa4\xfe?e\
Z\x98\x84s\xf2\x80\xa6\xb3\x18T`\x19\x00\x15\xbc\x9e\
s\x8f\x17\xbd\xc3?\xcb0~\xb2\x9d\xaa6\xc4\x00\xba\
\x92\x82\x865\xf3\x09\xac\xb8\x81\x16\xd4b\xff\xea\x14&\
\x87\x1acZ\x13\x0f\x0f5r4<\xc4\x8c\x02K\x9f\
Q\xe0\x9d]\x0f\xaf\x8f!R\x9aQ\x9a\x0a\x88\x93f\
l\x8a\x93\xe2\xecP\xe2\x09\x03/\x86\xb7\xb5$\xf5F\
\x14^\xbf@\x83\xe9\x85)z\x93\xd9\x97\x18`*<\
Y\xf2\xb6\xbf\x13\xb1\x22\xfb\xff\xb0\xf6\xa6\xcbMdK\
\xdb\xf6\xf9\xec_[*\x8d\xc7\xb1\xf7\x09\x94\x06k\x96\
l\x0d\x8fU\xfa\x85\x9b6\xb6\xf1\x0c\x06l\xcb`\xc0\
\x98\xb1\xf1\x80\x01\xdb\xc2\xd8'\xa3*\x95\xce\xe2\xabU\
\xa2\xdf\xef\xfb\x82\xbc\xf4F?kEt\xf4\xde\x11\xd0\
\x11\x19\x15K+se\xde\xf7\x95e~\xb5\x16\xcb\xf4\
u\x99Q\x10\xd5g\x14\x8c\x97\xb6\x95 \xe0\xcb\xadw\
 \xb6\x8dj\xbfv|\xc9o\xc0Z\x99b\xe6Z_\
\xdf\xf2\xef]}p/_\xb8'\x9b\xc1\x8fO\xe8\x1d\
\x85\xa4[\x95\xfef\xe4\xdf\xdd|\xaf\x08\x8fm6\xfd\
G\xf5M\xff\xfe\xea\xe6p\xf0&8\x1a\xbf\xdf\x14\x1d\
\xe5\x83\xad\x88\xc6hJ\x1d\xec\xf6\x8f\xea\xbb\xfd\xdd\xfe\
\xcf\xd1\xe3\xcb\xe0\xbd\xea=\xdd\x93\x1c\xe8\xa1H/\xa8\
\x8c\xa4\xb2\xb3\x90\xcdB\x81\x9f\xe2\xab8e`:\xa2\
\x8cW\xa3\xed\x17\x82\x10\xb9\x92o\x8a\x9a^\xbb\x02\xaa\
i\x86\x12D\xf5\xa1\x04j\xd6\xbb\xfcA\xf2q\x87\xb3\
^\xd9\xc0=S\x85\xc7\x1e\x93\x08\xa2\xfa$\x02\xef\xe0\
\xd9h\xa3O\x9c\x8a\xe0\xe6\xad!\x0d\xadZ\xa3\xd6=\
s\x08\xa2\xfa\x1c\x02\xb5)\xe4V\x91\x1f\x85B>\x97\
\xaf\xc9\xe5{\x0e\x9a\xf5\xcc\x1e\x88\xea\xb3\x07\xfe\xf3_\
\x7f\xfdH\xbc\x0d\xda\xcd\x10\xc8,N\x1ea\xdff\x94\
\xe1\x03Q}\xf8\xc0h\xefV\xf9r\xd7\xef{\xcb[\
\xc2\xf0\xb1T\xb7\xe7\xfe\xe6\xccI#\xc8\xfa\x1c\xb4\xb0\
\x98=\x10\xd5g\x0f\xb8[j\x05\x0bl>\x9e\xef\xa8\
V\x05n>\x9eo\xc3\xe6\xe3(\xd3\x07\xa2\xfa\xf4\x01\
\xff\xf1s\x7f\xf5\xdc?Zt\xdf,I?7\xd5&\
\x9c\xa8K3y\x99\x0d\x034\x9b(3\x08\xa2\xfa\x0c\
\x02w}\x7f\xdc_\x04\xc5M\xa6\xe1\xd8,\xb7\xc98\
$\xb7a\x0aA4m\xc2I\x1a\x94\xee\xee\xe2\xe7\xe1\
`G\xb2\x8b\xb5\x94y\xa53\x0f\x96\xb1V\x95b\xe6\
\x04\xa7\x0f!P9c\xb0\x1f\x5cn\x120\xc8\xce\xe5\
\xc5\xf3\x00%0\xbb\xf8\xa3i\x03\x04\xcd\x15\xfft\x00\
\xc7!\xf8\xb2\xf5\xce\x14\xfdU\xab\x8e\x07\x82\xd3\x86\xbe\
\x95_\xed\xcf\xdb=\x86\xd9\xcdL'[\xec\xe0\xe8f\
\x86\xb0W\x16{\xf9-}/\xbf\xf7\xed\xd2\xbdx\x15\
\xfc'\xde\xd33\xc9\x1a\xdf\xfd\xbb\x81,\xd7\x13\xc5.\
\x10\xd1,v\xf3[\xfan\xfe\xff\xfcW\xb14\x9e^\
\x0bI/|\xc9\xcd\xd0n\xd0,}\xe3(Gk \
\x85\xacy\x07\xe4\xe7\x0f\xa1W\x0d\xda\x95\xd6&\xd5\x98\
\xc5\x04\x02\xcb\x08\x81@\x95\x97r+\xb3\x1c\x9c\xe0\xd2\
\xb4>f\x99\xb4y\x16C\x08,}\x08\xc1p\xb0\xed\
\xfd\xb9\x09k\x9a\x9cN\x90\xf6pK\x93\xe3\xc0\x96&\
\x8bI\x04\x96>\x89\xc0?z\xe2.~E\xfagw\
\xca\xf2\x04\xa7\x8b\xd7E\x82#N\xe8K\xf3\x94\xbf\x14\
*y\xd5\xff\x9b\xb1Y\x86\xe3\xcct\xe9\xb2Hr\xcc\
\xfa\x8d\xaa\xc5eo\xf7\x10\xber\xb64\xed+g\xf9\
+\xa78b\x03\xa9\xef\xf3xo\xd1{\xf6\xf9\xff\xff\
_\xfd\x7f:\xf2\xe5R\xb7\x93%\x83P\xaf\x0c\xd2\x7f\
\x8b\xd1\x04\x96>\x9a\xc0=9P\xcb\x0a\xc3\xc56\x82\
\x9e\xac\x1d\xe2\xfdK\xb2\x8b\xa5\xdd\x82k\x8e\xc9\x04V\
\xc4@\x1a\x19\xfe\xf8\xe1~\xde\xf2_\xadI\xcf\xa7|\
\xbd\x17\x9e\x0e\xf9\x05\xd5\x83\xb3\xcc\x8e\x7fK\xdf\xf1\xaf\
\xc0%\xe7\xe7P\x14)\xcd\x82R\x87pY\xd4\xa6\xd5\
n\x16{\xfe-\x03\x9e\xff\xe5\xaf\x0a\x91\xb7\xf6c\xf4\
\xf4\x99\xb0)T\xd1\xdb\x1d\xea\x03\xe5\xe6\x01\xad`\xb1\
\xeb\xdf\xd2w\xfd{\x1bk\xfe\xf7#48\x05?\xbc\
9\xca\xd9\xbd9\xca\xd9\x11\xbe\x9a#\xfaR\xa7\xbd\xef\
\xa3~\xdf;\x18\x889\xbb\xf4kw^\xb9DI\xbb\
U\x86\xa4\xcd\xc0\x02K\x1fX0\xda\x5c\x1e\xde(\x96\
\x944\xfaPc\xde\xbc\xfa\x09\xc2\xe4\xa3<\x0f\x9aC\
\x8by\x05\x96\x01^\xc1\xfa\xbe\xb7\xf7\x14j\xe6L\xe3\
\xefm\xefP2g\x8aT23\xb4\xc02\x00-\x18\
\xbc\xf5\xd6/\xe1@\xd7\xec\xe0^&\x06v\x8d&\x0a\
\x16#\x0b\xac\xa8\x89\x97\x89\x7fK[\x9cC\x026e\
\xedb\x8e\xb26\xf3\x0a,}^AP\xe6\xbbo\xde\
A\xc0*\xfbq\xc4m\x8e\x98\x1f&\x06\x88\x05\xaf\x9e\
\xf8_\x9fK\xbd\x80V\xb1\xd3\xc8\xe4Kb;\xa0\x95\
\x81\x8b\x82Y\x05V\xd4\xc8\x82\xec\x85;x\x92\xa8\x09\
\xdetmE1Ko\x12f\x15X\x06X\x05\xcfV\
\xbd\x17\x0bP/wC\x85\x02U\xcb\xdd2U\xcbl\
\xff\xb7\xf4\xed\xff\xff\xf9\xaf\xbbt*\xa1l[\xed\x8a\
\x1a\xd6\x88\xc5P\x05R4;\xfe\xad\xa8\x09H\xfe\xf8\
\xf5\xd3i\xba\x15\xd5\xe8d\xe1\x8a\x03\xc2\x15\x8b\xad\xff\
\x96\x01\xeb\xff\xc9\xc1d\xc6$[\xbdQu\xea\xd8x\
\x0bs\xda0\xe0\xfa\x0f\xb9\x89\xe3G\xafG[_\x01\
\x9d\xa8X\x10srw\xa8Z\x80g5\xbb\xe9-}\
7\xbd\xbf\xba\x19\x5c\xc4A\xc5\xe9\xbd\xbc\x11\x86\xa49\
UT\x14\xc4\x9b-7_\x80x\xf9\x1a\xd67\xd3\xab\
\xa2\xfe\xe8\x89\xe22\x0f\xe4\xd5;E\xbb\xa1* \xd0\
\xd7\xb4\x8bu\x07\xa2\xe6\x0b\xd92\xb0c\xec\xc1\x84\xe5\
\x05\x15r\xa3IF\xef^\x93\x8e2\x9b\xe9-}3\
\xbd\xf7\xf5\xd8WlqR\xa9\xd7\x1a$Q\xafa\xbc\
\xfc\x04\xd1\xb7\xd2\xfbw\x1f\x15\xedO\xae'r\xa5V\
\x1e{\xc99\xb2\x01X\xecI\xb7\xf4=\xe9\xe3\xc7\xdf\
\xc7\x7f\xbc\xa5vV\xa9\x9e\x99\xb2\x94\xd0\xc9`\xc8|\
\x1b[&P\xc1\xcao\xb1x_\x1a\xdf\x04\xf9\xceA\
Tp\x85~s|\x1b\xeb\x9b\xd2\xbd\xefo\xddGk\
\xa0zlv\xea\xc5\xfc\x14\xd5c\xb3\x08\xaaG\x8b=\
\xe9V\xec\xdf&\xd6\xda.<\x22?K~\xda*\x90\
\x0a1\xaf-\xf6\xa6[\xfa\xde\xf4\xe0\xa9\xe4.\xae\xba\
\xc7\xc7\xc1/Pz*U\xf2v#'\xbe\x94*6\
\x14\x99lJ\xb7b&\xf2G\xf0\xd3\x83\x97\x7f\x08\xb4\
U\xbbb\xa10n;\xf4\xeeg_\xba\x15\xb3L\x88\
\xa5\x97i\xf1U\xf5o[$\x9e\x8c*N\xcb\xd8\xe6\
m\xe9\xdb\xbc\x95\x86\xf0l\x9b\xde\xa4\x1d[\xa9\xdc\xe8\
QZ\xc3\x88\xb9\x9c7\xe0\xf6^\x7f\x16\xd4B\xf0l\
\xaa\xab=\x84\xd3^M\xf5\x1c\xbd\x9a\xd8\xf7m\xe9\xfb\
\xbe\xbd\x8b\xb3\xa0t\x03{d\xdb\x0e\x8a7\xf2F\xb6\
\x0b`3\xb4\xd8\xf2m\xe9[\xbe\xc7O\xee\x86\x83\x93\
i\xddBu\xa4\x11\x88D\x82X\x8b\xcd\xdf\x96\xbe\xf9\
[\x01\x91\xd6_\x81\xea\xb8\xac\xac\xea\xac9.W@\
sl\xb1\x09\xdc\x8a\x9b\xd8\xdf5\xbe\xde\x1c\x1f\xbd\x90\
~|\xb3y%\xd5\x145\xb1\xb3\xf0\xd3c\xfb\xb7\xa5\
o\xff\xf6\xce\xae\xfc\xaf\xdf\xd4\xfbT\xc0\xf48\xa1f\
h\xcaD\xb2@\x13I\xb6~[\xfa\xd6\xef\xff\xfcW\
\xf5*\x84gH\xab\xad\x10Hr5\x14\xfc\x19\xfc\xe8\
\xd8\xfam\xc5Ml\xecr\x0f\xc8\xdb\xab\x08=m\xea\
\xd0\xe7\xc8\xc1i\xb1\xeb\xdb2\xe0\xfa\x0e\x02\x0e\x12\xc8\
\xb7U\xff\xf4\x89\x18\xb0jc\xe5[E1\xe4b\xb6\
\x05!s\xc2\xd37}\xfb\x8f\xf6\xfc\xf5 w\x1cz\
\xf7\x16\x04\x1f\x85\xb2\x9bNT82\xc1\xb2\x96m\xb5\
!j\xce\x1f\xfa\x16joy\xdb\xfb\xfc\x16\xa6d\xf3\
\x8d\xf9\x0eO\xc8\xe6\xe7iB\xc6\x0ejK\xdfA\xed\
\x1d\xef\xb3\x1d9(\x85\xa6\xd8\x91\xb3|\x989{\xe8\
\x1b\xa8\xdd\xc5\xf7J\x17)\xefd\x9a\x0b.\x8av8\
\xa6\x86\xbdLsm\xd8\xcbd\xb1\x87\xda\xd2\xf7P\x8f\
\xfe\xf8\x8b\xdd\xbd\xe5\x0e{{\xcb\xe4\xed\xb5\xd8\x8dl\
\x19\xd8\xe3\xbe\xbe\xef/\xd2\x0c$\xd3hOy;e\
\xdaTo\xb2\x1b\xd92\xe0F\xbe\xfa\xec=]r\x0f\
\xde\x8f\x06wd&Tk\x14a\xc3fo\x9e\xc6\xea\
\xecF\xb6\xf4\xdd\xc8\xc1\x03\x95\xcfEH\x14\xc6\x93Q\
\xe4\x93\xc1u}\xc2D\x9b~\xb9\xef\xfd\xb9)*\xe0\
B\xe0\xad\xdc\xa9\xcf\xd2\xcf\x8eo7}/\xafw\xbe\
\xa4\x00\xe4\xf4l\x0a9\xd3\xf4l*\xe31\xe6\xdbM\
\xdf\xcb;\xfaq7\xeaSmQ\xfd\x1f\x95\xf9\x88\x02\
\x80\xcdB6\xf1ZI\x03\xe2\x9b\x15o\x83`\xe9A\
\xeeh`\xc0v\x05\x03\xe6\xeaX\xdf\xc0\x1b\x9c\x89\xe0\
\xae\xe031Y\x03J\xa7\xa2G\xa7\x82\x17\x8b[\xfa\
\x8b\xc5\xbd\x95\xbf\xbc\xe7g4\xbb\xb1C\x1e\x19\x8do\
p\x88\xce\xe6]+i\xe2:\x1e?^\xf0\x8f\x16\xc7\
\x8b\xeb\xf2u\xdc.\xfd\x22M\xcf\x8aO\xa7^\xbb7\
\x0bq\xf3\x85\xaco\xde\x0d^y\xa3\xbb\x0d8\x1d\xea\
\xa1W\x9d\xa2\xda\x9b\xad\xe2\xe9\xe0+9i\x805\xf4\
x8X\x95\xc0zN)(\xeaE\xae\x9eC\xf51\
[w-}\xeb\xae\xff\xed\xb5\xf7\xec\xbb\x7f\xff@\xea\
\xd2+\x91^\x0b<8N\x0b\x1e!\xec\xdc\xb5\xf4\x9d\
\xbb\xe3\x9b\x0d\xb5Q\xfa\x89rH\x0b\x83\x90\xf0g\xd7\
*\xaae\xb6\xd2\xc3\xa9\xdc\x821/o\x1a\xb7R&\
\xee\xe3\xd1\xab'0\xf8W\x12\xbdN\x83\x06\xffv\x8b\
\x06\xff\xec\xe0\xb5\xf4\x1d\xbc\xde\xe0\xb5\xfbf_\x9a\xfc\
;\xa5\x9cZ2.\x9d\x87\x1c\x0c\xfey\xbd\xb8e`\
\xbd\xf8\xd3SEBZ\x5c\x15\x16\xceWU{^\xaa\
|\xaa\x15\x88\x94\x13F\xca2A\x00\xdc8\xf5\x9e\x9e\
\x8d~n\xcb\x04\xc0\xe2dG\xf7\xbc\xac\xe4-\x14\xbb\
\xf0\x1ae\x8b\xb1\x95\x8a\x99\xb0\xde,\xec\xf8{\xd7\x12\
\xc4245\xd9u\x95;D\x92e\xabZ\x84\x8c\xc1\
^c+e\x80\xc0:\xee\x7f\xf4\xbe}\x94:W\x9d\
|\x95\x0c!]:\xc0\x9c)\xf4M\xc6\xca[\xf1\xe6\
\x83\x7f\xba\x0f\xee\xdd\xf6\xdf6H0\xf1\xb6IA\xc8\
\x86cK\xdfp\xec\x9e\xae\x8d\xffxKh\xf7N\x86\
\x1b\xdc3\x19*~\xd8vl\xe9\xdb\x8e'\xbbk\x95\
\x09\xfd\xf8\x94v\xd7\x16:\x8d\x9e\x0cK/\xd7\x0b\x94\
8\xf8\xe5\xa1\xef<\xf6Wn\xbd\xd3\x1d\x09[b\x97\
2%\x99Zbg -\xb3\xf3\xd8\xd2w\x1e+\xd9\
\xca\xfa\x06HwC\xd9J\xc7f\xedn\xbbH\xda]\
\xf6\xc6Z\x066s_}\xf6\x9e\x1f\xe3\x0ef\xb5\x1c\
d\xca\x0ef,,\xd9\x18k\x190\xc6\x06\x1f\xfa\xf3\
\xbe\xf2V\x08\xd7\x85\xfa\xd03\xa1\x0dY\xbe,\xda3\
m\xb8,\xd8\x1ak\xe9[c\xfd\xcd/\xcaC\xbf\xbe\
!\xd3\x09\x82\xa3!\xd2\x09\x8a\x10*\xdf\xc6i\x03\xad\
\x14\xff\xee\xa3D|h\xb5s%\x99\xf8\x10\xfcI\x13\
\x22\xe5\x1bX\x7f\x19\xb7:\x08\x8f\xd6\xc6\xbb_\xdc\x87\
\xf2A(\xe6\x95\xffJ\xb6~\x14g\xa0\x94`\x17\xaf\
\xa5\xef\xe2U\xa9n\xe9\x14\x10 \xc1Q\xa8\xd8S\x18\
 3\x15`\x80X\xec\xe2\xb5\x0c\xb8x\x83\xcf\xbcL\
\xcdx\xf5\x99\xab\xa4lk\xd3$7\xc6&\xde\x98\xbe\
\x89\xd7}\xf8\xc5[}\x0c\x97Z\xb9Tow\x1at\
\xa5\x95\xa9M\x1cc\x03oL\xdf\xc0\xeb?<w\xfb\
\x9faB\x13\xe2\xdb\xa6\xd9\x98\x8ad\xf7\x8f\xb1\x8f7\
f\xc0\xc7{\xf2\xdc_\xf9B\xddx\xbb\xd1\xcac3\
\xbe\x85_\xd9\xe2\x80\xf5\xfbU\xe7+\xee\xc9\xd2\xb8\xff\
\xc0\xed\xbf\x967\xcb\x97K\xed\x0e \xf2\xcam\x888\
\xc6\x11\x9b`@x\xdfhIS\xa6Q.\x91\xf0#\
S\x06\xe1G\x8c\x1d\xbc1}\x07\xaf\xda\x0c\xbb\xff\x00\
\xc5m\xd5)=\xccJ\x15\xcfD\x82#\xd6g\xcd]\
?wo\x08\xabP.u\x14\x82\xa5\xc0?\xbd\xf2\x1c\
\xfe\xf4\x92\x1c\xb5~\xe6[:u7\xb7\xc1\xdb\x1d\xe4\
\x90\x19\x1b\x95\x14\x95\x19PR\xc4\xd8\xc3\x1b3\xe1\xe1\
UO\x7f\xf8\xed\xb5\xfe\x86\xc4\xc2\xaf\xafU\xc4__\
\x9ac\xd6W\x04-<\xf6\xce6\x83\xac\xe7\x1d\x9c\x0a\
>\xcdFh\xdfm\x15\xc5\x85G\xad\xb2\xfc\x06\x89\xb1\
\xe78f`\x1d\xfa\xe7\xa3\xe1\xd5>\x0a\xaf\x94h\x9e\
:\xf2=B+\xc4\xd8s\x1c\x8b\x98\x00\xe5\x8d\xfa\xb7\
\x9c\xabs\x8c\x08)\x93K,\xc6\x1b\xd1c\xfa\x1b\xd1\
\xfd\xbb\xb7\xee\xfa3\xdeyTg\xb6{\x1d?1\xa7\
=}\x93\xb4\xff\xf0\x91\xf7\xe2\xc0\xff\xbe(\xed\xdd\xa8\
\x85\xaa\xd2F\xb6h7\xe4\xa5\x1b\xb5\x02,\xdd\x88\xb1\
G:\x1611\xa9Q+Lw\xbf\x8c\xfb\x97\xf2\xc3\
4\xec\x17\xaa\xfa\xbe*Oj\x0a3U\x88\x9b3\xa0\
\xbeQzx\xf3px\xbd\xea\x9e>\x10\xda\xc6\xbdb\
\xa9&\xb6\x8d{\xf4\x859\xf3\xe9\x1b\xa4\xfd\xd5M\xff\
\xf4I\xf0\xcf\xf8\xa3`\xf7\xef\x84c\x8f\xa0\xba\x10\xef\
\xe3V\x0b\xaa\x0b6G\xc7\xf4\xcd\xd1J\xbc\xbb\xbe1\
\xfc\xf1QR\x10\xd6\xc3\x1c\xe2\x94\xc4\xa4W/:\x90\
\xf4\xd8\x19\x1d\xd3wF{\xbb\x0f\x86?\xb6\x87WK\
\xa3\x1f\xbf\xbb\xc5*\x9dz\xb5\xa3:\xdd\xf3\xe2\xf9\xad\
T\xe7\xa1\xb2`_tL\xdf\x17\xfd\x9f\xffz\xdf>\
H\x00\xd0V;\xb8\x22\x00\xfd\x19\xfc\x19\xdc\xc4l\x89\
\x8e\xe9[\xa2\x87\x83\x1d\xef\xeb\xaa\xbf\xf4\xd1\xdbx'\
\xb0\xe8\xd4\x04\xbaWR\xa3~I\xd8\xe6\xf4*\x102\
\xa7;\x03\xa6\xe8\x87}\x86\xafT\xa7\xc2W\xaa\x04_\
\x89\xb1):\xa6o\x8a\x0e\x9e \x8aa\x22\x10\x153\
\xaa\x00\x12\xa7K\x99\x16}[\xces\xfa\x96how\
\xc9\xbf%+ik\x22[\xa2NE\x8bdK1\xf6\
C\xc7\xf4\xfd\xd0\xfe\xf2G5\x0d\x03\xa1\xd5\x84\x99@\
B\xab.F\xcc\xf9M\x7fs\xbb\xca\xcb?\x06A)\
/u\xb9\x7f\xb1x&\xd5<4\xba{\xe5b\x1d\xe2\
\xe6l\x17M\x98\xb0\xaa\xec\x0d\xbc'gR\x11\x14\x84\
\xdbS\xe9\xae#\x97@\xc5^\x0b\x124\x1b\xbac\xfa\
\x86\xee\xd1\xe0\xf5\xa8\x7fE\x92\xa0\xc6d\x1d\x08k\x82\
\xf8\xba\xe0\x94\xa7\xef\xe7\x1e}ZU\x22\x1b\xf9\x9dW\
-\xfd:!\xf0\xce\xab\xf6\xe8\x9d\xc7\xa6\xee\x98\xbe\xa9\
\xdb\xbd\x19\xa8{Y^+\x1d6\x00\xc2\x9bY^%\
4W\x05\xbaT\x8c\x97\xba\xc7\xf4\x97\xba\xff\xeb?\xff\
\x1d\xf5\x1f\x8e\xef\xedKN\xcd\x09]J6j:\xf0\
\x85\xd9\xd2\x1d3`\xe9>]\x1b^}\x1d}\xb9u\
/\x8f\x85Yi\xb5\x14.\x88)\xc8A\xcfT\xcb\x05\
\x88\x99\xd3\x89e\x02\x1b\xeb\xdd{N\x9aG\xbb\xde\xa2\
\x5cRm\xd1\xcd\xcc~\xee\x98\xbe\x9f[\xbd\xa4\x0f/\
\x86\x83}X\xe8\x1eV\xf3\xb0\xce\x9d\xb6\xd1\xc5\xd8\xd1\
\x1d\xb3L\xe4\x12\xef\xe2l\xda\xf0\xb1=e\xf8\x88\x9d\
z^\x8f\x1e\xd3_\x8f\xee^\xdf\x8dv\x0e\xdd\x97\x7f\
\xc8\xfa\x95_\xe6\x0fY\xbd\xd2\xa2\x9f\x1eg\x11}\x17\
\xbaw\xb5\xe8\x9d}\x95<Ls\xa1\xb8\xadC\xa6\xee\
9z\xe3\xb1\x03=\xa6\xef@\x1f_o\x06E\x1c\xc0\
\x1ff'5\xdc\x14\xf8\xc3,\xc1\x1fblD\x8f\xe9\
\x1b\xd1G\xb7\x1b\xee\xe0\x12\xba\xc8\xb5|\xb8:\x96\x9b\
\xc8\xb5\x0a5\x91\xd9\x89\x1e\xd3w\xa2\xfbw[\xfe\xed\
-\xc9w;\xf5\x1ci\xfc\x1d\xdaQ\x18c\x1fz\xcc\
\x80\x0f\xfd\xcb\xba\x92\xba\xf1\xbc\xa9\xf4\xcf\xe7MlD\
\x8f\xe9\x1b\xd1\xbd\xefo\xbd\x8b\x9f\xf0\x81\x9b\x9dz\x8f\
z\xb1\xcd\x1e~`\xcex\xfa&\xf4 \x83\x8c\xfb\x97\
\xdc\x8b\xad\xe6\xf1\x0b\x97qz\xc3\xab\xd1c\xfa\xab\xd1\
\xdd\xcd5\xa5@\x97\xe7 \xadP\xc7].\xe5q\x16\
\xd2*\xd3,\x84m\xf31\x03\xb6\xf9\xc1ep\x90%\
etxO\xc8\xd2\xe8\x0ae\x0f\xf6\xcb\xc7\xf4\xfd\xf2\
\xc1\x03\xd5}\xf3!x9\x8d\xef\xbd\x14\x1f\xa8\xedp\
\xff|\xa9'\xd6\x15\xc5v\xaf\x07As\xca\xd3\xf7\xcb\
\xbb\x8b\xef\xd5\xc2f\xf9\x1c\xcfM\x14\xa6t\x90\xe7\xf0\
\xd9\xc4\x8e\xf9\x98\x81%\xe9\xdf>\x0c\x07\xdb\xd8\x08h\
8\xb8>\xaa\x88s\x1bv\xcb\xc7\xf4\xdd\xf2\xde\xf9\xca\
\xf8\x8f\xb7\xe3O\xbbRg(8\x18!\xdc\x06\xb6\xef\
\x143\x05\xe8\x0f\xb1[>f\xc0-\xbf\xb8\xec\x9e\xde\
\x80\xc1_\xbd\xa5sv\x83-\xfe\xdd\x1cX\xfcc\xec\
\x9a\x8f\x19X\x9a\xbe\xdc\x1f^\xed{\x8b\xef\xa4%y\
\xbf\xacmy\xd5\xd7\x92k\xce\xacS\xa4O\xcd\x99O\
\xdf7\xef\x9e\x9f{_.\x82\x87\x88\x7f\xbb(\xdc\xcb\
J\x99\x15\xbcDfD\xbdt\xd1\x81\x1f \xbb\xe7c\
&\xdc\xf3+\xe3\xedO\xc0\xe4m\x85W\x062y[\
]`\xf2\xc6\xd8?\x1f\xd3\xf7\xcf{\x97\xe7\xcaPq\
\xb0.6;\x83\x80\xe5\xef\xdb\xa5\xcf\xcb)\xcf\x80q\
\xfe\xef<\xe2\x1f-N\xcd#\x04\xf1\xe6T\xc2\x0b\xd3\
c\xfa\x0b\xd3\xfdo}\xf7\xf6\x04\xa0\x8a\xad\x10\xd5\x8c\
D\xc5\x16\xad\x02\x8d\xb1\xdb?\x167\xe1fr\xb7\x96\
\x91\xa8\x18\xbc\xa0\xd0\x94\x87Mp6\xfb\xc7\xf4\xcd\xfe\
A\xbav\xefh\xa0\xae\xd2u\xafH\xad\x969,\x94\
\xd9\xec\x1f3\xb0-\xfd\xfc\x8d\xfb\xee\xc1h\xed\x93@\
\xe3\xa9\x17j\x9d\x9a\x0c\xe3\xa9A\x17\x99=\xfe\xb1\x84\
\x81\x85X\xde\xfd\x97\xc3\x9b\xb7\xd2@\xaf\xa3x\x95\xf2\
<\x0f.4^\x8f\x1e\xd3_\x8f>\xda9\x1b^}\
\x86\xa5\x89\x93\x0b\xa21emb\xbb\x07k\x13c\x09\
\xceu\x09\x03\x8c\x18\x85\xe1y\xfcY\xfc\xc0!\x02K\
\xfe\xc2t\x188\xcb\xe9\x03\x14\xfc\xbbewq\x95\xfa\
\x14\xca+\xf6\xbf\xe9R0A!\xa6OP\xf0v\x0f\
\xdd\xdb\x9fP\xcc\xabB>8\xc5T\xccw\x09\x98\x17\
c|B\xcc\xc02\xf7O\xbb\xc3\x9bCi\xb5jP\
\x11\xab\x8c!\x89\xfd\x0b\xf39\x08\x95\xf3[\xc2D~\
\xf3\xb6?\xe0\xaa\xddRmJE\xdc\xaaQE\xcc\xcb\
\xdbc\xfa\xcb\xdb\xfd\xbbE\xef\xea\x0a\xd2E\xb7S\xe7\
\xedA]|*1\xee!\xa6\x8f{p\xfb}\xef\xe9\
\xb5\x1a~\x08\xebKZ\xa5\x19{r\xa7\xe1\xfe\x92\xd6\
L\x19&L\xcc|\x88\xe93\x1f&f]ws\xdb\
=\x7f\x22\xfd\xf0\xbaA\xe4\x8a\xe5&}\xe8\xee\x0cT\
>\x0c}\x88\x99\xd9\xdc~\xfa\x00v\x13\x86\xb9\xa3V\
\xc2\xe5\x84\xbd\x1a,'\x8c1\xf7!f`q\xfb\xc6\
\xbe\xb7w\x82C\xde\xcel\x07\x07\xbc\xb3t\xb9\xf1\xd6\
\xf6\x98\xfe\xd6\xf6\x7f\x05\x05\xc5\xd33@\xc42\x14\xed\
_HE\x8b1\xa3\x22\xa6\xcf\xa8po/\xdd\xb3\x1d\
\xa2\x06\xe7\xf3M\x84\x06\xe7\xf1\xf3r\xba\xd3'Tx\
{\xa7\xee\xeeJ\xf0\xe6\x10w\x96L6\x80H\xfd\xd7\
2\xe4f\xc6R\xc4\x0c`)\xde\xee\xb9\x0f\x0e\xfc\x87\
\xa7\xd2\xcd\x16\xaa\x13\xea\x13#\x1e\xdem\xdd:M\xcf\
\x99M\x11\xd3gS\xf8\xf7\x0f\xdc\x93\xcd\xa9R!&\
\xc4\xb0V\x88)\x151}JEPg\x06\xcf\xba\xc1\
7\xa9\xce\xcc\xf7\x1aTf\xd2E\xcc\x19O\x9fP\xe1\
=\xff\xec^\xbe\x08\xca y\x8b\xa2Z\xb7\xda\xe8\x04\
\xb5\x10,Q\xec\x15\xba\x104\xe7;\xfd\x1d\xf3\xa3\xe3\
\x17j\xde\x0fO\xfd\xe0L\xb4\xa6<\xf5[\xf4\xd4g\
\xaaF\xcc\x00Ucq\xc5}\xd8\x87c\x1c\xce\xa3\xd1\
\x9aW@k\x1eS5b\x06\xa8\x1aw'\xe3\xdd\x8b\
\xe0E*\xed<\x9e\x0d%\x9b\xe1\xbe \xb9\xe2\x9cu\
\x8ap[0`#\xa6\x0f\xd8\x18^-\xb9\x9f\xf7\x89\
\x9f\xa8\xfc\xc6S\x00\x8a3\xf4jb\xd2FL\x9f\xb4\
1~\xfbT\x11\xdc\x96\xee\xcb\x83\xb1\x86b\xfb5i\
*Vl\xc2T\x8c)\x1b1}\xca\x86\xd2\xdb|\xbb\
\x0c\xa2\xf6\x17o%\xbdM\xd1V6\xe9\xb6|2\xaa\
\xc5\x22\x8c\xc7\x98\xb2\x11\xd3\xa7l\xa8\xf6\xe0\xfa\x92\xbf\
~:\xbc\xda\x97\x9eO\xe1\xb9p\xec\x86#2XP\
u\xc3\xb4\x8d\x98>mcxu\xe0=?\x83'_\
.l\xb0\xe4\xf9\xd1\x97+\xd3\xa3\x8fa\x1b1}\xd8\
\x86:\x1c{\x8fY\x8c\x15\x14\x1b\xb4\xae\xa2\x8aBY\
\xa6m\xc4\xf4i\x1b\xde\xc2\xa3\xf1\xce\xaa{y\xec.\
^\x8a\x0cE\xa5\xa5W\x8a\xb7\xb2h\xe9\x9d)P\xd0\
\x9c\x03S\x06(\xa6+\xc1\xc1\x98\x96P\xb8\x17[\xc0\
^,c7bi\x13\x0cl\x7f\xe9#MN;v\
\x8f\xe2-r\xbc\x9c\x01\xd3\xfa*\x96{\xfb\xdc\x9eW\
\xb2Ml\xcf\xb7\xb1\xeeLs\xf6K\x1b0\x00l\xb8\
\xfd[\xf7\xfc||\xb3!}\xe0vG\x0d\xf4r%\
\x18\xdb\xb4\xa0\xad\xc5X\x93\x98>\xd6D)o\xfe:\
b\xe5\x0d\xcb\xea\x9bx[0\xd3$\xa6\xcf4\x19\xf5\
\xfb\x0ax\xfcs{\xf4\xe3@~\x90\xa8\xfe\xb7\xc2b\
U;\xe2\x08\xb2=\x0f\x1d{f\x85\xc4\xd2\x06r\xc9\
\xe7\xe0#\xab\xcd\x15B\xb3\xb37yCM\xde~b\
\xcf\xb3W\xc9\xd2\xe9\xe0d\x926An\x1a\x1d\xf3Z\
\xfa\xa9\xb2\xfa\x19\xd4\x8707$\xa6\xcf\x0d\xf1\xae>\
xg\x9b\x10\xf2|^\x89{)\xe2y\x14\xbf15\
$\xa6O\x0dQ\xaf\xbf\xdb\x03\x888x\xfb)\x04\x19\
D\x5c 1Y\x9c\xb1!q\x03\xd8\x90\xadS\xff\xee\
\xa3\x7fr\xeb\x9f\xbc\x12\xc4\xb29U\xcd\xc9S\xc8\x1c\
\xack\x8e34$\xae\x0f\x0d\x09\xaa\xe5\xf1\xab\x01\xd8\
\x16\x8a\xaa\xf8\x0c/:\xd9\xb6PlA\xe3%\xce\xcc\
\x90\xf8\xbf\x0d\xb0\x0a\xcf\xbc\xdd\xc7\xc1m'u\x94\x1d\
\x04mv\x9d\x16\x04kq\xb0\x06\x0ce\x0f\xdd\xbbg\
\xb0H\xa8\x18\x8a\x85p\x8fP\xb1\x07{\x84\xe2\x0c\x0c\
\x89\xff\xdb\x04\x1bk\xfc\x07\xa1\xa5'\xbb\x8fp\xe9\xaa\
\x83\xbf\xba8G\xac/\x86\xbc|\xae`\xd8\xa7\x03Y\
\xddT.\xd5\xebb\xc6\xcb\x96\xeb\x10m\x82\xa3\xd5\x97\
\xffo\xad\xbb'\xdf\xbd\xf3\xa5\xdf\xa7\xa7\x93\xf6l\xb1\
#\xef\x0c.B\xb0I\x0e6ib\xf1\xe3\xf1\xf1\xf0\
\xe6\xa5\xf7\xe7\xa1\xe0\xf0\xb6\x1b\x93\xd4,[\xbc\xedl\
\x01BNq\xc8\xfa\xf6\xb1\x1f_\xdd\x13\xces\xa5i\
\x14\xec\xf9\x22\x1e\xe04\x87\x9c6p\xa5\x8dn7\xbc\
\xddC\xe9J\xab\x85\xfb\xba\xc5+\xad&79\xe3\x0c\
\x08\x89\xeb\x03B\xd4\x92\xa3\x07/Y\xe2\x1d\xbe\xf1H\
\xe3]\xa0\xef\xcb\x84\x90\xb8\x01BH\xff\xa3\xf7\xf6\x09\
t\xdf\xba\x9d|\xb31\xcd[\xd1mB\xff-\xce\x90\
\x90x\xc4@\xcb\xf0\xb3rbM\xb169\xb8\xfd\xba\
\x87\x171cB\xe2\xfa\x98\x10\xb5\xf4\xe1\xe4\xc5\x94\xa5\
\x0f-|\xfa\x17\xc9\xf1\x16gFH<b@\xfd\xbf\
\xea\x9f\x9cJO\x0f\xa7\xd1\xe9*\x03\x8b$r\xebB\
^f,H\xdc\x00\x16\xe4j\xc5\xbd\xa5u\xf3\xad\xe0\
\xf9L\x8f\xfeV\x0e?-\xe7\xb9\x88\x01,\xd6\xe2\xf0\
z\xd5\xfb\xba*1\xb1z!\x17D\xdc\x83\xd6s \
X\xces\xfa\x5c\x90\xa0\x10\xf6.^\x8f\x97\xd6e-\
z)\xd3\xf8\xf5\x14\x15\xb5\xe8\xc0\x81\x883\x19$n\
\x80\x0c\xf2\xf4\xcc\xbf[\x94\x8e\xaeRV\xc0\xd1\xed\xe2\
\xd1\xe5\xfc\x161\x91\xdf\xdc\xc5\x15\xe8qw\x7f\xa5\x0c\
\xeaqwi\x01a\x9c\xc9 \xf1\xa8\x89%\xabj\xcd\
c\xff\xa74\x98\xae\xe4\xd5\x96\xc7\x06\xce\xa4+\xb9\x02\
<\x8d\x18\x0d\x12\xd7G\x83\x8c\x96\xcf\xdd\xcd+wI\
\xe0\xe3\x97Z\x0a\x0c*\xb2\xf1\xe1\xf02\x12$\x1e5\
\x90\xdc\x9e\x06u0N\xcfK\xaa\x14\xa6\xeb\x8c\xd6\xc1\
\xc4\x19\x0d\x12\xd7G\x83\xf8\xb7g\xbce^M\x1by\
\x9d\x98\x8d\x01s\xbe\x88\xc6M\x80\x1f\xef=\x87\xcd\xc6\
\x99F\xab4e\xb1q\xa6\xd5\xa4\x90\xf9\x16\x8e\x9a\xd0\
'\x0cv\xbc{\xc7\x82>\xc1!\xc9n\xf0G\x14*\
\xdf\xbe\xfa\x90\x0a\xf7\xfaj\xf4vs2p\x14\xaf\xb4\
\x99\xced\xe0(\xddhDe\x8e3\xa3\x22n\x80Q\
\xb1p\xec^=@N\xa5]\x9f\x99F\x88-\xd3\x14\
:\xce\x90\x8a\xb8>\xa4b\xfc\xfa\x81w}\x9f\xa6v\
\xc1w\x9e\xb5\x11\xa20K\xbf;\x8b/a+\xa2\x8f\
o\xdbUK\xe6NN\xa5\x922\xd3\xe8v\xe4e\xed\
\xf0\x94c\xa6F\x5c\x9f\xa91\xfc\xf1P\x91\x99\xfb?\
\xc7{\x8b\x22\xe5X\xb5\xb1;\x0d\x99D\xd8.\xd0\xd7\
\xe5kX\x1f\xa9\xe1>8s/\x9f\xc3\x94#\xf3\xb7\
\x06\x96\xa7\x1c\x99,L9\xe2L\xd6\x88\x1b k\xec\
-)q\xd0\xf2\x86\xbb\xf9{}Y\xfd\xf5\xfcT\xcf\
\xd0\x19[\xc4\x814\xe19\xc7p\x8d\xb8>\x5c#\xa8\
-\xdd\xf7\x0b$|T2BT>\xce\xd3\xfb\x93\xc9\
\x1aq\x03d\x8d\x07\x07\xee\xd9\xfeh\xe3\xd4}\xfd\xbb\
\xb6\xb4\x1e~\xe5_\x0bb\xcarG%\xb8\xff\xe8P\
s\xde\xd3\x07l\xb8\xd7wJ*-#\xdd\xc3\xe2x\
\xd2\x84\x07\xf3`\xa1\x9b\xa53\xcd)P\x9f\xb3\xe1n\
\xad\x8d\xfa\x0f\xa9Q\xac\xfa\x13\xff\x8bF136\xe2\
\xfa\x8c\x0d\xef\xfdG\xef\xcb\x85\x92\xd1\x0bp\xcdP\xb2\
\x99W\x07\xa3&o\xa5,\xcbv\x9b8\x136\xe2\x06\
\x08\x1b\x07\xf7\xc6\x0b\x8f\xfd\xa3E\xf7\xcd\x92\x84'\x08\
\x0d\xc7\xea\x84d\xf2\xf2\xdb\xbf\x97\x81\xa89\x07\xeas\
6\xdc\xc5e\xff\xae\xef=9\x93\xe8Rj8\x1a\xc2\
\x84:\x80\x98\xea\x96\x01T\x10g\xd6F<fd\xb0\
\xb4\xf7\x9e\x5c!\xa5p\x7f\x10\xd9B\xb2Tj0m\
#\xaeO\xdb\xf0\x0eB\xcf\xa3\xac\xc3\xaa\x86\xdb\x83X\
\x86U\xa5\x85\xf3q&W\xc4\xf5\xc9\x15\xfe\xc2\x8e{\
\xfb\x0c\x0e\xb4Z\x83\x95\xcbO;\xd0U>\xd0\x9cY\
\xf4!\x16\xe3\xfe\x9f\xee\xd5s<\x1b\xc19\xceQ\x19\
\xda\xc5\xf6\x1b\x13,\xe2\x06\x08\x16A\x95\xb4q\xca\xfb\
\xaf'\x84Ez\xb2\x161f\xce(\xfa\x08\x8b\xf1\x93\
;\xe5\x04X\xdf\x97z.\xbd_0\xcb\x0c\xb7]z\
\xdd\x0c\xb4]\x18d\x11\xd7\x07Y\xa8\x8a\xff\xf6\x12\xd2\
JP\xf4\xe78\xab89\xca*\xcc\xb1\x88\x1b\xe0X\
<Z\x1b\xfeX\xc0F}\x13/\xbab\x93\x0e\x06#\
,\xe2\x06\x10\x16\x9bo\xc6\x17k,*$\xe1f\x01\
[/\xcc\xae\x88\xc7M\xa8\xbd\xc7\xfd\x07\x10\xee\xbc\xca\
~\x10\xef|\x19\xe3\xe5<\xa2O\xae\x08\x82UI\x84\
Fz=V\x06\x95imp\x9c\xb9\x15\xf1\xb8\x91u\
\x8a\xdf\x17A\xb7\xd2R\xab\xfeBg\x88\xac[ie\
I\xb7\xc2\xfc\x8ax\xdc\xc0:E\xff\xf2T\xaa\x87Z\
\xed*UB\xc1\x1fA%\xc4\xc8\x8ax\xdc\x80&\xef\
y\x10\xab\xff\xee\x81\xffnE\xda\x08\xaa\xc8\xee\xe5\x8e\
\xbc\x14\x94tL\x0c\xac\x88\xeb\x03+F[\x0fB\x99\
\xf4\x8a4\xbe\xa9\x96\x0a\x7f\xb3\xfe\xc5\xf9M\xb5\x00,\
\xa183+\xe2\xfa\xcc\x0a\xff\xeb\xf3\xe0\x81\x0dC\x91\
\x8c\xb2x\xd3D$\x93\xa3\x89\x08#+\xe2\xfa\xc8\x8a\
\xe1\xcf\x0bws\xdb{\xb2\xe7\xff\xf1E\xea\x1f\xce\xd8\
\xc1\xbf\x1a\x8e\xdc<,C\xc4\x0c\xae\x88'\xcc\xb8y\
\xd7\xa4\xdf\x5c8\xcd\x9b\xa1\x9f]o\x06~u\xcc\xae\
\x88'L\xecoW\x00V\x92\xa1\x97\xca\x0c\xf2\xc6\xb4\
\xc1\xd8\x8a\xb8>\xb6bx\xbd\xe5\xde\xdd\x07\xe0Q5\
?\x8dwT%\xdeQ\x9c\xe1\x15q}x\xc5\xe8\xf8\
\x85{\xb2\x04\x89N\xb5\xe0\x1c\xf4J\xb7\xb0e\xc1\xec\
\x8a\xb8>\xbbb\xf4y;\xec&\x8b\x8a\xd2\xe0\xa1\xa4\
\x08\xfa\xb0\x8d'CW1\x93+\xe2\x09\x13\xfb\xbbT\
/K\xdexTQ\x87\x82\x16\x1eU\xba\xb0\xf0(\xce\
\xfc\x8a\xb8>\xbf\xc2\xbb\xbb\xc7\x86\x95\xb0\xf8\xa1]<\
=\xfc\xd5q\xae\xd3\x87W(\xb8\xcd\xb7U0\x99\x86\
\x14\x88<\x9aL\xcbY0\x99\xc6\x19_\x11O\x18X\
br\xe8\x0d\xb6\x82Z\xcd\xff\xfa^\x1c\x96)\xc7\x7f\
P\xac\xc9\xfb\xe6\xbbN\x96\x82\xe6t\x970\xb1\xb3\xd2\
\xbf\xffs\xbc\xb4.\x01\xc7\xd5dD\xf5U&k\x84\
\xe4,\xd2\xae\xf7@\xff\xc8\x08\x8bx\xd2\xc0\x12\xe1\x8f\
jV\xbd\xb8\x22\x90\xa5&\xb6Xx=\xb7I\xae\xc9\
\xf4\x8a\xb8\x01z\xc5\xf5\x85\xf7\xe5\xc7\x84\x14\xf2\xbb\x9d\
\xb7\x14\xda\xc5BT\x88d\xe6\xedual\xc6\xfc\x8a\
x\xd2\xc0\xd6\xca\x15\xff\xe7[\xef\xe8^\xf0;\xfc]\
i\xa1\xfa\x84j\x9a\x9a\x95J7;\x0b \x968#\
,\xe2\x06\x10\x16\x8b_\xc7?\xb7F\x077\x12\xd8]\
\xfd\x00\xe7\x94\x1cK&\xbbw\xe7\xa8\xdad0D<\
i\x84\xec\xfe\xec\xd94\xf9\xe3\x1c\x83\xdd\xe7(W3\
\x12\x22\xae\x8f\x84pO\xae\xdd7\xef\xbc?\x0f\xa5\x1f\
\x9f\x1a\xee\xe5\xec\x82\x8d?\xbff\xae@\xbf?N'\
\xfaL\x08\xf7\xe6\x9e\xf7\xfd-\xed\xdb\xb4KM\xde\x9e\
Wi\xe2g\xe6l\xa2\x8f\x86\x18\xde\xec\x8f\x9e,r\
\x9d\x9c-\xda(\x1e*b\xa3\x9e\xc1\x10q}0\x84\
Z\x1a\xf3\xf9\x99\x7f\xf2\xc6?]\x90\xa68\xbdR3\
_\xef\x81s\xa5\xd5kB\xfec2D\x5c\x9f\x0c\x11\
\xbcO\x011\x1d<N\x810\x9d\xa1\xc1\x0d\x13!\xe2\
\x06\x88\x10{\xef\xbd\xfe[\x7f\xf9\xe3\xe8\xc3@\x94f\
uK\xe1\x91\x90\xd3t\xb6\x0b|\xdb8\x13!\xe2\xfa\
D\x08\x7f\xf5||\xf4B\xfa\xbcJ\xea4\x93\x97?\
\xb0C/SFA\xc4\xf5Q\x10\x0a\xf1\xb6\xb2\x0b\xca\
\xa1\x96]jw\x1a,\x1cj\xb5I8\xc4,\x88\xb8\
>\x0b\xc2\xfbv\x19\x94A\xd0^)N*!j\xb0\
\x14\xb3\x94\xf2\x18\x05\x11\xd7GA\xb8\xc7\xc7\xfe\xc2\x0e\
T\xf6v#\x1c\x8eQeoW\xa9\xb2g\x12D\x5c\
\x9f\x041\xba\xdd\x08B\x86Fl-\xaf\x9e\xffl \
\xac\xd1\xde\xa38\x83 \xe2\xfa \x08ep{\xbc0\
e\x19}\xbb\x84\xfe\xf96\xa5\x0f\x06A\xc4\xf5A\x10\
\xa3\x07{\xfe\xe69\xd4\xc8\xdd\x92\x92\xc1Q\x89\xdc\xad\
R\x89\xcc\x14\x88x\xca\x00\xde\xf6p|\xbb\xe7/_\
\xfb+K\xa2\xd6\xb0\xa0DO\xe1 \xaf-Kq\xca\
\xd5,\x5cu\xcc\x82\x88\xa7\x0d\xc8\xbe\x7f\x0c\xaf\x06\xe3\
{\xfb\xc1\xd7\x16n\xe6\xf9|\xb8\x17K\xa6N9\xf3\
m\xf8\xd6\x8c\x83\x88\xeb\xe3 \xd4\xb4iim\xfc\xe1\
/i\xd4T-\xd5$E\xd9|\x15\xc6\x8e\xcc\x81\x88\
\x9b\xe1@,\x9dz\xbb\x8f\x87?\xcf$\x0eDPn\
:\xa5\x8cl6\xae80\xf7g\x0aD\xdc\x00\x05\xe2\
\xe9\x99\xdag\x22\xd2\xfe\xd52\x13\x22\xfdWAZ\xc1\
\x04\x88\xb8>\x01\xe2?\xff\xf5\x0e\x9e\xf9w}i\xc2\
4!\x84\xca#&\xb8\xd2\xd2\x9c\xeb\xd2\xda\xb9\xce\xfb\
\xeb\x9d\xb7w\xe2\x0e.\xfdw\xbf\xcf\xcc\x15\xb3r\xb2\
\xefH:\x0a\x8d\xd9\x0a\xf4\x09\x19T\x11\xd7\x07U\xb8\
\xcb\x1f\x82\x87\xffx\xff\x81\xa8Z\xa9\xca\xc5e\xd5\x86\
67\xd3)\xe2\x06\xe8\x14[+\xc1C\x14.\xb1r\
)g\xf3\x1dV\xce\xe1\x1d\xc6\x19N\x1fN\xe1\x9f\xee\
\xfbw\xcbS\xdc\x15\x85\x1a\xea\xbc\xb3h\x08a:E\
\xdc\x00\x9d\xa2\xff\xa7\xfbj{\x9a$\xa8\x85\x14a2\
;&\x98N\x910@\xa7\xe8\xff\x1cm\xbf@\x15E\
\xa3\x89\xbbm\x0bM\x0c8\xc2\x01GLl9\xba8\
\x83w\x87\xba \xda\xbf\xf8h\xe2\xc3\xa3B\x0f\x8f\x04\
\xf3)\x12\xfa|\x8a\xe0U\xe7\xaf\x1fI\xbe\xbc\xe0Q\
7\xe9\x02IP\x98f\x0eb\xb58V\xcb\xc0\xaaU\
o\xf7\x0f\x18\xd6\xa8k\xad@\xc3\x9a\xaa\x0d\xc3\x9a\x04\
\xc3)\x12\xfap\x8a\xf1\x93;%l\xa3{\xc2\xfeU\
S\xd2M\x91\xc5c\x1c\xe7\xa0\xe3f8nP\xbe\xff\
\xcdq\xa3\x02\xbe8\x03\x05|\x82)\x15\x09}J\x85\
r\xf9\xbf\xf98\xde\xbd\x10}!6\xbaw\xdb\x0e\x04\
\x9b\xe4`\xf5\xdd\xbb\xab\x8f\xd5Z?\xe1'\xa7:\x13\
2,\x9f\xa8b\x09\x86S$\xf4\xe1\x14\x0a\x0f\xbbr\
\xed\x1e\x0bZ\xeeR;/\xb34\xdbs\x10h\x9a\x03\
5\xf0\x80[\x1a\x0d.\xb8\xc9Z\xa7\xcd\x8e\xc5:\xfd\
\xc6\x98J\x91\xd0\xa7Rx{\xef\xdd\xb5\xa7\xd0\xc6V\
\x05Dp-P\x1f;K\xd4\x8f\x04S)\x12\xfaT\
\x0a\xb5\xf1\x13\xd1\xbba\xef\x04>q\xad\x8a\x9f\x98\x13\
[\xc4\xc0\xd8\xebh8\xd8\x07\xb7X\xb7\xa3\xe6Gd\
\x16\xeb:\x05\x8a\x98\xd3\x9b>\x8fBQ\xda\xee\xedK\
$\xf4\x99N\x90+d\x0e\xfaL\x11\xaa\x06\x06Q$\
\xf4A\x14\xa3\xbd[\x95\xd8\x9e,\x8e\x1f\x0bn]\xd5\
\xae\xec\x84\xb2F\xe5\xaa\x11\x1d\xbb\xd9,\xdc\xbc\x0c\xa5\
HD\x0c<\xe3\x8e\x14t\x10=\x13\xaa\x9dFEp\
\x1bO1'6},\x85{\xb6\xef>^pO\x16\
\xc7\x8b\xeb\xe2^\xb9\xc2l\xa9\xde+\xda\xa5Y\xd9P\
3\xdb\x9b\x85\xa89\xc3\xe9\xf3)\xd4\xcb\xf3\xf9K\xa5\
S\x118b\xc1'\x0eIb\xc0\x11\xb3+=Hu\
\xcc\xa7H\xe8\xf3)\xdc\xd3\xa0\xea\xd9\x1a?\xfa*7\
\xe0\xebM\xb5tGn\xbf7\x0bt\x969\xe5\xe9S\
*\xd4\xee\xda\xc7\xdf\xbd/b\xc9\x13\xfc\xea\x8aR\xac\
eG\xb6r'\x18N\x91\x88\x1a\xa1\xb6\x0f\x1eO\x83\
\xecV\xe8\xedY\xa8\xd0\xcf\x8e\xd1\x14\x09\x03h\x8a\x1f\
\xea\x1c0\x95\xcb\xc9#\x93\x8b\x84w\x09&T$\xa2\
\x06z\x95\xfb\xee\xd1\xa7\xd1\xc1\xcd\xf8\xc9\x81\x84O\x08\
\x016`#\xcd\xb4\x1c\xfa\xc6\x9c\xee\xf4\x11\x15\xde\xfa\
e\xf0\xcfd\xd9\xa0p\x86\x83\xf3\x90\xff\xb5lP^\
\xff\x01\xb7D\x94\xf3^4f\x02\x8c\xbf\xf8\x95\xad\x12\
]\x06\x81\xccw\xf1$s\xca\x8b\x9a\xe00\x8d\xfb\x7f\
z/\x16$\x95G\xb8\xe63\x04\xa0\x93\xcc\xa3\xd5-\
\x17 jN{\xd1\x84\x81\xd6\xfbh\xfb\x05-\x09\xea\
\xd8M^\x81Vl\xe2\x0f\x90S\x9e>\x0c$\x88\xd8\
\xfb\xb6\xea\x9e\xde\xf8\xcb\x1f\xa5\x88\xb3\xf9\x9c\xdd(\xc2\
\xaa\xcfl\x8e\xaeeNy\xfaP\x90\xe1\xe0N\x0dp\
e8A\xa8\x85\x9eB&p\xaa@&H0\x15$\
\x115\xc2fz\xf8\xc5]\x16\xc1L\xea~\x83\xad;\
t\x8a\x99\xad\x910\xc0\xd6\xb8^t\xb7naet\
\xb9\xd4\x99\xef\xd0\xc2\xe8\xf2<\x98<\x12L\xd8H\xe8\
\x136\x14\xf6j\xe3\x01!\x8c\xd5\x15\xc1\xdb\xb9\x0a\xb4\
\x9d+\xc1\x84\x8d\x84\x01\xc2\xc6\xcd\xbd\xd1\xa7UP\xf5\
W\x14\x84\x00U\xfd\x95*\xa8\xfa\x13\x0c\xd7H\xe8\xc3\
5\xdc\x9f\x1f\x14\xc4\x0f\xde\xfev\xa9\xcb\x12\xb6l\x17\
\xbf1\xe7\x10\xcb\x84\xb8Q\xc15NVdec\xce\
\x16St/gC\xac\x9c9\x0c@5\xb6\xd6\xdcG\
k \xa4\x09\xb7\x0dt\x1a$\xa4i\x17AH\x93`\
\x9eFB\x9f\xa7\xe1\xad\xfc\xe5^=\x00U\x8a\xea\x5c\
\xceLQ\xa583\xa0JI0M#a\x80\xa6q\
}\x17|f\xc9\xab\x14^\x13\xc5<x\x95\x0a\xb0\xb5\
&\xc1$\x8d\x84>IC\x8d\xf1\xf7Np2S\x9a\
\x9d\xb2\xcf\xa82Ks\x19&i$\xf4I\x1a\xee\xed\
\xa5\xbf2\xf0\x9e.I\xe6\xf2\x5c^i;x\xc9\x5c\
\xce\x99\x87C\xc1\x1c\x8d\x84>G\xc3\xfb|4\xbc\xba\
F\x11t^]\x15x\xb7\xf5rt\xb71F#\xa1\
\x8f\xd1\x18\xdf\xdb\xf4\xf6N\x83\xa3\xe1nKX\x98\x8e\
\xaa)\xc2\xc3\x01{\x8d\xdb\xe5V\x0d\xc2\xe6\xb4\xa7\xcf\
\xd2P*\x9a{\xfb\xde\xde\xc0\xdbx'=D\xd4\xcf\
Oy\x81\xe4_\xe1|\x1b\x18\xa0\x89\x18g\xbe\x98~\
\xe6[\x7f6\x1c\xfc\xe5/\xecK\xb2\x84\xfa\xe4}Z\
\xee\x806\xa1^.C\xb6f\x00HB\x1f\x00\x12\x9c\
iw\xf1\xbe\xfa\xd0\x8b\xef\xe43\xedL\x16\xb6\xcb\x1c\
\xf4\x9e\xd3\x83\xd2\x9eq\x1a\x09}\x9c\x86\xff}q\xfc\
z;x\xfbIS\xc7\xc6l\xa9\xde\x12Svv\x16\
\xa6\xa4\xcc\xd1H\xc4L\xf8\xad\x86\x83\xed)\x0b\xaf\x1d\
\xae\x88\xba\xd8na\x86FB\x9f\xa11\xd9\xf7\xe8\xf6\
?{/\x9e\xe1\xbeGu0\xaa\xb0\xf0\x91*O\xe6\
h$\xe2&\xbcVJ\xe6\x08\x08\xac\xa0V\x9e\xc2\x9a\
o\xd3\x8a\x92\x04\xa34\x12\xfa(\x0d\xd5\xe5\xdc\xfb6\
\xfc\xf9Xvq\xab\xef[h\x97d\x17w\x95\xa6\xbb\
L\xd3H\xe8\xd34\x94\x00\xef\xee\xa3\xbb\xb8*x\x8c\
K\x0a\xbb#b\x82\xe0:f\x8eFB\x9f\xa3\x11\x5c\
m\xde\xb7K\xa8\x8a\xc2\xab\xad8M\xb0\xd2+Ra\
\xc40\x8d\x84\x09\x98\xc6\xd3\xd1\xe0\xa3RE_\xddI\
,\xderIMq\x8a@\xa8(\xb7\xe1:f\x98F\
B\x1f\xa6\xe1\xed}WR\xa6\x9doR\x85\xaf\xb2^\
\xb3\x136:\xe5\x12\xbf\xdc\xccA5\xc7X\x8d\x84>\
V\xc3;\xdbV\x9c Y\xdf\x1fTC96\xee\xd6\
r \xefO0W#\x117`\x0e\xdb\x1d\xde\xbd\x82\
\x88\x8b\x13\x11!\xc6\x5c\xecb\xcc\x9c\xfc\xf4\xb9\x1a\xee\
\x8f\xef\xde\xf9!\xdc\xc9\xce\x04y\x8c\x97\xb2S\xc6K\
\x99\xb3\x9f\x01\xb4\xc6\xd5g\xf7\xf3>(\x84~\xb1*\
H \xd4C\x81\x10\xb35\x12\xfal\x0d\xf5\x8dW7\
\x83\xbb\xd9]\x96i\xc2\x85V\xa7\xaaD\x0c\xd2\xef\xaf\
U\x85l\xcd\x80\x8d\x84>`\xc3=8\x1a\xff\xf1v\
\x0a\xfd\xa1\x90\x99r4Z\x19:\x1a\x0c\xd9H\xe8C\
6F\xef\xb6\xc7;[\xa0\xba\xa8\xe4\xc3\xbe\xbd,\xba\
\xa84It\xc1\x8c\x8d\x84\x01\xc6\xc6\xbbm\xff1q\
\xc7+\xf9\xaa\x9a\xfc\x22x\xbcRmR\xcc\x9c\x02\xf5\
)\x1b\xe3\xeb\xcd\xf1\xf5\x8b\xd1\xc6\xe9\xf0\xee\xf9\xef&\
\xf4\xc9\x02^\xd5\x1a\xc8\x88m\xcfY\xa7\x98\x81\xa09\
\x07\xea\x936\xc6G/\xc6\xd7w\xb4\x830\xf8\xe9a\
gy\x06KO&m$\x0c\x906\xce\x0f\x87Wg\
H\xae\xb0'BH\x86W\xccP>a\xdeFB\x9f\
\xb7\xe1\xde-\x06\x7f\x1f&\x94\x99\x890\x87F\x94\x19\
\x14\x9c2o#a\x80\xb7\xf1\xfc\xcc[\xf8\x80<\xb7\
|\x9e\x174\xe5\xf1dp\xfe\xd3gmx_>\xba\
'\x0b8\x9d\xac\x97\xf8Z.\xd6)b\xa6l$L\
P6\xde\x8d\xee\xbf\xa7\x15\xd8\xb63m\xff\xb5\x03\xe0\
\xd5\x04\x836\x12\x06@\x1b\xa7k\xde\x8fW\xb2\x18\xae\
\x86b\xb8\x1a\xbcH\x18\xb0\x910\x00\xd8\xe8\xffT\xeb\
W\x84P\x83\x5cW\xc9\xcb\xa1\x16*\x14*g;}\
\xb2\xc6\xf0\xe7\x07\xff\xd1\x1fprg\xd5\xfb\x94\x0e\xee\
,\xb6g\x93\x9c\xea\x92\xfa-\xc3\x93%U\xd2\xcb\xd7\
\x99\xd3\xe1\xb5\xc6\x0e\xca-\x98\x03\x92\xd0\xe7\x80\xb8?\
\x14\x9bi\xbc\xf7Z\xcc\x18\x95\xbc\xea\x09I\x17Y\x05\
Z\x15L\x00I$M\xa8,\xd4\xd2\xa0\xc3\x81\xdb\x7f\
)i\x16rv\xb9$\xeb7\x8b\xb92\x05\xcc\xc9-\
i`\xbf\xe3\xb9\xfa\xa5\xc9\xc3^'\xd4\xde\xe0\xb4\xd7\
\xa9P\xcf\x8d\xf1\x1f\x09\x03\xf8\x8fpa\xf4\xb4\xb7R\
H\x19\x93\xdfJ\x15z+1\xfe#\xa1\x8f\xff\x08J\
\x1e\xff\xee\x05\xd8lT\xbdS\x0d\x91\xe8\xb2\xd3&W\
%\xa7\x0d\xe3?\x12\xfa\xf8\x8f\xf1\xfe\x83Q\x9f\xca\x9e\
\xbf7VP\xddSE\x83\x1b\x83@\x12\xfa \x90\xe0\
4{[\x9b\xee\xd9\x8ex\x943\x8d|S\x5c\xbd\x92\
\x87P9\xc5\xe9\xe3?\xbc\x83gj\xeb'|\xde\x09\
\xe9\x9a>.^\xc4\x0c\x01I\xe8C@Tgs\xe5\
\x1a\x9a\x9bE\xbb\xd4\xcesg\xb3\x88V<f\x80$\
R1\x13W\xc5!\x99X\xc2\xab\x82\x17R\xf6\xf8\x08\
s\xba\xd3g\x80\xf8+\xb7a\x8fP\xfc\xcav)7\
\xe5#\xdb9\xfc\xc8\x9c\xf3\xf4\x11 A\x0d\xec>|\
\xef>\x94\x88\xed\xa5\x5c\xf0\x8d\xc5\x16P/\x07\xb9\x83\
\xd1\x1f\x09}\xf4\x87\x02\xd9\xfc\xb9\x09\xb9\xa3\xa5\xe8\x03\
\x949Z\x0ee\x0e&\x7f$\xf4\xc9\x1f\xc1_\x1e^\
\xed\x8f\x7flKx\x87\xc9\xd3\xd3\xc9\x17\xf32\xe4!\
\xeb\x14a\x92\xce\xec\x8f\x84\x01\xf6\xc7\xed\x9f\xee\x9b\x0f\
\xc3\x9bCI0\x14z\xb9\xd5<!\xd4|KA\xb7\
\xe7\xa1\x10b\xeeGB\x9f\xfb\xe1n\xae\x0d\xaf\xee\xe1\
B\xc2\xf0C\xd3U\xd1r\xe8\xaa`\xeeGB\x9f\xfb\
\xa16il-+\xe8\xb5 \xf7V\x15E1\x1fJ\
\x87@\xf0]-\x16@\xf0\xcd\x0c\x90D\xda\xc4Zc\
\xff\xdb\xea\xb4;y\x86\xac\x0b\xbd\x19\xfc\xce\x9c\xf8\xf4\
\x19 A\x19\xe4\xde\xecNk\x1bO[)\xdeBs\
!\xb3@\x12\xfa,\x10\xff\xe5+\xef\x9a\xfc\x90\xd5R\
\x11{\x83U\x8e\x97\xf3\x9e>\x0f\xc4]|0\xbc:\
C\xa5\x93\xddP\xadAT:\xcd`\xcc\x9c\xf9\xf4\x89\
 \xa3\xe5\xf3\xe1\xf5\x96d;\xb6K\xd5\xbc\xe8:\xb6\
\xab\xf4\x9b\xe3\xb4\xa7\xcf\x03Q-\xd7\xcb\xe3\xe0\xb2\x18\
/m\x8b\xef\x0fE\xb0\x0dw_I\xef\x8fB\x91~\
u\x9c\xf9\xd2)\x13z\xac\x0f\x7f\xb11\xa4F\x06\xe4\
\xf9\x1a\xde\x12\x9c\xf5\xf4q \xca\x92\xf5~\xc1}\xb3\
.M\xa4\xc3{8\xc8x3\x1dy ]\x98\x9f\x91\
\x07\xd2I\x06\x82$\x0d\x00A\xbe\x9c\xbb\xab\x8f@'\
\x9bS\x87\xb8\x842\xd9\x1c\xc1\xdb\x92\x8c\x04I\xea#\
A\xbc\xa3\x93\xf1\xc1\xd5\xf0\xe6\xa5\xf7\xe7\xe1\xef\x97q\
\xbe\x9e\xb1'U\x91-\x8f\xf0\x00q\x9cd\x22HR\
\x9f\x08\xa2vl\x22u^\xd5BL\x9d\xc7EyI\
\xe6\x82$\xf5\xb9 \xc1_\xf6\x06[\xe8\xa6\x0f\xab\xa1\
\x0e+O\xb3\x1cu\x9c\xa3\xd6W\xd5_?w\x17\xaf\
\xdc\xe5\xef\x12\xe5\xb8\x5c\xea\x84\x93%\xe5\xdbk\x88\xe0\
#X<\x9fd\xceF\xd2\x00gc\xf7.x\xa2J\
\x92d;x\x9b\xa2\x1e\xd9n\xd1\x8f/\xc9\xc1\xea\x8f\
\xc2\x82\x0bng+H%Re\xaf\xd0x\xf6\x04\x86\
.\x16\xf6\xf3\xed\x02}\xe0\x14\xc7\xacO\x96Z\xd8\x1f\
-\xdcA\x95\x5c\x0e\xee\xe3\xfa\xb4\x22\xb9\x9c\x85\x229\
\xc9\xf4\x8d\xa4>}c\xf4\xe5v\xf4r\x07w\x12\xa8\
y4u\x87\xca\xf4\x18I2\x7f#\x19\xf9\xb7\x89t\
\xbd\xff\x00>\xf3\xfc\x84\x8f6\xedC\xcfW\xe9C3\
\x83#\x19\x89\x98p]<^\x06R\xda\xc4x1\x05\
\x96V(\x02,-\xc9 \x8e\xa4>\x88\xc3;\x0bw\
\x8f\x83\xc2)|A\xa1\xbe\x89*\xe5$\x838\x92\xfa\
 \x0e\x7f\xf5\xdc\xdd<\x1dm\xbf\x80\x19CS\x94z\
;\x95&\xc4\xcaYD\x1fi\xe1.\x9d\x0eo\xa6\x00\
\xd1\xabS\x80\xe8U\xfc\xba\x9cC\xf4\x91\x16\xff\xfa\xcf\
\x7f\xbd\x8b\x95\xe1\xd5\xef\xf0\xeb\x7f\xb5\xdas\x1d\x9a\xed\
\xaa?\x9c\x87p9\x8bDL\x18{U\x07N\xae:\
\x83\x84\x17\xb6\xe0\xa0\xea,v\xa9\xead\x96E2b\
b1\xe5\xa8\xdf\xf7\x7f~\xf5V\xee\xe4\xc5\x94a\x1f\
@i\xd4\xb3@q\xef\xb5z\x149g\x12}\xa8\x85\
\xdaUq{;\xfa\xf1U\x9a\x8a\xd8\xf5p\x8b\xb78\
\x16\xb1s\xf3\xf2\x5c$\xc9d\x8b\xa4>\xd9\xc2\xfbv\
\xe9^>\x07]E\xf1\x17\x07\x87\xb5\x15\xc5,h+\
\x92L\xb7H\xea\xd3-\xbc{\xaf\xd4.7\xb8\x91K\
9DO9$\x02H2\xdc\x22\x195\xb1\xeax\xf8\
so\x22\xb3\x90\x0c\x22\xeaA\x22\xfb\xa8\xbb\x0e\xf8\xa8\
\x93\x8c\xb6HF\x0d\xb8\xb3\xee\xb9\x8f\x17F\x83\xd7\xc2\
\xd7\x9d-\x918\xdd\x99-B\xac1\x8e5f\x00\xc3\
1\xfcy1\xbc9\x94\xaa\xfa\x10\xc3\xa1~tX\xda\
\x97\xcb`5L2\xd6\x22\xa9\x8f\xb5\x08\xdeL<+\
\x0b\x9eL<)shR\x96d\xa2E\xd2\x00\xd1\xe2\
dS\xddl\xacM\xcf\xd9,M'9}\x92\x91\x16\
I}\xa4\x85\xf7\xfd\xed\xe8\xedm\x90\xf6\xbc\xa7{\xbf\
/\x88\xe9\xd4\x8b\xf9\xacMj\x8bf1[\x85\x909\
\x7f\xe8\xe3!\x86\xd7[\xde\xe75\xba\xd9:\xf9\x02r\
{\x9c\x02]m\x16'\x10\xcb\x00\xc0}[\x0d\xcd\xe4\
\x11_%?\xf9\xd9\xd1\x94\xaf\x92\x85)_\x92\xb1\x16\
I}\xac\xc5$fU\x11\x0d\xb6\xa6\xc5\x0cZ\xa7 \
jxY3\xdb\x22\xa9\xcf\xb6\xf0O\xd4#URf\
\x05\xc5\x90Z'%G\xdbr(XN \xfaT\x0b\
\xff\xf8\xce\xdf<\x87A\xf5d\x85\x02\xce\xaa\xbbU\x18\
V'\x19\x12\x91\xb4\xe2&:\xca7\xbb\xd3 _\x13\
\xb1\x93\x8c\xf9\xa2\x0d\xeeI\x86E$\xf5a\x11\xa3\xbd\
\xdb\xf1\x1foI,m\x972S\xb4\xd2\x19\x8c\x98\xef\
d}V\x84\x12\x17\xbe\xa2\xdd\xd7\x95|\xab8\xe5\xb9\
\xd7\xc2\x1b\x8e\x1f#\x06H\x11\xc7\xc7\xe3\xa3\x17\xde\x93\
3o\xfdDX\x133\x93WB\xb2\xb2\xa8\x10\x99i\
\xd1'\xe6\x1c\xa2\x0f\x8b\xf0v7\xc6\xbb\x17J\x04w\
y*\xf9\xdeT7+\xec\x0bU\xa5\xa0k\x0e\xfd\xfa\
\x18\x17\x91\xd4\xc7Exg_G\xb7\x0fq\xea\xdb\x09\
\x09\xc8\xffxYl\x92q\x11I}\x5c\x84\x92\x9f\x9e\
<g\xc8W\xc6n\xa0\x8c>\x83\x11\xf3\xb5\xacO]\
P\xa3\x91\x83\xb3\xe0,\x8f^.\x88\xa3\x91\x9c:\xcc\
\xa2\xba\xa5\x9d\x03ND\x92\xf1\x05\xc9\x98\x09\xe2\xe9x\
g\x8b\x89\xa7\x0c\xd1\xef\x12D?\x19\xe3+9f\xc0\
u\xb3\xe2\xee\xae\xa8\xebbo 9\xeb\x83\xe7\x88\xda\
@W\x94\x17K\xb7\xa0Nf\xd8BR\x1f\xb6\xf0\xeb\
\x03\xdf\xdd\x13\x17)N>0\xaeQ\xac\x00\x99,\xc9\
\xc8\x85\xa4>rA\xf1\xd2\x1f\xf6Ug\xf6hA\xb6\
\xd5\xab\xc6lV\xec\xd8W\x1dx\xf01q!\xa9O\
\x5c\x18\xbf\xfa\xee\xf6\x07\xe3\xfe\x03\x91\x87\x13:n\xca\
\xfcJ\xcd\x15`\x91i\x92\x81\x0bI\x03\xc0\x85\x93\x05\
\xf7\xf6\xd2{\xf6}\xf8\xe3\xe8w\xe0\x89*\xe2\x82\x8c\
]\xca\x89\xbd\xc3z\x0e\x90\xefI\x06.$\xf5\x81\x0b\
\xfe\xdd\xf2\xf0\x8a\x0a\x8c\x9a\xadVJ\xd1\xa5\x5c\x9b\xa7\
K\x99\x81\x0bI\x03\xc0\x85\xfd\xe0L|\x98\x22\xfdF\
2y\x95\xc8\xe4I\xe6.$\xf5\xb9\x0b\xa3\xe5s\xef\
\x80\x90u\x8a\xe4\xac\xc4{\xf0\xae\xb6g\xc1\xc5\x90d\
\x80AR\x1f`\x10\xa4j\x7f\xe9\xebx\xf1\x91\xffj\
MJ\xd5=\xc5]Pn\x1c\xb1\xcb\xd9+\xc33\x95\
\xf9\x05\xc9\xb8\x89\x9d\x10\xe3\x0f\x7fyWW\xc3k\x11\
\xbaP\xb3\x9dF\xa7*\xd2\x17k\xf8\x919\x8f\xe8\xe3\
\x0bF?\x9f\xb9\xeb\xfbJ\xb5.\xb49\xab\x9dF\xa6\
\xd1\xce\xcb\xf8\x90L\x1b\xba\x9c\x8c.H\xc6\x0dh\x9e\
\xee\xbb??\xb8kO\xdd\xcfo\x7f\x8bw\xae\x94\xb5\
Kj<\xd2\x91\x22\x9e\xcb\x16\xe9Hp\x12\xd1\x07\x17\
\xb8\x83\xcb\xf1\xed^\x10\xb1\xb7\xbc%n\xe8\xa9\x86\x80\
@\x9b\xa6\x22\x95j\x11\xd2\x08\xc3\x0b\x92\xfa\xf0\x02\xb5\
kj\xfb\x05\x5c\x185\xb5\xf4\x98!\x97\xb5&\x9de\
\x86\x17$\xf5\xe1\x05\x8a\xc9\x19\xdc\x19,\xe8\xb4\xff\xb1\
\xa23\xc9\xe0\x82d\xc2\x80\xd0\xf7\xa1\xb2\x8c\xdc\xdb\xf7\
ONe\xd0~\xd1V{y\xbb\x1dY6K\xe7\x99\
\xe1\x05I}x\xc1x\xe7\xad\xf7\xed#\x0b/\xaa\xdc\
\xbf(c\xeec\x0a@R\x9f\x020:\xbc\xf0\xd7O\
'\xedC\x89\xde\xe3\xd8\x8d\xff\xd3?\x14_\xaaY\xfa\
\xce\x9cJ\x0c\xa0\x00N7\xbdg\xc7\xc3\xc1#\xf7\xe1\
{i\xf7I38\xd09y\xa8Sk\x16\xa1\x8cc\
\x0c@R\x1f\x030>XrOVP\xb7\x9e\xaf\xa3\
\x22\xa7g\xe3\xc1\xe0d\xa2\x0f\x01\xf0\xef>*D\xa7\
\x1cp\xae4K*\xfb\xdc,\x86\xcb\x99D\x1f\x01\xa0\
\xca\xfa\xa7\xd7j\xe7\xd0\xf9\x85\x80\xe7\x9c\x09Np\xf0\
W\xc5\x80g\xea\xd0\x08`\x02@R\x9f\x00\xa0\xc0\xd9\
\x1f\x1f1d\xaf\xc6u}\xb7F72\x13\x00\x92I\
\x03{\xd2\x07\xfe\xc69\x1e\xe1R\x15W,\xf6\xf0n\
c\x0e@R\x9f\x03\xe0\xdfmM\x19\xabw\xea\xff\x9b\
\xb9:\xd3\x00\x92\xfa4\x00ou\xc5]\x7f\x15\xfc[\
\xb0tV\xec\xaa\xd4\xc6\xaaV\xa0\x9a`\x0a@\xd2\x00\
\x05\xe0\xde\xba\xf7\xfcL\xda>\x9f\xc9\x07\x0f\x8f\xbc\xb8\
|>SnC\xa8\x9c\xe0\x92&\xf6-\xf8\xef\x1e\x8d\
w\xbf\xb8\x0f_I\xfb\x16\xcaA\x99\xa6n\x07y\xf9\
|y\x06$N\xcc\x01H\x1a\xe0\x00\x5c=w\xcfv\
\xa0\x81\x95+\xe5\x9b\xdc\xbf\xca\xe5\xa9\x7f\xc5 \x80\xa4\
>\x08@YeO\xeeM\xb3e\x95y\x95S\xaf\x8c\
\xd7\x03g8}\x12\x80\xba\x81\x0f7\xdc\xab?\xa4\xeb\
7|q\xc8\x0b\x84\xbb\xd9\x16D\xcb\x09N\x1f\x02\xe0\
\xdd\x7f\x19D\x0b\x8c\xa9b\xa7\x14\x06\xcc\x90\xa9b\x16\
 SI\xc6\x00$S&\xa8\xd9\xde\xc2\x87\xd1\x97[\
\xf7\xf2XH\xcb\xf9\x101\x5ch\xfc\xc3\xa3\xcc\x14\x80\
\xa4>\x05\xc0\xed\xbf\xf4\xbf\xf5Uc\xb3/\xc9\x85\xea\
-[!-\xe5\xe1\xb4\xd3\xa2;\x8ei\x00\xc9\x94\x81\
eC\x8f\xfd\xfb\x07\x12\xf0\xa6W\xec4&\x96\xef\xbc\
\xecR\x87\xeb\x8dQ\x00\xc9\x94\x015\xd6\x8a\xbb\xf9\xd1\
{~;\xbey)]\xc9A-\xd1\x0a\xcd\xf5\xe2\x95\
\xdck\xc1\xcf\x8fY\x00I}\x16\xc0d}755\
\xf9n\xabb\xf5\xce\x1c\x80\xa4>\x07\xc0\xbdw\xe3\xde\
>\x1b^\x9f\x89\xae\xfa|\xcd\x96M\xf5P\x083\x00\
 \xa9\x0f\x00p\xfb?\xbd\x17\xcfx\xadt\x15I\x16\
\x05,+\x99\x02\x90\xd4\xa7\x00x\xdf.\xfd\xfb?\xdd\
\x93\x17\xf2f\xbaP[\xaa^\xce\xe2n\xbaz\x0b\xe4\
+\xcc\x01H\xa6L@o\x86w\xaf\xdc\xa5\xc1he\
YN\xcfa\xca\xebd\xe4\xc5!\xdd,\xe5\x0e\xcex\
\xfa \x00wg\xcb\x1bl)H\xaf\xa0=n\xff\xf2\
\x90\xa9\xb9\xbf\xb8\xf7\xb6\xed\xe4\xe4\xc5\xb7I\x06\x01$\
\x0d\x80\x00N\x96F/.\x94\xf6F\xe8\xc1:\x9d\xf6\
\xdf>\x16\xb9\x0d\xeb\xb4\x0b\xd0Na\x14@R\x1f\x05\
0\xfc\xb17\xbc\xder\x17\x8e\xdd\xc1\xa5P\x0c\xd9\xf5\
j>,\xdf`\x97S\xb5\x0c\xddn&\x01$\xf5I\
\x00\xee\xd1\xf5\xe8\xe7v\xf0oi\x00\xe9\x94\xe6C\xe4\
\x02\x0e \x9dy\x9a\x9a2\x0c \x996\xc0{\xbbP\
\x12NY\x9f\x1e|\xe3\xe2\x14\xf0_\xb9H\xe2t\xb6\
\xd6'\xf5\xad\xf5\xa3\xf3\x0b\xf7\xf8xx\xb3\xef\x9e?\
\x11\xe47\x8alZR\x1e\x06\xa9\xd7f\x17a\xfe\xcf\
\xc6\xfa\xa4\xbe\xb1\xde\xff\xfa\xdc{z:\xba\xdd\x90^\
\xa7\xadRM,\x852$\x07ak}R\xdfZ?\
~\xf4Z9\xf5\x06\x17\x12\x9f^\xedNs\xec\xba\xda\
\x95-e?\xa7N?;N%\xfa\xc6\xfa\xf1\xce\xdb\
\xf1\xd5+\x84\x83\xd6\xcb\xd8\xb6*\x13\x1c;\xc5.\xf5\
\x94\x01\x97\xfa\xc3\xbe\xbb\xb5\x8c\x95[1O\x95\x1bI\
 S\xecPO\x19p\xa8_\x9c\xb9\x8f\xd6 \xdc\xb6\
\xcd\xf1\xb69\xde(\xc7\xab\x0f\x98>\xfc\xe0~&A\
S\xb9\xd3\xa3\x9e`\xb9\x87\xe1Z\x1c\xae~\x8bmm\
\xc9]\x7f6~$\x95A\xa5\xbaz{\xc8\x88\x90z\
\x0f\x82\x8dq\xb01\x13\xf6\xd2\x81\xa2y\xb9kOa\
O\xef\xdf\xde\xb1 \xcf\x89P\xd3V\x11\xe2\x8es\xdc\
q\x13\xc0\x90#\xa2\xb1\xa8\x8a-\x0c\x99\xee\x89\x5c\x0b\
\xef\x89\x04\x07\xad?Szz\x0a{BZ\xb4&\xa4\
\x05kBRl\xa3O\x19\xb0\xd1\xbf\xf9\xa0\x06\xd0p\
C\x94\x14\xdb\x84~t\xed\x1a\xfe\xe8R\x1cq\xca\xc0\
\xde\xcd\xf1\xd2&\xe6\x8cNu\xdaN\x85r\x15\x8fC\
\x9acN\x9bP\xd8\xdc\x9e\xf9G\x8b\xee\x9b%q\x7f\
lp\x84{au\x99\x11\xeb\x89b\xb6'?\x9aR\
l\xa4O\x990\xd2+\xbc\xa9z\xa2\x9e \xde\xb4\x18\
\xee\xb4\x14\xf9\xa605O\xb1\x8b>\xa5\xef\xa2\x1f?\
\xfeC\xc5,;z3\x8d\x90\xc7*\xfby3\x15\xf0\
\xf3\xa6\xd8A\x9f2\xe0\xa0\xdf}\xac~\x84\xe4\xd7T\
\xbfA\x9c,\xb5\xe94\xb3\x83>\xa5\xef\xa0\x0f\xaa\x0a\
\xd5d\x91\xb9\x90j\xd3T\xa9\xced\xc8v\x15\xda\x84\
\xa9\x08g\xbf\x88\x09\xfc\xa6{\xba\x06\xba\xff_\xa87\
\x94\xfd\xf7f@\xf6\x9fb\xf7\x7fJ\xdf\xfd?\xdaX\
\x09\xdew\xa3\x9d3\xe1\xed_\xcc\xb7ex\x85\x03;\
8Sl\xfbO\xe9\xdb\xfe\x15*t\xf3\xd4\x7f\xfc\x5c\
\x90<\x86{6$\xb5c\x85>*'<\x03\x8e\xff\
\xcd5\xb5\xacB\xee\xc8O\xe0\x8a3yn\xca\xb7f\
\xca\xf4}9\xe9\xe9\x9b\xfe\xfd{[J@qx\xe7\
\x1d\x0c\x84\xe5\x8aJA\xa1\x22\x17\xf3t\x9dD\x14)\
v\xfb\xa7\xf4\xdd\xfe\xfe\xc2\xbe\xf7\xfc\xcc\xbd=\x19\x0d\
\xde\x08\xb5|\xb9\xa4\xd8\xf9]@\xdd\x94\xe7!w\xb0\
\xe1?\xa5o\xf8W\xcc\xe6\xe7g\xd0$Tt\x90 \
h\xec\x11:e\xe8\x11\xa6\xd8\xee\x9f\xd2\xb7\xfb\x0f\xaf\
\x0e\xdc/\x17\xa3W\x8b\x227M\x01\x90:\xf9B\xa7\
\x04\xe04\xa7\x00)\x8f-\xff)}\xcb\xbf\xff\xf5\xf9\
\xf0\xc7\x13\xb5uZ(\x90U[E\xc9\xe6\xc5\x229\
\x83U2[\xfeS\xfa\x96\xff\x09\xf8\x9f;m\xf5\xca\
\xb4V[\x05Zm)\xb6\xfe\xa7\xf4\xad\xff\xee\xda\xb3\
\xf1\x0d\x8943j\x1b\x04\x97\xc9\x19\x92\xac\xa4\xd8\xf7\
\x9f\xd2\xf7\xfd\x8fw\xef\xdc\xb3\x1dI\x09b\xe7\x9b\xa2\
\x0c\xc4\xce\xc3m\xccv\xff\x94\xbe\xdd\xdf\xfb\xb6:\xfa\
A\x14\xd6l\xbe\xd8\xc1\xb6U\xb6\x88\x1f\x96\x93^\xd4\
\x80\xa2\xe2apr\xe1b\x0b\xf5\xaf\xf5_\xdb\x8e\xc4\
\xab\xadU\xc7\xab\x8d\x93^\xd4@wp\x8b\xb9\xf4\xcd\
N\x89\xb1\xf4M\xc2\xd2\xa7\x18P\x90\xd2\x07\x14\x8c\x97\
\xb6\x87W\xd7\xac\xd8\xcd1)-G\x013\xa0 \xa5\
\x0f(\x08\x02\x1em\x9cI\xfe\xa5\xb2\xa2\x12(&\x8f\
\x18m7\x07\xc1r\xa6\xd3'\x13\xfc\xe7\xbf\xde\xd7[\
\x89\xdb\xd5j\xcf\x862y\xe9\xe4\xb6g\x9b\x10*'\
8\xcb\x08\xd3f\xf0N\x1a\xe9\x86\xa3Q\xbb.\xces\
\xbbY\x07b\xe5\xdcf\x19\xd8\xa5\xf0\xc1\xfb\xbaJF\
]\xbb1\xcd[\x5c$oq\xca\xe2\xd4f\xc5\x0c\xec\
\x94\xf6oWF\x1b\xa7R\xcd\xa3|J\xc1\x0d\xac*\
y\xb9\xe8\xe9\x16\xc1\xe7\x91b\x84BJ\x1f\xa10\xbe\
\xdd\x1b\x1d-Lq\xb2e\xd1\xc9\x96\xc5\xcb\x81\xb3\x9c\
>?a\xf8\xf3\xcc=>\x86\xa2'c\x97\xec\x06\xd7\
<\x19\x9bj\x1e\x06(\xa4,\x03j\x8a\xbd\xe0\x8d\x84\
\xe4\xee|\xf8HBrw\x05\x0f3g9}\x84B\
\x10\xb3w~\xe8>\xec\xfb\xa7\x03)\xe6p\x19a\xb5\
T\xef4D\xb5c\x95\xbe3':\xcb@?s\xdf\
;'\x8ap\xa61\xa5\x00\xca`\x01\xc4\x04\x85\x94>\
Aa\xbc\xa8\x16\xc6\xc0Y\xaet\xdaS\xca\xf7J\x9b\
\x8e2\xf3\x13R\x06\xf8\x09\x83Kw}\x03\x9alj\
R\x13\x5cp\xdce\xab\xd0\xfa\xeeT\x8c\xf3^,j\
@k\xacV\xae\xd2\xac\xa6\x82\x80\xa6\x1c\xfe\xf6\x18\xf9\
\x90\xd2G>\xf8\xf7\x0f\xd4~\xd8)\xeb\x14\xaa\xdc}\
m\xe1,!\xc6\xc9/\xa6\xff\xae;?\xf7\xce\xbez\
\xa7;\xee\xed\xa5X\xcb+ H\xa6\x94\x13gL\xad\
\x0cTn\xcc\xa9H\x19\xe0T\xac_\xba'+\xe3O\
\xbb\x92\xf7\xb5\x5c\xca+F\xba\x8c\xf8+\xdb\x80\xf8K\
1\xa7\x22\xa5\xcf\xa9\x18\xbf}:\xbe\xff\xd3=x?\
\x1aHk\xe8\x1b\x9d\x5c\xa7gS\xf3\xaa\x95\xebA\xf3\
\x8aA\x15\xa9\x98\x09\xd5\xbc\xbf|\xad\x08\x1b\x82\xce?\
\xecp\x87\xfa\xa5\xe2/\xc8\xb4\x94L\x82\xd7)\x04\xce\
\x09P\x1fW1\xba\xdd\x08\xaaz\x98\xd8(\xff]\x87\
\xc9\xff\xb5&\xcdl\x98W\x912\xc0\xab\xd8y;\xea\
\xf7!\xe4\xf2\xaf\xf1\x07\x06]nQ\xd0\xcc\xabH\xc5\
\x8d\x98\xc4n\x06\xfe\xc2\x8eT2\xcfM\xaa\x0c\xf1@\
w\xe7\xa0Q\xcf\xac\x8a\x94>\xabb8x\xe3\xbey\
\xe7\xdd{.\xd5E\xcah\x93\xb3[P\x15\x95s-\
H\xd9\xcc\xaaH\xc5\x0d\xac\x8a\xed+e\xdb\xe9\xda\xf0\
\xc7\x13a\xee\x1f\x5c\xcb3\x1d\xd9\x05\xd2*\xce\xb4 \
`N\x7f\x06X\x15;\x17\xde\xeeC\x5c4\x95\x0f.\
\x8b\x06\xed\x99B\x81P\x9c\x93_\xdc\xc8\x18o\xf1\x0c\
\x8c+\xe1%\x17$l6\xae\xf4\xaa`\x5cI1`\
#e\x00\xb0\xd1\xbfu\xd7\x9f\xd1\xd2\x8dN\x9dk\x8c\
6m\x94N1]#\xa5O\xd7PG\xe2\xdes\x06\
\xd1\x95\xfe1\x86.\xc5p\x8dT\xdc\x00\xc6{S\xb9\
\xcee\x0c]\xb7\xf4\x8bZI(\xban\xb6Eg\x99\
\xf3\x9e>aC}\xe4\xd5\xc7T\xe1\xe7\xdb\x7f\x9bm\
\xc4\xfa\x9e\x96X\xa6\x18\xb1\x91\xd2Gl\xf8\xc7w\xee\
\xe1\xa1\xf7l\xd1\xbb\xba\x12\xbe\xb3\xd3\xa9\xfe\x8f\xd3\x10\
?\xb1S\x85\xde\x16\xb35R\xfal\x8d\xf1\xce\xaa{\
\xb6\xef=]\x924o3\xa1\xb5\x22\x5c\x86T\x97\x15\
o3\xadyP\xbc1^#e\x00\xaf\x11\x14DO\
\x16\x89\xd2\xa4p\xcdS\xba\x18\xb5,\xfd\x02\x99\xb0\x91\
\xd2'l\x04\xcf\xa8Qp\xcb\xc1\x02@\xbb\x9e\xebL\
\xddmR\xcd\xc1\xca\x8d\x14#6R\xfa\x88\x0dw\xfd\
\x95{o}(\x14\xf9\x15;\x93/9\x22\x977C\
'\x99\x13_B\xff\xd5\xb7\xfe,\xa8\x86\x82\xc4\xe7\xbe\
\xbe/\x08\x00\xea9[]qe\x99\xd1T\xcf\xc1\xda\
\xb4\x14\xe3@R\xfa8\x10\xb5~\xfcds\xf4iU\
\xd8\xe7U$\xc0m\xae\x08\xc5&3@R\x09\x03\x00\
\xef\xe0\xd9\xb4\x0a\xe4\x125\xb5\x99\xc6-\xb1+\xc0-\
I1\x05$\xa5O\x01q\x0f\x8e\xdc\xc5\xfbP\x0b\x85\
\xa9Cy\x9a\xb8\x18j9T\x0c1\x0b$\xa5\xcf\x02\
Q\x0a\x8b\xe0\x82\x13\x86\xbc\xe5R>\xb8\xdd\xda2\xb4\
\x0b\xe6\xbc\xcc\x01I%L\x10\xa5\x94\x82~\xed\x87\xe4\
\xbfR=\xb8v\xb8\xa6Wt_U\xda\x0e\x1c\x0a&\
\x81\xa4\x0c\x90@\xfez7\xde{0\xbe\xf7\xfb\xe4\xa9\
\xd1\xa9\x86\x8e1!\xd6F\x15\xbe.#@RI\x03\
\xde\xe8\x17j\xab;,\xf1\xee\x94Z\x13\xd7<\xee\xf1\
nQ\x09\xc4\x1c\x90T\xd2\xc4\x02=\x05\x10f\xc1\xb4\
\xc3X\xa66\xed\xc3J1\x09$\x954\xb1-\xdd\xdb\
{\x8f\x13\xbe\x89\xdb\x9f&|XN0h#\x954\
\xd21\xbc\x19\x80`:\xb8'\xc2v\xc54\xc5ty\
\x8e\x14\xd3\x0c\xdbH\xe9\xc36\xfcG{\xc1\x8d1\xfe\
\xb4+\xe5\x91Z>\xbc1\x0avC\xce#52l\
\xa6\x18\xb7\x91\xd2\xc7m\x8c\x97\xb6\xbd\xddc6ae\
\xa7`\xc7\xcb|<8\x87\xe8\xd36\xd4\x0e\xa1\xc1\xa5\
\xbf~\x0a\xcb\xff*\xa1\xd9\xad!\xef\xfe\xab\x00\xf4?\
\xc5\xc8\x8d\x94>rC\x15C\x9b\xdfi4b;<\
\x1a\xc1\x19;\xc36R)\x03X\xc2\xb7A\xcd9E\
\xf26m\xf5Q\xb9N33\xa6m\xa4\xf4i\x1bj\
;\xf6\xed\xe5x\xfbS\xf0\x1b\x94+\xa2\x9c\x92\xff\xb7\
\xc5\xael+\xd7\x85,\xc8\xb8\x8dT\xca\x00\x9ap\xc9\
\xbf\x7f\x00\xdfy\xfe\x97\xbb\x89\xbf\xf4|\x0b\xbf4\xa7\
\x14}\xea\x86\x02m.\x7fpo\x9f\x01\x93W\x9c>\
Ua\xe1t\x8aa\x1b)}\xd8\xc6h\xf5O\xff\xde\
\x96\xa44\xcd\x95\xea\xb6\xec\xc5\xca\x81\x1b6\xc5\x9c\x8d\
\x94>gC\xe5\xe9\xdd5ZFgO\xde\xfd\xbc\x8e\
.KS\x05&n\xa4\x0c\x107\xd67\x82Kx\xfc\
vO\xda#\x14$h'\xdf\xfd5Z\x10IBN\
\x17\x9e{L\xddH\xe9S7\xfc\xb3s\xf7\xec\xc6\xfb\
\xb6\xea\x9f\xfe\xde\xa9\x9f\xed\xd4K\xd9\xbc\xdc\xa8\x9f\xad\
\x03\xaf)\xc5\xc8\x8d\x94>rc\xf4\xfeB\x01\x15d\
F\xec\xbc\x02\x1f\x05u'Ab\xe7\xcb\x0e}cN\
x\xfa\xc4\x8d\xd1\xf2y\xf0\xa3\x83\x84gO\xd1\x02\xd8\
\xa8\x05`\xd8FJ\x1f\xb61\xba\xdb\x19^\x9d\x05\xc7\
Y\x84V\x14f\xd0\x17\xdb\x9d\x81&!c6R\xfa\
\x98\x0d\xef\xfe\xcb\xe1`{\xfc\xa8/\x82c:%\xa7\
\xa3\xf2\x9c\xcc\x8dq\xdaP\x011c#e\x80\xb1\xf1\
x\xc1\xbb:\x1e\x1f\x1d\x06\xff\xe7\xf7\x1f]\xa9>\xaf\
\xf6\xba\xcd\x8a\x95\xf1\xec|k\x16\x22\xe6,\xa7\x0f\xd8\
\xf0\x9e\xdf\xba\x1b\x87ao\xe8w2l\xab1i\xb0\
\xd8\xf59Z.e\x83j:\xcd\xf9.\xad\x9f\xef\x16\
>y\xbb\x87\xc3\x81\xb0`\xa3\xa3\x1e\x1e\x85\xa6\xfc\xd0\
\xeb\x82P\x96y )}\x1e\xc8\xf8\xf1\xc1h\x856\
\xa4\xa9nE=\x04\xcf\x8b\x0b\xd2\xdauX\x90\x96b\
 HJ\x1f\x08\x12\xdck\xa3\xdb\x0d\xf7\xe4\xb5p\xa9\
\xd5\xf2r=a\xd7\xa0\x9e`\x1eHJ\x9f\x07\xe2\x9e\
\x9f\xb3kEM>\xa6\xb9VZ\xe8Za\x22HJ\
\x9f\x082z\xf0p\xb4\xf6ix}!]\x12\xddR\
p\x22jv\xa3\xd9\x91\xaf\x89n\xadI\xd7\x04g\xba\
t\xda\x0c]\xdc]:\x0d^\x1eH\x17\xaf(\xbd\x90\
L\x17\xaf\xc8\xc78\xcd$\x93\xb4\x01\x92\xc9\xf5\x9d\xbf\
\xb0\xe3/\x7f\x1c}\x18\xc88\x08\xa5\x06Q\xc1W\xe4\
\xa6a\xa1Z\xac@\xdc\x11\x8e;bB\xe6t\xff\x8d\
\xf7\xec\xbb{\xb6/+\x00\x14V\xb1X\x0a\xbf\xbb$\
\x01p\x00\xf9\x97f\xb2I\xfa\xdf\x06\xb4!?'\xeb\
\x8f%*\x9d\x1a\xdfH_\xd8\xceA\xa4\x16Gj\x19\
\x18K\x07\xa5\x10\xce\xfe\xbb\xd3\xf0\x0a\x95.\x94ni\
F\x9b\xa4\x0d\xa0M\xde/\xb8\x0f\xfb\xc3\x9b\x97\x12\xc1\
}>\x1f\x14\xc6\xe1\xf8\x06 \xee\xf3\xd5,}\xe78\
\x07\xad?\x1d;y>\xbc\xfa\xe9\xdf}\x14\xb4\xf5\x8d\
\xe0\x05-\x22\x0a\xaa\x14i\x82#\xd5\xb7\xbb=;\xf6\
\x0e\x96\xbd\xdd\xdf+\xe3fPf\xe6k\xf2\xd0\xb1\xe9\
\xd4 \xd6$\xc7\x9a4!\x9b\xbe\xa6\xf6\xbcj\x0b\x06\
\x99\x83\xda\xf3\x152J\xa7\x19h\x926\x004\xf9\xf1\
\xc5\xdb;\x85\xba\xf8\x17\xee8\x84@\xcaI\xafW\x86\
\xda8\xcdH\x93\xb4>\xd2\xc4;_\x0a\xfe\xbet\xa1\
\x85\xfc\xe0p\xd6o\x8bm\x0a8\xc2L2I\xeb\x93\
LF\xdb/\x82\xc7\x1d\xb4V\x9a\x9d\xd2\xcc4\xbdf\
s\x06:+i&\x99\xa4#\x06\x04\x90w\xa3\x9d3\
(\xdf&`\x10.\xdf\x1cr-\xa4\x19f\x92\xd6\x87\
\x99\xa8\x22\xe8v\x0f\x94\xdeA\x09\xa4\xba\x83\xa4\xf5\xae\
TA\xeb\x9df\x9aIZ\x9ff\xe2.>\x08B\x1e\
\x0e\x1e\xf9w/\x84\x9f_p\x17\x87k\x83@\x1b\xdb\
\xab\x82^!\xcdh\x90t\xc4D\xab\xd0\x7f\xb1\x0e\xd7\
\x5cPm6y\x1bo\x91V?\xa6\x99\x10\x92\xd6'\
\x84x\x07\xcf\xd8\x81\xa3\x5c\x16\xd3<8U>\xcd\x9c\
L\xf4Y!A\xc0\xee\xe6\xb6w\xb0.\xe1\xfe\xdb\xf9\
\x19{\xa6#3nf\x80\xf4\x9ffHHZ\x1f\x12\
\xa24B\xe7\xe7\xc1'\x96J\xe3\xba\x1a%Lp\xd8\
P\x19\xd7[=\xa8\x8c\x99\x13\x92\x8e\xa4M\xe0\x84o\
\x0e\xe1j\x0e\xd3_\xc8\x09\x81\xbb\xb97Ow3\x93\
B\xd2\xfa\xa4\x10\xef\xfb[V\x014;\xd3D\x00M\
\x12\x01\xa4\x99\x13\x92\x8eFL\x1c\x8e%BA\x06\x87\
\xa3\xcauQ\xbd\x8a\x11s.\x89\x9aPZ\x8c\xde\xbd\
\x05\x0d@;d\x15L\x85\xa6\xb5I\x02\x90fVH\
Z\x9f\x152z\xb9\xe3\x1e\xd38=8\x17\xbc\xf7\xd8\
\xb1\xe9\xf5\xc4\xd4\x8d\xb4>u\xc3\xbbx\xe2\x1d\xfc\x05\
=\xb8\x19;\x93\xafS\x07n&\x03\x1d\xb84\xe37\
\xd2Q\x03#\xa7\xfd\xe1\x1d\xd9\x162\x8dr\x87(\x0b\
\x992\x1edN#\xfa\xf4\x0de\xef}C\xab\x14C\
{\xaf:\xcd\xb8N\xb1\xdc.\xd2W\xe6l\x12M\x19\
Y\xe0\xbd2\xde\xfe$!\xb1\x83`\xed\xfa\x04\xf3.\
'\x93\xa2\x8d\xf72'\x93\xa8\x09\xd0\xe2\xf8\xe3\x16.\
6\xb1\xe7JS\xb6\x9a\xcc\x81\x1e2\xcd\x0c\x8e\xb4>\
\x83\xc3=\xbf\x1e\xdf\xdb\x87\xfc\x17\x94\xf9\x8d)/\x13\
\xa7M_\x99I\x1ci}\x12G\x10\xefh\xe7\xbd\xc2\
\xc9\xbc\x96\xbb\xf6j\xbf\xb4Rz\xb7\x01\xa6\xdf\x86\xa0\
9\x9dXQ#\x8bBV\xfd\x85\x9d\xe1\xcd3iQ\
\x88\xda\x17\x1b>\xa9\xe4.Q\xcb\xa9\xf6 j\xce&\
\x96e\xa2\xddy{\x86D\x83\xd0\xd5\xc9\xea\xbd\x1e\xc9\
\xb3\xd2\x8c\xbaH\xeb\xa3.F\xfd\xe5\x091\x0b j\
j\xf2 \x12\xd4\xe0\xfd\xc7\x98\x8b\xb4\x01\xccE\xf0\x85\
W\xcf\xa7m\x9br\xb84\xeaa1\xc7\x9c\x8b\xb4>\
\xe7\xc2_?\xf5v\x1f\xfb_?\x0b\x05F\xc3)\x15\
D\x0f\x8e\xe3\x14 TN#\xfax\x0bUW|[\
\xf5^.\xb9K\x0fD\x1aN>\x13\x92DD\x86l\
7\x9b\xa1\x1f\x1dg\x11}\xbc\xc5\xe8\xdd\xeah\xe7L\
Z\x814W\xea\xa8\x5c-/@\x9ak\xc3\xab\x8f\xd1\
\x16i}\xb4\x85R\xe9\xbdX\x90L\xdfu\xbb\xce\xbb\
\xdd\xea\xb0\x0f+\xcdT\x8b\xb4\x01\xaa\xc5r\xdf?}\
\x00?\xb6\xbf]z\xc4\xc1\xc9\xb6\xe8\xc7\xc6P\x8bt\
\xcc\x04\xa0w\xb4\xfd\x02t\xea\x8e\xb2\xa7\xb3H\xddi\
\xb6\xe8Lp\xd6\xd0\xe7Zx\xbb\xc7\xde\xdeSoo\
\xe0m\xbc\x93>s=\x5c\xb3Q\x82\xc9^\xb6\xd8\x83\
\x8b\x98)\x11i\x03\x94\x88\xfe\x8d\xbb\xfej|\xbb'\
l\xc1\xaeW\xec*\xac\xe0\x05\x8al\x9a\x01\x11i}\
@\x84\xb7\xf0\xc8\xbf\xb7&v\xbf\x83\xa3\x90o\xca\xad\
\xef<\xb4\xbe\x99\x0b\x91\xd6\xe7B\xb8\xb7\x97\xee\xdd\x22\
\x00os\xc1\xed\x8b\xac\xdb\x1c-\xd9L3\x0f\x22\xad\
\xcf\x83p\x1f\xbcT\xe0\xf1\x9dC\xef\xde\x828\x99\x0e\
\x93r\xf8\x9b\x93\x95\xbc\x85^\x8b\xe2\xe6\xac\xa1\x0f\x85\
\x08^\xfd\xe3>\xd96\x15G\x0d\x05o\xa4\xf0N3\
\x0f\x22\x1d7\xb1N\xd1\xed\x0f$#V._\xe8\x88\
6\xac\x5c\x01>,\x93 \xd2q\x03\xad\xab\xfd\xd1\xab\
'\xf8\xdeo\x15;D)\xc8`\xc6`\x10DZ\x1f\
\x04\xa1n\x87\xdb\x15\xf5z\xde\xfd\x22^\x10\xc1\xf5k\
\xd7g\xe0\xe5\x5c\xb4\xe94p\xca\xd0gA\x8c\x0f\x96\
\xfc\xa3'Sv\x8a;\x9d\x7f\x5c\x033T!m\x00\
\xaa\xb0\xbb2\x1c\xbcwO\xbeK\xde\xeep\xfbU\xf8\
\xd4\x905\x9b\xe5b\xb9\x081s\xda\xd0\xe7*\x04\x0f\
\x0d\x05z#\xd6\xbf\xd2\xdc`s\xb0\x8a\x97\x04g\x0f\
}\xb2\x82Z\x7fuq\xe6\xbe=\x91\x10\xc2\xc1\xf5[\
\x17\x7fvm\x98\xd60O!\xad\xcfS\x08\x9e\x9c\xee\
\xe5\xf1\xf0\xee\xc4}\xb3.\xb7\xd9\xc2VJgF*\
\xd4\xca\x85.}^\xce\x19\xfa@\x85\xd1\xe0nx\xf5\
0\xfc\xf7\xaa\xa8;nM4\xff\xaa\xd9&j\x8f[\
\xd4\x81e\xaeB\xda\x00W\xe1\xde\xfe\xf0j\x9fL\x90\
\xea\xc9\x9c\xff\xa7\x16\xc84#\x15\xd2\xfaH\x05\xef2\
\x84\xa6}\xbb\x1c\x0d.Dg\x90\x82\xa6\xa9u\x9b\xb6\
HM+\xc2yf\xa4B:a\xa0a\xf5y\xbc\xb4\
\xed\xdfn\x8d\x16\xdf\xa1.d\xa6\xa3F\xd4\xa2,d\
\x06\x9e\xceLTH'L\xf4\xab\xbc\xaf_\xd4\xa4\x97\
\xa6y\xc1\xbf\x82\xe2\x02\xa6y\xbd6\xf43\x19\xae\x90\
\xd6\x87+x\x07\x7f\xb9\x97\xcf\x89t\x9a\x9ft\xb9\xa7\
\xc0N\xb34\x9df\xbcBZ\x1f\xaf\x10T\x19\xee\xc9\
\xd2\xf0\xee\x95\xe4\xf6\x9e\xd8\xff\x95\xd9M~6\x15\x1d\
p\xbb\xa5\x99\xb3\x906\xc0YX<w\xb7\xd6\xc0\xb8\
\xa9\xee\xe7\xf0\xf2\x00\xe7f\xa1\x0d\xce\xcd4s\x16\xd2\
\xfa\x9c\x05o\xef\xf1\xf8\xea\x08\x92vp-7jS\
H\xfa\xdd\x1a\xa5m\x86,\xa4\x0d@\x16^\xde\xa8\x15\
=_n\xdd\xd3\xdf\xbbn\x85|\xb5\x14\xa2Bj\xf2\
\x22\xe42\x08\xf7\x98\xb5\x90\xd6g-\xa8\xd3|E\xaf\
\xa7\x09\x09\xa0ccuT$\xeeT\x9ai\x0b\xe9\xa4\
\x81\xde\xdb\xc6\xe8\xc7\x1d\x22\x0c\xec\xea\xffL\xe1\x17\xd0\
\x22\xa44S\x17\xd2I\x13\x8f\xa9\xe1`_\x9d\x8c\xcb\
c\xe11\xe5\xd8\xea`\x14\xe4K#\xe3P\xd3\x90\x91\
\x0b\xe9\xa4\x11\x8b\xec\xed\x19t0\xe6\xed\xba\x9a\x80`\
\x13c>KM\x0cf.\xa4\xf5\x99\x0b\xa3O\xab\xe3\
O\xbb \xea\xac*\x06\x00\x0a:\xab\x05\x12t2r\
!\xad\x8f\x5cp\x9f<\x18\xfd8P\xdb\x16?o\xc9\
.\x86j\xa7\xa1\x86z=\xd1=]\xcdA\xb9\xc1\xbc\
\x85\xb4\x01\xde\xc2\xedm\xd8\x9b\x15\x83\xce\xd9\xcdN\x09\
#\xce51b\xce&\xfa\xb4\x85\xa0\x12u\x0f.\x14\
\xf0t\xfdR\xacD\xd5[;\x88\xbb\x5c\x12\x01\xbe\xbd\
&\x94\xcf\xcc[H'\x0d\xac|?\x18\x9d|\x86z\
?\xd7\xf8{\xa6'V\xfc9\x14]0o!\x9d4\
\xa1\x04p\x97?\xc0\xa5\xa1\xaef\xee{\x16\xabte\
0q!\xadO\x5c\x18\x1d\x1f{\x83-\x10\x02\x84\xb6\
\x0be7D-@\xd7!-\x003\x17\xd2)\x13~\
\x9c\xd1\xe05X\x93\xc3\x82\x7f2B\x05sr\xaf\x08\
\xe6\xe44S\x17\xd2\xfa\xd4\x05\x7fu\xd3{\xba\xa4\xd6\
\x01J\xd6\xb8\xce|\xbe\xae\xee\x0d\xb2\xc6\xcd\xe7\xa0\xde\
g\xe6BZ\x9f\xb9\xe0\x9e\xbdQ\x16\xa2\x93[\xff\xe4\
w5\xaa\xd3\xe8\x84\xac\x08\xf1'\xe8\xd8\x00\xb8L3\
y!\xadO^P`\x99/\xf7\x19,3\x8fJ\xb8\
\xf2<\x95s\x0c`H\xeb\x03\x18\xfc\xa5\xaf\xfe\xddA\
\xf0\x0b\x94NE\xf0\xfe\xfb\xf5\xfb\x83c\xd1s\xbat\
,8\x05\x1a\x000\xdc\x85\xc2j\xd2\xcf\x96\xda\xbc\xf1\
\xb4\x87\xf2!\xa6/\xa4\xf5\xe9\x0b\xc1[{\xf4s[\
\xd9\xb5>>\x92\x87\xc0AQ7\xa1\x95\xd7\xc4A{\
v>\x0bO\x14\xa60\xa4\xf5)\x0c\xde\xd7c\x7f\xfd\
HI\xf9N$(U]\x89\xeeC\x02\x98\xd8`l\
\x82\xe9>\xcd\x14\x86\xb4>\x85\xc1\x7fr\xab\xd4\xa8\xef\
\xfet\x97\x7f\xff\xd6\xd5|I\xa9QKr\x8f\xbcj\
\x17\xa0G\xce\x1c\x86\xb4>\x87\xc1\xddR\x0b:\x09\x96\
\xdc\x08\xd7s\x22.y\x86\xee\x0df1\xa4\xd3&T\
\x0d\xa3\xfeC\xa9\x0d3\x914LT|\xd2Av\xa0\
\xd0`\x10CZ\x1f\xc4\xe0]\x9c\x8d\xdenz\x17\xdf\
\xa4&L\xdb.\xcdt2\xaa{\x94\x17?0\xd0O\
\xd3\x0cbH\xeb\x83\x18F\x1b+\xe3\x0f\x7fA\xfd\xe9\
tj6\xd4\x9e\x0e\xad(O3\x82!\xad\x8f`\x18\
^/\x8e\x8e\x07\xbc\xa2|\x0e\x0fpy\x0e\x0f0'\
>}\x0c\x83{\xbc\xe4\xde^B\x0e\x99+\xe58\x85\
\xcc\xe5(\x850\x84!\xad\x0fa\xf0\xf6N\x94{\xfd\
\xe7\xe9\xf0\xc7w\x01\xe0\xa3\x84\x9c\xcd\x90\x87+\x16\xf8\
\xb3UzE1\x8f!\xad\xcfc\xf0\xfez=\xbc\xde\
rO\xbeK\xef\x91zUmz\x92_#\x10+\xe7\
:}\x0e\x83{\xb2\xe0]\xbc\xf6\x9e^{\x9f\x7f_\
\x0eX/\xd5\x0b\x99\xc6L\x88`\x94k\xa1z\x86\xa6\
\x0fLbH\xa7M,`T\xf6\xc3\xf3\x1b)=W\
C`\x8b\xf4\xa3\x93\xd9\xe4\x91\x7f#\x80!\xfc#\xdd\
\xcc\xfc\xc7\x92w\xb6\x8d\x03\xf7\xb0\xadL\x13w\xb8\xd6\
\x82\xb0\x22\x1cq\xc4\x80\xb9\xd3\xbb\xbc 2\x80\xe2\x93\
1(\xb2\x02J\xe4 \xae(\x87\xac\xef!\xfa\xfan\
\xd4\xa7\x81{\xebo\x19\x11nxja\xd0\x16\x07m\
\x19\xf0\x8b\x04\xef\xd3\xb0Q\xbb-\x0f\xb2[\x9dL\xc3\
\x11\x15\xb3\xe5V\x86\x0es\x8cC\x8e\x19\x10c\x04\x15\
\x10f<\xdb\xe1\x8c\xe7\xe07\x8es\xc0\xfaO\xbd\xef\
\x8b\xde\xfa%\xad\xf0\x0d~}\xe5\x12\x02\xca\xb2e\x0c\
9\xc1!\xeb\xf7:\xef\x96\xbd\xd5\xc7\xb4\x16\xc0.\xb5\
;\xf8\x9e\xae\xb51\xe2$GlBz\x18\x04-m\
\xc3\xc9\xe5\x83\x80e\xc4^\xae\xd6\x82PS\x1c\xaa\x81\
|\xb7\xe9\xed\x92=rb\xb3`Kg1\x8b\xf7q\
\x9ac\xd6oqn\x9e\x8e\x9f\xbfDRK\x85\x9d\x86\
\x95\x0a\x9d\x87\x08\xa7<}\x0a\x83\xb7\xf7}\xdc\xff\xe8\
?\xfcCf\xca\xd6\x0b\xddN\xf0\x81\xf3\x04\x95\xed\x96\
\xeb\x104g\xbdH\xc4\xc4\x8c\xef\xd3*\x9d\x0c\xd5H\
\xa6SQ\xa5S\x11\xe1\x94\xa7\x8f`\xf0V\xfe\x1a\xed\
|\xa3\xb7\xd2\xaf\x15\x1c\xf4^\xcaa\xc8\x9c\xf0\x0c \
\x18\x96?\xb8\x8f\xd6\xdc\xc5\xaf\xc2\xa4\xac\xa8\xde\x1e\x22\
\x13@vE\x06\xf1p\xde\xd0\x07/\x8c\xf6n\xbd\xaf\
\xab\xee\xda\x0f\x7f\xfdTZ\x8a\xeb\x84\xcf}G\xecu\
g\x1c\x07rs\x84\xf3\x86>ya\xdc\xbft\xcfv\
\x867\x87R\xff'\xdf\x94\xbd,\xd5\xfc<\x84\xca\x09\
C\x1f\xb8\xe0\xdd\x9c\x07O}\xf7\xfa\x22\xa8\x8c\x85\xe1\
X\xc7Q\xe0\xb7BM\xe6\xa89\xb35\x08\x99\x13\x87\
>ta\xb4s\xe1o\x9e\xc3b\x16U]V\xc3}\
\xd4\xb8\x9b\xa5U-\xd2O\x8es\x87>ua\xf2\xbe\
\xf3W\xbex\xa7\xeb\xf0\xbek\xe5k\x1d\xf1i\xd7\x82\
\xef\x1c\xe5\xdc\xa1O\x5cpO\x1f\xb8g\xb4>\xbb\x16\
\x02|\xe0R\xab\xcd\xd0\xa5\x16\xe5\xbc\xa1\x0f\x5c\xf0W\
\xcf\xfd\xd3\x81wwO\xb2f)\xado\xbd\xd3`{\
\x96\x03\xfe\xac 2N\x1e\xfa\xcc\x05\x85\xa0\xbe8\x93\
\x9c\x9bE[\xc9}E\xdff\xb1]\x81P9i\xe8\
s\x16\xdc\xe3'\xee\xd5\x03\x80\xbe9\xa5\x19\xbb>\x0d\
\xfa\xe6\xcc\xc8\x1c\xaa 2~'E\xf5Gb\x07\xeb\
\xaau\x05*\xa7Nc\xb6\x83\x0a\xa7Y*\xd9\xa2\x9c\
\xef\xf4\xe1\x10\xfe\xe9\x0f\xf7\xe45lP\xcbu*y\
\x5c\x9e\x96\xab\xc8\xcb\xd3\x82\xa88\xdb\xe9\xc3!\xbco\
\x1f\x94=\x9d\xc8H\x8d\xf6\x142R\x1b/\x0aNz\
Q\x03\xcb\x0b7\xfc\xc7\xcf\xa7(\x15\xec\xfa?\x96*\
\x04qq\xd2\xd3gC\x8co6F\x0fv\xdc/\x1f\
$\xa6~\xa1\x19j8EGY\x13\x0a\xa0(\xe7:\
}(\x84w\xef\x95\xbb\xb5,\x99\xf5\x9c\xa0\xbc\x14\xad\
zN\x11n\x07\x8bs\x9c>\x0a\xe2_\xff\xf9o\xf0\
Xv\x97~?\xb8\xffj\xb5\x83\xd72\x94\x10\xea\x0f\
\xe1\xe0Z\x9c\xe1,#\xd2\x8f\x07;\x0a\x03q\xb6#\
K?\x9a\xbf8\x10sb\x17\xb3\x99\x9b\x83\xa89\xc5\
\xe9s \xd4\x94\xe3\xf0+\xcay\x83\xac\xc12\xd3.\
v1-Nu\xfa\x10\x08\xd5\xf9\xd9;\x81=d5\
\xbb4\xdb\xa1-d\xb5Y\x07^I\x16g\x0d}\x00\
\x84\xf7\xfd\xed\xf0\x8a\xa8\x15\xcdN}fJ\xd3\xb59\
\x83\xdf\x98\xf3\x86>\x06\xc2\xdd\x5c\x1b^oQ\xa78\
\x1c\xe3V\xb1#\xd8\xaab\xcc\x9c9\xf41\x10\xc3\xbb\
\xe7\xa3O\xab\xc3\x9f\x172BV\x9e'e\xaatW\
p\xc6\xd0\xc7@L\x0c8\xfe\xbb?\xc7{\xaf\xd1\x80\
S\xe8\x84\x12\x1b\xb9\x13\x0f\x99\xc3\xe2\xcca\x99`\xd3\
\x05y\xd9\xff\xf9\xd6\xbf}@\x16\x9cl1\xaf\xc6\x8d\
\xa2\x22\xa8\x9c\xad\xcaQ\xc78\x8d\xe8\x13!\xd4\xbd\xbc\
q\x1a\x94\xf2\xe3=\x88Z\x1d\xe7\xe0\x9a\xabvDE\
^\x91\x82\xe6d\xa2O\x86\x18/m\xab\xde\xca\x85\xd8\
\x18\xcc\xd8\xa5\x9e\x88\xc6\x92\xf1 A<\x9cA\xf4\x81\
\x10J\x85\xb7\xb03\xde\xd9\xf2\xdf=\x10\x96\x85N\x86\
\xcf\xd0\xdd\xb6\xabMho\xc78\x83\xe8\x03!F?\
\xee\xdc/\xfd\xf1\xd1\xef\x08\xe7\xea\xff\xe4\xec\xc6\x0c`\
7sp\xab\xc58y\xc4\xe2&\xb8\x7fo\xff\x9c\xb2\
a\xb1JN\xe46v\x5cc\x9c:\xf4a\x10\xfe\xfd\
\x9f\xfe\xed\x0a\xa1\x15'voB+\x161bN\x1c\
\xfaL\x88\xe1\xf5\xca\xe8nwt\xfc\xc2\xbd|!\x14\
\xc5s%\xbb1\x91\xa2\xcb \xa1\xb9\x16\xfd\xec8\x85\
\xe8s!\xd4p\xff\xfal\xbc\xb4.9W\x82KB\
\xf5T\xc2\xdb\x0d\xdc+e\xa7\x07-\x95\x18\xe7\x10}\
,\x84\xff}\xd1\xff\xfe\x10\x917v\xc3\xe9\x90Y6\
\xeb\xd0\xe9\x88s\xfe\xd0\x07C\x8c\xfb\x97\xcaQq{\
\xe2>\xecK=\xe3\xdc\x84\x80$\xaeo\xae\xe6\xe6!\
{\xc49{\xe8#\x22\x14e\xea\xee%\xac\x1f\x0f\x8a\
\xfa\xa2\x9a\x85\xf1\xfa\xf1n\xb1\x00\xef\xbd8'\x12\x03\
\x9c\x88\x17\x07\xe3\xc1[h\xae\x14:\x8d\xa0\xb4\xc7\xf6\
J\xa1F\xed\x958'\x92\xb8\x81\xa7\xc8A\xf0\xad\x95\
\xcf^\xd0\x0e\xfe\xd2G\x17\x1a\xa0\x1et\xbaT\xc5\xc5\
9\xa1\x18 E\xdc\xbct\xcf6\xbd\x8b\x15If\x13\
\xba\xeb\x1b\xb0\xc2\xa9\xd7\x85\x17j\x9c\xf3\x89>%\xc2\
;:\xf1\xbf}\xa2\xa7Hp \xf8\x1dR\xa4wH\
\x9c\xd3I\xdc\x00\xe0ti\xbc\xff\x80\x16\x17vB\xea\
;\xef-\xac\xca\x0a\xc2 0\xce&\xf1\x94\x89\x22\xf9\
\xcbIp-K\xd9\xa47YO\x1fN\xfc!\x9b\xf4\
\xaa\x15\xc8&q\xce&q\x13\x0a\xb7\xe1\xd5\x8aw~\
(e\xc0\xd6D\xf1(&?\xea\x10%8\x93\xe8s\
\x22\xdc\xc53w\xfd\x134.\xaaa\x16\xa1\xceEu\
\x9e:\x17\x09N$\xfa\xa0\x08w\xed\xa5{w_Q\
e\xce\x17e\xedUWy\xa7\xedrGV(\xd0W\
\xe64b\x02\x14\xa1\xf6O\xf9+\xb7\xee\xcf'\xb8\x7f\
\x0a^{\xc1\x1fC\xbeNp\x1aI\x98XI>\xde\
Y\xe4\x95\xe4\x05\xd62\x15\x0bt\xc7%8\x89\x18\xa0\
-\x1c\xfc\xc52\x90\x8c\x1a\xf3\x12\x83\x0a\x1f%\x09N\
\x22\x09\x03X\xd3\xa5\xe1`\xd5]\xfe /\x15\x96\xab\
\xb7\xf9\x16\x1d\x06N\x1f\x06\x00\x0b\xbb\xb7\xa3\xfe2|\
\xdan\xb8\xda\x14g6],\x91\x13\x9c=\xf4\xf9\x0a\
j\x9b\xf7\xc1\x99\x9a\x96~\x15\xf6\x0a\xdb9\xc5\x92q\
\xe4\x9b8\x97+B\x11\x94\xe0\xc4\xa1\xcfWp\x97N\
G\xfd>\xe4\xe8\x8a=aXb\x92\xae\xb4(I'\
9\x7f\x18\xe0+\xdc\xdcsW\x1f\xb1\xe2\xb8\xcaV\xa0\
\x0a\xb6d\x93\x9c?\x0c\xe0\x15\x1e\xf6\xc7K\x9b\xe3G\
?F\x87\x17\x82\x9a)\xac)z\xa1US|=U\
{\xd0\x1dJr\x021\x01X\xf8\xec\xad_\x02\x13\xe2\
W\x9b3?\x85\x0b\xd1+\x93X!\xc9ID\x9f\xb1\
\xe0n\xf5\x87\x83\xcf\xe3\xc5G\xee\xe0w\xebq\xb9S\
o\x87\xb0\xe9\x0e\xbc\xf9\xca\xed2\xbc\xf9\x92\x9cG\x0c\
`\x16\xde\xec\x8f\xb6_\x80\x80,\xd7i4;%\xd2\
\x8f\xe5\x9a\xa4\x1fKr&\xd1g,\x04w\xc6\x08\x01\
\xf5\xe1\xdbz\x8a)\xbd\x88\xf7\x06g\x14\x03\x90\x85\xdd\
Cw}\x83CV\x0d\xf0\xffM\xcc\x9cR\xf4\x19\x0b\
\xee\xe7\x0f\xee\xe7\xad\xd1\xc6\xaaT\x0f\xf5J\xf3@\x8b\
\xec\x81N/\xc9\xc9D\x1f\xae0\xfe\xe3\xdbx\xf7\xc2\
\xfb\xfe\xc5\x15\xc2m\xa9\x9e\x96\x92A\xe6\x1d\x91\xa6\x86\
*\xc8\x14\xa7\x12\x03t\x85\xbd[\xa5\xbc\xf9\x16\xa4@\
Q\xb89\xdbi\x05IP,\xe0f[p)\xa78\
\x93\x98\x00+\x1c\x8fV\xd6x\x8f\xcc,\x8f\xa9\x1d\xd4\
\x0a\xa58\x8d\xe8C\x15\x94\xed\xb1\xdf\x07=@p\x11\
\x87%\x06\xca\x01\xca-\x92\x03\xa48\x89\xe8S\x15\x82\
s\xe1\xdf? \xf6\xdb\xaf\xbah\x0a\xfb\xad\xd5\x03Q\
z\x8a\xb3\x88>\xa9`8\xd8w\x07\x97x8*S\
v\xb4:\xa8\xfdOq\x16\xd1\xc7\x14\x8c\xaf\xee\xdc\xd3\
\xb5\x91\x84\xaaS\x9e\xeeNQ\xd67\xcd@\x933\xc5\
\xe9\xc3\x00\xa0`\xf3\xd4\xfd\xbc\x0fL\x93J~\xa6\x83\
8\x93\xca\x8c\x03/\xa8\x14\xe7\x0e\x03d\x82\xe5\x8d\xd1\
\xed\x06\xe9-\xd4\xd2l.\x94\x9b5<\x0f\x9cB\xf4\
\xc1\x04\xde\xeac\x05\xda\x90I\x80\xedpS=q\x00\
\xdb]\xca i\xce i\x13\xb07\xef\xfb\xdb\xa0\xa2\
\xf0\x9e\xeeI:\xbdfG\x15\x14p0\x8aM\x92\x02\
\xa49\x89\xa4MpO\xdd\xc3\x8d\xe1\xe0\x8d\xa8\xb9\xc8\
\xfeb$K\x01\xb7\xb2\xf0\xaeNs\x0a\xd1G\x13\x0c\
\x07+\xee\xe2\x0a\xae\xbb\x09eCS\xee\xb6\x1e\xf6\x86\
\xd2\x9cC\xf4\xf1\x04\x8a5\xb5x\x86\xaa^\xa5\xe0\xc4\
n\x16>S\xd3\x9c?\x0c\x18\xfe\xaf\xefF\x9fV\xa5\
\x0d'\xbfV\xbf\xcb\xae\x90B\x15\xaa\xcd4\xa7\x0e}\
\xb3\xbfJ\xd1\xa7\xfb\xec\xb9\x09\x8f1\x9an\xb2xY\
p\x0a\xd1\xf7\xfa+\x11C\xff!\xa4\x90\x10\x12S\xc2\
$\xd2v(\x89\xa49\x89\xa4M\xcc\xd7\xdd\xc3\x1d\xb7\
\xff\xd9{\xf1L\x9a.\xccv\xd4|\xaf*\x9ao\xca\
\xb3\x182'\x11\x03~\xff\xfe\xa2b\xaf\xc8\xf8?\xc7\
\xfe\xb5\x86\x9a\x08\x80NV&\x00F\x22l\xfc\x8f\xe8\
\x1b\xff\xc7G\x1b|\xc7\xcd\xfc\xdf\xae\xb8\x19\xba\xe2\x22\
\xec\xfd\x8f\xe8{\xff\xbd\xdd\x0d\xef`y\xfc\xe4`\xb4\
\xb2$\xd8o\x14Y!\xec\x10\xcd\xca\xcd\x96\x9aS\x9e\
\x85\xa8\xa3\x1cu\xd4\xc0ng\xff\xe4\x14HS\x8a\xb1\
\xd0\xed\xd4\xa7p\xa6z]\x993\x15\x84fq\xd4\xfa\
\x0c\xed\x9fO\xbc\xb3\xcd\xd1\xc1\x8d\xe8\xc3\xc9\xb7\x8a\xaa\
\xb5,;qZN\x05\x02\x8es\xc0q\x03\xb5\xfd\xf8\
\xf1g\xca\x7f\x8d\xd0\xb1\x87\x07\xbaX\xc3\x03\x9d\xe0\x98\
\xf5\xdf#\x1f7\xbd\xe5-\x18:\x94;\x93\xda\x08\x86\
\x0ee\xf2{G\xd8N\x1f\xd1\xb7\xd3\x8f\xb6\x0f\xbc\xbf\
\x8e\xe8\xb6S\xb0o\xbe\xea\xbax\xd5\xa58b\x03\xc4\
\xb4\x05^\x89S.\xe5y'\x0eb!\x22l\xa9\x8f\
\x18\xb0\xd4?\xe8\x0f\xef^Q\xc0\x9dP\xddB\x11w\
)b\xf6\xd4G\xf4=\xf5\xe3\xe7\x8f\xbc\x83\xf7p\x8e\
\xe7\x94[\x96\xd4\x92sD\x91\x89\xb0\x9f>\xa2\xef\xa7\
\x1f}y3\xbcZr\xaf\xbf\x06\x91\x0b\xa78?o\
\xd7\xeb\x93\xe5\xce\xa2oo\xbe>\x07As\x22\xd17\
\xd5+\xca\xfe\x1fo\xa1K\xd4U\x02\xe5iM\xa2n\
\x06\x9aD\x11\xb6\xd5G\xf4m\xf5\xea\xa7\xb72@\x12\
\x80C\x13k\xc7\xc1\x83\xc1YD\xdfZ\xef/\xecx\
G\xf7 \x5c58\x9b\x02\x19\xae\x961dN\x22\xfa\
\xd6zU\xe2\x9f\xbc\x06\xca\xb7\xfa\xbe\x08\xf9v*-\
(\x88\xd8`\x1f\xd17\xd8\x0f\x7f^\x8cnv)\xeb\
\x95lU\xe1S\xd2\xe3S\xc1)D\xdf_\xaf\xf6\x02\
`\xb5\xfc\x7fm\x08\xa0X$\xc2\xee\xfa\x88\xbe\xbb\xde\
\xfb|\xe4\xde\x0c\xa6\xb51\xe6J\xd3\xda\x18s\x145\
[\xec#\xfa\x16{5\xe8[\xb9\x86\xfe\xbdZ%\x92\
\xc7\xe6}\xb7\x0d\xcd\xfb\x08{\xec#\xfa\x1e\xfb\xd1\xd7\
Oj\xd1\xb0\x5c\x11\xf5\x94\x01\x8aK\xa2^\x99J\x22\
v\xd8G\xf4\x1d\xf6\xe3\xa5\xa5\xd1\x80 jY\xb5\x81\
\x08\xb1Su<\x15\x9cE\x8c\xf8\xec\x15\xfe\x1d\xaa\xce\
R\xae1\xed\x85\x9d\xc3o\xcc\x99\xc4\x80i}\xf1\x96\
w\x5c\xb4U\xb3h\xda\x96\x8b6l\xb9\x08\x22\xe3\x5c\
\x125\xb1\xca@Q\xd4~|u\x07\x97\x82\xa4(8\
\xcb\xf3\xf9R\x054E\xe5yx\xf7\xb1s=\xa2\xef\
\x5c\xf7>\xbf\xf5\xceW\xdc7\x1f\xbc\xc1\xefGc^\
\x8dt&8dy1GQ\x06\x22\x07\x81q>\xd1\
\xb7\xae\x07\xf7\xb2Z\xbe\xf0\xf0\x9ewp*\xd4\xcb\xc1\
\xf7\x0d\x97/\xb4\x8a\x92Zr\xaeYnA\xcc\x9cN\
\xf4\x0d\xecj\xc5\xc5\xe0\x02\xaa\xcf \xdc\xba\xcd\xb5g\
\xb3N\xb5'[\xd9#\xfaVv\xff\xf8n\xf4\xc75\
\x8cw\xba\xa1\x85\x84\xc6;\xdd\x1ctl#\xecf\x8f\
\xe8\xbb\xd9\xfd\x85}\xff[_Z?\x5cV\xd2\x00X\
?\x5c\x06\xc5d\x84=\xec\x11\x03\x1e\xf6\x1f\xaf\xdc\xe7\
o\x08\x86\x13\x94p\x1d\xaa\xe2j\x15\xaa\xe2\xd8\xc1\x1e\
\xd1w\xb0+\xef\xd6\xa3C^\x050\xf1m\xd1\xcb\xba\
G\x89\x8fM\xec\x11}\x13\xbb\x92i\xdd^\xf2\xaf.\
\x97\x9f\xf2\xab\xcb\xe1\xaf\x8es\x88\xbe\x89\xdd[\xed{\
/\x97\xb0\xee\xb4\x1b\x99\x12C\x01{\x19\xfc\xcc\x9cD\
\xf4M\xec\xee\xe3\xe5\xd1\x9f\x0f\xdd\xf5\x0dq\x8d\x9d\x1d\
$\x91b\xc7\xa6-v\xc5b\x1bB\xe6\x1c\xa2of\
WH\xc0\x97;A}\xe1\x1d\x0c\xa4y\x9f3\xa1}\
\xc9\x90\x19\xa7L?@N!\xfaN\xf6\x7f\xfd\xe7\xbf\
\xee\xe2\xfd\xf1\xc2c\x09-\xa22tN\x1cE\xa9?\
\x94U\x92\x11v\x83GbF\xd0\x22\xef\xb6GG\x0b\
R\xfa\x08/\x8bJ>[\x12\xd3G\xaf\x92\x85\xf4\xc1\
\xee\xd4\x88\x81\xad\xe5\xbb+\xde\xf2\x06\xd4\x15A\xf1\xd6\
\x0cU\xb4rYQ\xc6\xb2\x82\x9d\xa9\x11}g\xeax\
\xff\x01\xab$\xab\x8d\xe9*\xc9*\xa9$#\xecM\x8d\
\xc4M\xb0\x0d\x86W\xf7\x90\x9a\x1d\xae\x1a\xfa\x87{\xaa\
\x83\xb0\xf8(\x1b\xd8^\xfe\xe0ePT\x00\xf4T5\
/\xaa\x13}5d\x92B\x15\xa8\xa7\x11\xb6\xa6F\xf4\
\xad\xa9j\xcb\xc9\xc3\xfexG\x8c:4\xe1\x97\xaa\x94\
\xfc\xda\xd5*\x85\xcc5F\xdc2sgx\xe7\x87\xee\
\xfa3\xba3B\x07W]\xf6zV\xf0Cs\x95\xa1\
oN\xf5\xbe]\xaa\x0f}\xb4!9\x97\x15\xa3#D\
\x1b\x82\x86\xbdX\x9d\x81\xdb\x99\x0d\xaa\x11}\x83\xea\xe8\
v\xc3}p\x00k/k\xf9R\xfdo\xb0\xba\xb8\xf8\
\xb2V\x97\x17_\x06\x91q\x9d\x117\x81Ys_m\
3\xc7\xb7Es\x92b\x0b\xef\x0dN(\x06\xd6\x99\xdf\
^\x8e\x0e\xa9Q\x94S\x9de*\xe4r\x84\xad\x8f\xb0\
55\x127\x00\xcb\x09\xbb\x17\xc1\xc5qp\xf6\xbb\xdc\
,4{\xb6\xc3\x86\x9c\xb8R\xad\x0d\x07\x99\xfd\xa9\x11\
}\x7f\xea\xe8n\xc7;\xbe\x99\xb6r\xaf\xda\xe8\xb0Q\
\x80\x9c\xcb\x11\xb6\xa8F\x0cXTwN\xd5\x00-\xe4\
\xa1\xfe\xdeu\xc9+\xa7\xc0\x84\x87*5]\xe6kp\
4\xd8\xa1\x1a\xd1w\xa8\xba\xfd\x9fA\x1e\xf1\x9e\x1d\x07\
\x9fZ\x02\x1d\xa8D\xd2,u\xc5II\xa1\xde\xecB\
\xc8\x9cM\xf4\x1d\xaa\xee\xc9\xa6\xc2\xd7\xb3\xa6!\x87.\
\xfcb\x8e~\x7f\xecP\x8d\xe8;T\xc7;[\xca\xc5\
\xf5s{\xf4\xe3@z\xaf\x065\xc6\xfcd\x8b\xab\xf4\
`-\x03\xb7#\xc2.\xd5\x88\x01\x97\xea\xcd\xae{\xb2\
\x10\x5c\x1b\xd2BC\x85!\x96u\x88N\x1d2\x08\xfb\
T#\xfa>U5jx\xb9\x03\x0b\x18\xcbaG\x0b\
W0\x96\x1d0\xe0G\xd8\xa7\x1a\xd1\xf7\xa9*\x14\xea\
\xc2\xb7)\xcb\xd4\xaaS\x949\xed*\x9ec\xce#\x09\
\x03\xa2\xbe\xef\xa3?\xae\xbd\x83\x15\xef\xc9\x990\x07\x9e\
\x14C\xc1\xf1\x90\xdfR\xd5\x9c\x03o)v\xaaF\xf4\
\x9d\xaa\xe3\x9dWA\xd9\x89\x1e\xe6:\x8eU\xbbu\xaa\
.\xd8\xa7\x1aI\x1a\xd0\xf3=\x0e>r\x90\xac\x87W\
\xab\xd2T\xa74\xe9\xddwE\x84\xa0\x93k\xc3\x95\xcc\
6\xd5\x88\xbeM\xd5\xdd\xea\x8f\xef]\x05\xa7b\xf4r\
A\x12\xe78\xeay]\xb3\xe5_\x1f\x08\xf9\xd8\xa0\x1a\
\xd17\xa8z\xa7\x8f\xbd\x85\xbf\x82\x07\xa0\x84ht:\
\xea\x03\x17&[\xca\xa4\x8f\xdc.\xd0\xc1\xe0,\xa2\xef\
O\xfd\xd5y\xd98\x1d\xde=\xa7W\x94RLf\xe4\
u\xbe\x95b\x06\x82\xe64\xa2oQ\x0d\x8e\x85\x7f\xfe\
\x11\xea8\xa7\xa4\x84\x9eT\xc49\xd8\xc7`\x87jD\
\xdf\xa1\xea\xdf}\x1c\xef\xdeQu_\xc2!p\xce\xa6\
;\x99\xcd\xa9\x11\x03\xe6\xd4\xe0\xa2\x18\xdc\x8d?\xfc\x05\
Zv\xf1W\xd7v\xe8G\xc7\xe9C\xdf\x9b\xea]\xfc\
tO\x96\xa0m\xdf\xcb;\x1d\xee\xda\xf7\x1c\xea\xda\xb3\
55\x922\xd0\xd3Z\x1a\x1d\x1fC\xee\x98\x0f/a\
\x94\xa2\xcew)}\xb095\xa2oN\xf5^.y\
o\x0f\xe0\xf8\xaa!Cf\x8a\xbc%\x83\x83\x06\xb6\xa7\
F\xf4\xed\xa9j}\xdd3\x92\xc3U\xec\xd0a\x0d_\
\xb92\x8f_\x99\xf3G\xca@G\xeb`\xb4s&\xb9\
tr\xbfV\x0d\xcb\xe5q\xae\x0d\xe51{R#)\
\x03*\xf0\xe3\xd1F\x1fvr6\x82\xc4<e#g\
\xa3\xd6\xa4\x0f\xccyC\xdf\x94\xaa\xd8\x8c\xb7\xb7\xfe\xd1\
\xa2\xfbfId3\xe6\xec^\xe8!\xc9\xc8{\xa8s\
=\xc8vlO\x8d\xa4\x0c\xec\x11}\xe7\x1e\x1c\x81N\
\xab\xf1\x7f\xb1Y7\xc8f\x1da\x87jD\xdf\xa1\xea\
>\xec\xfb\xa7\x03\x7f\xfd\xd4][\x94\x8a\xfaN\xc3Q\
\x97\x86TST\xeb\x0e}e\xce#\xfa\x06U\xf7\xf8\
\xd8=\xbb\x01\xdd\x93\xdd\xa8\x97P\xf5d\xd7I\xf5\xc4\
\xfe\xd4\x88\x01\x7f\xea\xd3?\xbd\xb3\xafp\xbf)\x0cX\
\x8b9\xb4-\xecq\xb2=5\xa2oO\xf57\xbf\xa8\
\xe5IA\xc8\xf7\x9e\x0bV(5b\x08\xaed\x91\xca\
0S\xad\xc0;\x8f\x0d\xaa\x113\xbb\xb3\x8f\x8f\xe9A\
m\x97\xba\xd3t\x9dm\xb4\x08\xb0=5b\xc0\x9ez\
\xf2\xdd_\xd8a\xd1o\x95u\xd5\xe5*\x9e\x0bN%\
\x06\xec\xa9k\xcf\xfc\xcb\xd3\xa0\x86\xf36\xde\x09\xb0\xb5\
RU\x15q\x15Y\x13\x90\xa9\xf6@\x0b\xc7&\xd5\x88\
\xbeI\xd5\xdd9U\xef&(\xe2\xf2\xc1\x0f\x8f*8\
T\xe4\xb0A5b\xc0\xa0zy\xec\xbey\x17\xc4;\
\xee\xff~!+ed\xce\xae\xc8\x00\x97B\xae\x02\x03\
v\xb6\xa7F\x0cl\xa4~z\xe0M,\x18\xaf\xd6\x84\
\x0e\x8b\xd3Qr\x1c\xd8\x15\xd8uz\xd0\xb0`{j\
D\xdf\x9e\xea\xdf-3\xc8\xb5f\x97\x18\xe4Z#\x90\
k\x94\xad\xa9Q}kjp\x22\xbcg\x9b\xde\x933\
\xe9w\x17\xd4B\xaa\xe7\x06?\xbb\x5c\xafU\x81\x88#\
\x1c\xb1~\x069\xddW\x15\x9c\xac3\x0c=|9\x9b\
\x84\x86Y\x12\x1aF\xd9\x94\x1a\xd57\xa5z\x07\xcf\xdc\
\xf7\x0bp*\x14*`\x9ea\x1d\xd5y<\x17\x16\x87\
l\x19\x98\xdf\xa8\xc4'7\x85\x0a\x9dF\x90\xf8\xb8'\
ThCO(\xca\xa6\xd4\xe8\xbfM\xd8\x89\x94\x9b\x81\
\xedDm\xba\x91\xab\xb4\x07,\xca\x8e\xd4\xe8\xbf\x0d\x10\
;W\xdc\xc5\xfb0UoMt\xd4<Uo90\
U\x8f\xb2'5\xfa\xef\xa4\x19\xf4\xc5\xe8\xe9'\x7f\xf5\
\x19\xa0/\x9cR\x0d\x98(Uh\x10E\xd9\x94\x1a\xfd\
\xb7\x09\xf2\xf3p\xf0\xd6\xac\x84(\xca\xae\xd4\xa8\xbe+\
58\xca\xee\xd6\xb2\xbb\xf6T\xc4(\x07G\xb9\xa8Z\
\xb2\xc0Q.\xc2\x9e\xdc(\xdbR\xa3\x06l\xa9K\xdb\
\xde\xf3\xf7\xca\x82q\xfa@\x5c\xd6`+\xd1\x93r\x86\
\x8b\xed\xfa2\x1c\x0cv\xa6F\xf5\x9d\xa9\xc3\xc1{\xff\
\xee#\xe4\x92\xc9\xa3\x9aRI\x11S\x09\xdbR\xa3\xfa\
\xb6Tu\xc7\xf5\xfbS\x0eFx_\xf0\xd9h\xe1\xd9\
\xe0l\xa2\xefK\xf5\xdf\xfd\xe1\xdd\xbf\x80\x1f`\xa13\
\xbd\xe1Y\xa0\x86g\x94\xcd\xa9\xd1\x88\x89\xb1\x88w\xfe\
\x13\x95\xd5\x0d\xe5\xe8\xfb\xc7v\xbe(\x9bS\xa3\x11\x13\
\x04h\xd5\xf2\x94\x87\x22\xf3\xc1\x93O\xbdVa*2\
_\x81\xa9H\x94\xed\xa9Q}{\xea\xf8\xf1\x81\x92K\
>>\x18\x9d\xec\x88\xe3ju:\xd4\xfffDnN\
\xa1\x0d\x85\x06;T\xa3\x11\x13jpo\xf7t\x8a\xb0\
\xacX\xfa\xa7\xca\xb2(\xbbS\xa3\xfa\xeeT\x7f\xf1\xd6\
\xbf;\x18?\xfa*\xa2\xd7\x94=N\xb5<;2{\
\xcd\x81\x15\x1eQ\xb6\xa6F\xf5\xad\xa9\xc3\xc1\xfe\xf8\xed\
\x1e\xf2\x0e\xa7v]\x1c\xea\xbaD\xd9\x9b\x1a\xd5\xf7\xa6\
\xba\x8b+\xee\xe0\xb3ZL\xb3p*S\xb6\x14\x9f8\
\xf8\x05v\xc5k\xae\xdd\x85\xab\x99\xdd\xa9Q\x13\xfb\x9f\
\xf7\xbc\xf3C\xe5\xb9~\xbf \x19\x97C\xfdlX\x83\
\xca\xc0\x9cr\x11\x8aP\xb6\xa8F\xa3&\x94\xbf\xfe\xfa\
\xd1\xb4\xcb\xb99\xc5^\xd4k\xe2\xf9\xe0\x8c\xa2oR\
U\x1fy\xf5\xfe\x14c{\x86W d0bN(\
\xfa\x0e\xd5\xd1\xf1\xb1\xc2@\x11\x04\xc3\x9ep~\xa6`\
0j0^\x8d\xb2K5j\xc0\xa5zt2\xbe>\
\x1b}|&]w\xad|\xb8]`B\x0a\x13o\xbc\
\x96\x93\xa5\x1b\x8f\xb3\x8a\x01\x9f\xea\xc9\x0b\xef\xe0\xabw\
t\xcf\xfb&!\x96K\xb3\x1d\xf5[\xcc\x8a\x11\xcf\x96\
!y\xb3K5j\xc0\xa5:PM\x02\xef\xe5\xcd\xef\
;\xf0J\x9d\xb6]*H\xb1\xd6\xdb\xb2\xd7:\xca\xee\
\xd4\xa8\xbe;\xd5\xbbx\xec\xae\x13Q\xb0\x18\xd6\x17\xc4\
\x13,f\xa8\xd2gwj\xd4\x80;u\xfdH\xa5\x12\
yUXs\xb2_\x09w\x855\xbb\xb0+,\xca.\
\xd5\xa8\xbeKu|\xf4\xc2\xfbr\x1f\x0a\xa3\x99|i\
\xbe\x01u\xd1\x0c\x8d\xdb\xa3lR\x8d\xea\x9bT\xd5S\
\xea\xea\x04W\x00\xab+yJ\x99\xd1\xc2K\xd9\x8aq\
\xd01\xfd\xcah\xc7\xfb\xfa\x05@\x93\xf3\x1d\xb5\xc2\x11\
A\x93\xf3=\xa06F\xd9X\x1b\xd57\xd6\xaa\x9e\xd1\
\xe0\xd2\xfb\xba m:\x0fNp\xc5\xfe?\x0b'\xa4\
\x1f`\xa5L\x87\x83\x93\x9f\xbe\xb5\xd6\xffy:\xbe\xb7\
\xef>|/-El\xfez\x96\xe4BE\xad\xf4\x0b\
l\xe7\xe8Ks\xea3\xe0\xad}\xb46~E\x92\x17\
E\x12D\x9f8?M\xd8Y\x1b\xd5w\xd6*4C\
\x90C\xe47k\xb3SjOy\xb36\xdb\xf4fe\
gmT\xdfY\xeb\xed\x9d(>\x83Lk\x9c\xed\xa8\
}\x1e@k\x9cm\x02\xad1\xca\xebj\xa3\xfa\xebj\
\xdd\x93Mo\xb0Em\xae\xc6\xe4\xf9\x87\x8d.\xda\xde\
\x10ewmT\xdf]\xeb=?\x0b\xfe>\x94\x9e\xc1\
]1\xa9\xdf\xb8\xf4,g\xa9\xf4d\xefg\xd4\x80\xf7\
\xf3\xfd\x82{\xb63\xfe\xb4+M\x84\xf3\xcd\x82|+\
\xe7\xa1$b\xc3g\xd4\x80\xe1sk\xcd\xdb=\xa4\xad\
\xcb\x93\x02\x83zrm\xec\xc9\xb1u2\xaao\x9d\x0c\
\xef\xe3\xfe\x94\x90q'\x1b.\x8a\x8e\xb2o2\xaa\xef\
\x9b\x0c\x12\x9f\xffb\x1d\xda\xb5\x8a \xdf\x98\xd2\xac-\
6\xa9Y\xcb\xb6\xc9\xa8\x81\xdd\x9e{'\xfe\x93\x87\xd2\
\xd2\x94\xf0n\x13\xb59\xb3\xb0\xe3<\xca\x86\xc9\xa8\x01\
\xc3\xe4\xe9\x9a{\xf4\xc9\xdf8\xff\xbd\xd6\xec\xa8\x85w\
b\xd2\x98\x01~K\x94\xad\x92Q}\xab\xa4\xda\xd5x\
u\x7f\xfc\xe5\xf7\x1e\x8b]\xcat\xc4E\x8dv\x06\x02\
e\x83dT\xdf \x19\xbc\xe6\x82\x9fX\xf0V\xfa\xbd\
\x83\x95\xaf\x96\xc4.l\xa1\x0aMX6EF\xf5M\
\x91\xaa\x9bry\x0c\xf3\xa6\x10\x13\xd8\x982p*\x16\
h\xe0\xc4\xb6\xc8h\xc2@\xb7\xedrt\xb0\xca[0\
+S\xf6\x06\xd0\x16\x97(\xbb\x22\xa3\x06\xf6v\x06\xc5\
\xd9\xc2\x07\x89P\x16Tf\xf9:\xe0\xc9\xday\xa8s\
\xd8\x0f\x19M\x98xf(\xa2!\xf6\xe5\x83\x84F\xc5\
/\xe636CF\x13\x06\x0a\xb3%\x05\x99\x05\x17K\
'cOY\xd0\xe8d\xa8\xf8eKd4ad\xfc\
\xbf\xf1\x96P\xe5j\xf6a\xffcVy\x94\x1d\x91Q\
\x03\x8e\xc8\xc7\x9f\xdd\xe5\x0f\xfe\xed\xadH\xb1\xaf\x96r\
R\x03\xa5V\xcdA\xa8\x9c%\x0c\xac\xec\x0c>\xee\x9b\
w\xc3\xeb\xe7\xee\x9b\x0f\xd2\xc7UP\xc0\xd0D&\x0e\
\xa4\xcb2\x19)\xca6\xc8\xa8\xbe\x0d\xd2;_\x19\xfe\
\xf8\x887Z\xdd\xc1!i\x91\x80\xdfQ\xf6\x14F\xf5\
=\x85\xfe\xea\xb9\xa29\xad\x5c\x0b\xb6\xb1\xb0\x18k\x8b\
\x8b\xec\x8b\xf4q\xf9\xf2\xd5\xb7\x13\xaa\xc7\xf1\xde{P\
a\x05\xb5\x98\x92\xbb\xb1\x0c\xab\x99%\x19\x16\xfb\x09\xa3\
\xfa~\xc2\xe0Dx\x07$>\x9e\x88\xd2\x1b\xff\xb8\x07\
\xc1f\xc2\xa8\xbe\x99P\x91\x9c\xfa7\xde\xc1\xfa\xf8\xf8\
L\x92K\xd7\xeczXPJ\xcf\xcc\xda\x0cT\xbel\
&\x8c\x1aXw\xf9\xf4\x0c\xb0\x1b\x8a\xdaK\xcc\x8d.\
 7\xa2\xec$\x8c\x1ap\x12\xde}r7O\xc1V\
Q\xe9\x04EO\x1e\x8d\x15\x95\x0a\x18+\xa2\xec(\x8c\
\x1a\xd8v\xb9\xb4=^x\x8c\xfay\x85N#\xf9|\
\x8eN0\x1b\x0a\xa3\x06v]n\xbet\x0f7P\xe1\
\xd6\x99\xb6\xdb\xa2\x97\xc5\x90\xb9~\xd77\x14\xaa`\x07\
[\xee\xf2wi\x22S\xc9\xab\x96T\xaf\x08#\x99\x8a\
\xd3\x83\x9e\x14\xfb\x09\xa3)\x03$\xe7\xed\xd1\xdb?\xe1\
$\x07\xc7\xa2\xda\xc1\x83\x5c\xae\xd2Af?aT\xdf\
O\xa8\x10\xa7\xf7\xbf\xe3v\x8b\xf2\x148d\xb9L\xe9\
\x99=\x85Q\x13\x9e\xc2;\xef\xd9\xb1T\xad\x85S}\
\xb9Z+6\xe1bc/aT\xdfK8\xbc}\xaf\
\xda\xaa\xf2\xc7\x9d\x0b>\xedDU#\x7f\xde9\xac~\
\xd8I\x185\xb0\xe8r\xa0\xe0c\x12\xbd\xb9\x12n\x81\
\x03ts\xa5J\xbf7\xce\x1c\x06\x96\x5c^-*\xea\
\xe6\xc6\xa9\xfb\xfa\xbe\xb8\xe9\xc4\x09Q\xa1u\x98\x1b\xcd\
9E\xba\xd88y\x18\xb0\x11\xf6\x7f\x8en\x1e\xc0\x1c\
\xbf\xd0iT'\x9eXq\x90_\xa8\xd2 \x9f\x8d\x84\
\xd1\xb4\x01?\xfa\x81Z\xa0-\x8f\x14s\xbfZ\xc18\
T\xccui\xa8\xc8V\xc2h\xda\xc4\x82\xb2\xf1\xee\x05\
\x98bk\x93\xd3\xc1\xae\xd8\x9a\x03\xae\xd8(\xbb\x09\xa3\
i#\x0d\xa0 \xf1\x05/~\xe1'\xa8\x1a@y\xb5\
\x06U\xfe\x11\x16+]\xf8\x15\xb2\x990\x9a\xb6L\xb8\
\x14\xd6\xf7\xfd?\xb7\xa5\x17\x7f+x|4\xea\xaa\x1c\
\x12\x07\xe4ux\xf0\xb3\x970\xaa\xef%\x1c\xddn\x8c\
^=!Vv\xbe4\xe5\x01R\xc3\x07\x08[\x09\xa3\
\xfaVBU\xce_\xbe\x1f^\x89\xe5|\xb9\x03h\xb7\
n\x192\x08\xdb\x08\xa3\x06l\x84\xa7k\xc3\xeb-\xf7\
\xf6Rh\xbaW\xf3\xb9\xbc\xe8\xdc\x85\xf4\xcc\xf6\xc1h\
\xda\x80\xeb\xe3\xc0]\xfe\xe0\x1d\x0c\xbc\xd7g\xe2\xa5V\
-\x95K\xdd\x92\x14p\xaeZ\x86\xc9\x0b\xbb\x07\xa3i\
\x03\xed\x9f\xc7\xc1\xdf\xf7\xbf\xfd\xe9\x9f\x9cJU|\xe3\
\xd7\xd0\xb3\xd4\xed\x88\xb2\xc6,x\x1e-\xb6\x10Z\xfa\
\x16B\xff\xee@Q\x15\xa9\x89\xf9K\xdc\xcf}\xcc.\
\xf41-\xb6\x11Z\xfa6B\xf7\xf2\xb9\xe2\xd0\xc9\xde\
\xab\xf0;+\x18\x1d\xbb\xaf\xb2\xc44\xb5\xd8Jh\x19\
\xd8o\xb9\xbe\xe1\xbe\xfd\x83[\xdcMd\x9a6\xe1f\
\xb3\xd8Gh\xe9\xfb\x08G\x07\x87\xee\xe2\x99\xea\x10\xbe\
z/\xeeE\x0a\xedb\x19\xb9\xb0\xe8U\x81\x03a\xb1\
\x8f\xd0\xd2\xf7\x11*\xbb&\xeeZPvM^\xb6P\
\xad\xe0WNp\xc4\x09\x03\xbb7\x82b3\xf8\xc7?\
}\x22\xa4\x90l>\x9b\x97\xdbW\xddl\xb6\x05\xf1&\
9\xde\xa4\x09\x9c\xf0\xf2\x87\xe1\xdd+)=W\x01\x0b\
Z\xab\xd2\xed\x96\xe2P\xf5\xdf \xe7\x87\xde\xc5kq\
I\x88\xba\xd62\x0dZ\x13\x02\xd3[\x8b}\x83\xd6\xbf\
\xd3&\x1c@\xb7\xcf\xdc\xa5S\xc9\xfe\x93\xcbWd\xeb\
ON\xae\xd2,\xf6\x0bZ\x06\xfc\x82\xdb\x9f\xdc\x93M\
yYL=\x14%\x89\xabb\x8a\x0e\xc4\xca\xc9\x22b\
\xe0\xa9\xf1\xc0_\xbe\x061R\xe5\xd7Fa\xd6\x22U\
H\x8bd\xb1W\xd0\xd2\xf7\x0a\x06\xf1\x8e>\xadzO\
\xaf\x85\x8bWQ\xc6\xe5\xd1m\xaf:\x03\xb1r\x9e\xd0\
w\x08\xbaK\xaf\xbc\xd5\xc7\xde\x93\xb3\xff\xff\x7f\xf5\xab\
\xb0\xb4\xeb\xedN\xa3\xa5\xda\x98\x1d9\xe8\x99v\x0b\x8a\
\x88H\x8c\xa3\x8e\x19\xe8a\xaa\x11\x8d\x80\xb2\xa9\xe4I\
*S\x01\xa9\x8c\xc5nFK\xdf\xcd\xa8tiG\x9f\
\xc6\xaf\xee$]Z\x90\x1brbE9\xdf\xcaA\xac\
\x9c\xcd\xf4m\x8c\xde\xe2\xbb\xe0\xc19\x1cl\x8b\xfba\
:\xa5L\xc3\xe9\xd4i?L\xc6iC\xc8\x9c\xd0\x0c\
\xd8\x18\xb7?\x8d\x8e\x1eB+0\xb8\xcf\xaa\x0cx\xe8\
\x12s\xd7b\x0f\xa3\xa5\xefa\x1c\xfd\xf8\xaa\x16\x11\x08\
\xcf\xb8\xe0@\x14\xed\x92\xf8\x90\x9b/\xd2y\xe0\xa4\xa6\
\xef^T\xa0\x9d\x95kw\xe1\xbb\x14j;\xdf\x90\xca\
\xf3\xf9vC\x8e\x94M\x8b\x96\xbeiQ!I\x83z\
A\xce\x13E\xbb\x11\x96\x0c\x9c'\x8ae\xca\x13\xec[\
\xb4\x0c\xec\xd4\xbc;\x0b~o\xe3O\xbb\x12\xab\xbd\xa8\
\x1a<\x85\x10\xa7*\xfb\xd2\xa0(c\xd3\xa2\xa5oZ\
\x1c\xfd\xb8S\x9ck\xa8\xd0\xff\xa7\xdd\xc0a\x17\x92>\
,\xf6+Z\xfa~\xc5\xe0\xcb\xfa\x1b\xe7\xa3\xb7\x9b\xe2\
\xe5`\x97f:\xe2\xcd\x00\x17\x03\xbb\x14-\x03.\xc5\
\xfe\x8d\xb7\xf0\xc1{z*I$jvpt[%\
Q\x22Q\xcb\xb7\xe0\xeae\x8f\xa2\xa5\xefQ\xf4\xd6/\
\xc7\x7f\xbc\xc5Ym>\xc3d\x81r\x06\x0f\x03'\x8b\
\xa8\x11\x09\xd5\xc9su$\xa4[\xa2cg\xc2_\x1b\
\xdd\x11\x99.\xdd\x11\x9c.\xa2&\xd2\x85{q\x06\xa3\
\xcf\xe0\x1a\xfe{e\x8d8\xfc\x9c\x9f\x81\xe1\xa7\xc5\xf6\
DK\xdf\x9e\xa8V\xb8\x1f^@\xcc\xaa\xcd^\xe2]\
\xc1]\x87Bf\x9b\xa2\xa5oS\x1c=\xf8\xe6\x1e\x0e\
\xa6\x10\x1d\x0be\x04:\xd2Bt\x8bm\x8a\x96e@\
\x86\xfbA\xd5\x96\xb2\xb12\xafp\xb5\xe4\xab\xcc\xcf\x83\
\xb1\xc4b\x8f\xa2\xa5\xefQ\x0cJ\x1e\xf7lg\xb4\xd1\
\x17V\xec\xe4\x9b\x22\xd6:\x97\xafA\xa0\x9c3\xf4\xcd\
\x89\xfe\xe9 xY\x88\xee\xda\xe01\x04\xe6\xdaV\x01\
\x22\xe5\x94a\xc0\xde\xf7\xe6\x83\xbbx\xdf=y)\xf5\
R\xff^\x08\x9cUoz\xb1\x95\xdav\xb2\xd0Je\
\x7f\x9fe\xc0\xdf\xf7\xfdh\xf4\xfc\x15\xfc\xd6\xe6:S\
\xd8\xa9s-\xfc\xa9q\xde\xd0\xf7\xf6\x0d\x07\xfbJ\xb9\
\x08{\xb9m\xa5\x0f\xc5\xb5\xdcE\xbc\xce8k\x18X\
\x9b\xb9t\x1a\x9c_X\x9bYQ\x06q\xdc\x9aY)\
\x94\xe9\x1bs\xce\xd0\xf7\xf6\x05e\xa5\xffj-H\xcf\
\xe8\x88\x92\xb5\x96\xed.t\xaac\xfc\xc3\x8b\xe9\xd7j\
\xdf\xfb\xc1?\xfe\xcf\xb7\x22\xd7\xc5n\x04\xffd\x8by\
\x19\xeb\xd2\x06\xc8\x81\xc5\xb6>K\xdf\xd6\xe7?~>\
:\xf9\x0cg\xf8\x972\x02Oq\xb5L\xa7\x98\xb7f\
Z1\x13u\x84Z\x0bL;\xc3\xea\xb9</\x0c\xcb\
\xd1p\x8b\x17#Z\xfa\x8b\x11\x95\x85k\xe3\xdc\xbd}\
&X\xb8\xaa\xf0\xb6\x9f\x85!\xad\xc5\x8e>+n\xc0\
\xb2\xf1l\xb4\xb1\x0a\x97p\xdd\xaeOA\xf4\xd7\x89\x19\
`\xb1\xa5\xcf2`\xe9{\xf3\xc1[;%\x1e\xb4:\
\xbajfH<hZlm\xb1\xa5\xcf2\xb0\x09q\
\xed\x99\xf7\xf4z\xfc\xe4N\x9acd\xf2a+8[\
\x0c\x97\xdf\xc9\x84\xe5\x99,L3\xd8\xdfg\xe9\xfb\xfb\
\xbc\xeb\xa7\xc1\xf9\xf0\x8f\x9e\xc8\x0f\xa5\xba*,\xe8\x99\
Tw\xe0\x99\xc46?\xcb\xc4F\xc4\x03u\xa2\xe5\xeb\
Mi\x0e\xeaS\xae\xb7\x1cQ\xe4-v\xfcY\xfa\x8e\
?\x7f\xfd\xc8{F\x8b\xac\x9a!\xe7\x0e~\x81\xcd9\
\xfa\x05\xb2\xf3\xcf\xd2w\xfe\x0do\x9e\xa9\xd1\xc6\x14\x9c\
g\x0f\x01l\xbd\x1e\x86\xcc\x8f\x0e\x03\xbe\xbf\xb3\xed\xd1\
\xf2\x03wqE\xda\xf9Z+)\x03G\x08\x08\x83\xad\
\xaf\xb5L\x01.g\xf6\xfeY\xfa\xde?5\xa6=\xfe\
\x09\xb2\xc0\x9aj\x137P\x14X+\x82(\xd0b\x0b\
\xa0\xa5o\x01\x1c\x1d~\x18\xef~C\xc1\xf3\xb4\xbb\xb9\
\x8cw3{\x00-\x03\x0b\x11\xaf\xee\xb9\xeb\xd4\xcbt\
J\x19\x92\xaa9\xd8\xbcb\xff\x9f\xa5\xef\xff\x1bm\xbf\
\xf0\xef\x96\xa5\xde`\xb3S\xaa\xd9rk\xb0Y\x83\xce\
 \x1b\xff\xac\x84\x01\x01\xd8\x99\x9a\x7f\xca\xddx\xd5\xb0\
\xaa\x96\xb8\x17?S\xa5^<;\x00\xad\x84\x11\xf0\xef\
\xc3\xf7S\x18\xd6\xb9)\xbdm\xf2\x9eX\xec\x00\xb4\xf4\
\x1d\x80J\xef\x1c\xc4\xbb\xf0\xc8\xbb\x10W\xbdV\xf2\xea\
G\xd7\x16\xeb\xe3B\x05|u\x16\xefB\xb4\x0c\xecB\
|\xa2z@\xd2\x8e\xbe\x99N\xbe)o\xe7\x9b\xc9\xd3\
\xc7\xe5\xc4\xa1\xefV\x0c\xbe\xac\xbbtO\xd4\xeb\x87o\
g\xd2\xeb\x97\xe1q\xc7vE+i`\x88\xbf6\xda\
8\xc1\xc3\x1b2$\xe9\xecb1\xcf\xce?K\xdf\xf9\
\xe7/}\xf5\xfez\x87\xa5D\xa9Ar\xba^\x03\xe3\
\xe5\xdbW\xdf\xf77\xbe\xd9\x08~e\xe3O\xbb\x92\x16\
;W\x0a\x7ff\x05Pc\xe7\xda\x05\xd0\xf9\xb0\xfd\xcf\
J\x9aXH\xeb\xdf\xdez\xdf.\xc5\x8eJ\xce.\x8a\
\x17C;W\x84X\xf9\xf6\xd5\xf7\xfd\xa9F\xe6\xf99\
\x94\xef\xed\x90\xae=\xa5~o\xb7\xa8~g\xef\x9f\xa5\
\xef\xfd\xf3\xd6\x9e\x8e\x97\xb6\xdd\x93\xd7\x82\xe6\xab\x5c\x92\
\xad\xf8\xf3e8\x0al\xf9\xb3\xf4-\x7f\xfe\xb7\xbe\x92\
\x1d<\xfb>\xfcq$8\x09J\xbf\xa4(\xb6\xbc/\
\x9e\xb4(l\xf9\xb3\xf4-\x7f\xfe\xc1\x1f\xee\xc3\x0f\xde\
\xca\xaaX@\xf4\x8a\x9dVQ\xd4\x1f\xcc\xf4@\xe5\xc3\
v?K\xdf\xee\x17\x9c\xdf\xf1\xce\xc9\x94\xdeD(@\
\xa0\xde\x04\x19\xfe,v\xd1Y\xfa.:\xef\xe0\xa3\xf7\
\xfcX\xfd\xe6\xf6\xdeK\x93E\xd5\xaf\x22\x13\xcf|\x15\
L<\x16\x9b\xe8,\x03&\xba\xc5\x15\xf7\xcd;wk\
M\x12\xabM\xdeq\xb6\xba\xdcP\xaeV\xc8\xb5\xa1-\
\xc8~:\xcb\x80\x9f\xee\xaf\xa3\xd1\xc27pL)!\
Bi\x8aa\xaa\xcb\xdf\x9a\xafd}7\xddx\xff\x81\
\xb7\xf2\x175\x8c\x1b\xff\xaf\xcbK\xee\x18\xe3\x18\x97\xfd\
t\x96\xbe\x9fn\xf4cs4\xf8\x8b^\xa1\xa5\xa9\x0b\
\x7f\xca\xb4\xf0\xc7b7\x9d\xa5\xef\xa6s\xd7_)\x85\
\x8a\xf0\xae\xab\xd8Ux\xd6U\xaaP\xbc\xb3\x85\xce2\
`\xa1;_\xf2\x96\xb7F\x07\x87\xa3\x0f\x03I\x1e\x18\
z\xdd\xd5C\x1f\xf6V\x15\xb3\xb0.\xceb\x1b\x9d\xa5\
o\xa3\xf3v\x1f\xbaW\x0f\xc0pR\xb4\x1b3\xd3v\
\xfd\x14g\xc8m\xc2N:K\xdfI7\xfc\xb1\x102\
\x88e8g\xbe\x1e\xb2\xec\x09\xce\x89\xbe\x1e\xb6\xd2Y\
i#\xac\xcb=\xdc\xcd\xf0\x0b\x09F\x1e\x19\x94P\xb0\
\xa3\xce\xd2w\xd4y\x83\xd3\xe0\xd9O\x14\xe2NuJ\
\xcen\xa1x\x94\xadu\x96\xbe\xb5\xce\xdb=T\xec\x86\
\xf5\xc7\xe3'\x0bR\x22)L\xe8\x0d\x9dF-/\x8b\
kz \xa8`{\x9de`9\xdf\xea9\xef\x07S\
\xf0\x1f\xdc\x0f\xe6\x90j0\xc6\xde\x93\xd8\xbfM\xec\x19\
\x19\x0e\x06\xee\xc2\xb1\x84_Sf\xaf|X\xd0\x01\x83\
\xad\xd8\x84\x22?\xc6J\xfe\x98\x01%\xff\xc9\x8a{x\
-\x0d\x9a\xec\xfalP\xce\xc9\x97\xb2=[\x85X\xf9\
\x03\x9bX\xe4\xb2\xe9\xed\xae\xc1\x89\xe8*\xc8,\x8f\x1f\
\xbb\x84M\x89\xb1\x18:\xa6/\x86\x1e\xef\xde\x85\xa3\xdd\
\xdf\x0f\x84M\x93]\x1b&\xbb1V\x15\xc7\xf4U\xc5\
\xca5\xf5\xe4\x0eF\x1e\x99F\xf8i\xa7\xcd<2\xd9\
\x02\x85\xcdG\x22j\xa0i\xfct4\xf8\xe8-<\x92\
\xcc\x07\xc1\xeb\xb4\x5c\x0a\xbb\x99\xf2)n\x95\xa1\x9d\x19\
c\xa1cL_\xe8\xe8\x1d\x9dx\x17g\x94@\xf2u\
\xd5\x14\xa2\x04\xd2\x86\x04\x12c\x99M\xcc\x00B\xfb\xe2\
\xb1w\xb9\xaa\xaaz\x81\xad^\x0c\xbd\xd9a\x9fED\
\xab\x17\xab\x80V\x8f1E;\xa6O\xd1\x1e\xbd\xdd\x1c\
\x0eV\xa5\x0a9\x84\x83\x89\x15\xf2\x0cH\xa2c,\xb2\
\x89\xe9\x8bl\xdc\x9b{\xc1\xdf\x87w^\xc5.M\xde\
\xa5\xf8\xd2\xabd\xe1\xa5\x17c\x99M,f\xa2\xf9\xa6\
*\xa1\x93W\xe3\xa5M\xb9\xf9\xd6)\x97\xc2bH\xec\
\xbd\x95\xe1L\xb0\x18$\xa6/\x06\x19\xf5w\xdd\xcd7\
0b\x9aUu\x1bO\x98f\x0b0a\x8a\xb1\xa8\x22\
\xa6/\xaa\x18?z\xe7~\xfdJ\x10\xabN}\xde\xe6\
=\xf7\xe5yxN\xc7XU\x113\xa1\xaa8\xf3\xd7\
\xfe\x80\xfbM\xf5\xe1j\x8c\xb1\x9a\xa9\xd1\x05\xc7\xb3\xc7\
X\xc2@e\xb1?\xea\xab1\xe9\xe8\xcf\x87B\xf6\x9b\
T\x9bE9\xf19\xed\x22D\xcc\x1fY\x7f\xf2\x18\xa4\
<\xd5\xa7\x97\xdfz\x93\xb5\xca\xf8\xd6+\x92\xcc-\xc6\
\xed\xfa\x98\x81v\xfd\xcdn\xf0\xd6\x83\x12\xe3\xef\xb7\xde\
\xb4\x1a\xa3X\xa6\x1a\x83[\x9e\xb1\x94\x89\xa9\x93{\xb6\
\xcfS\xa7\xd6\x94\xb2\xb3G\xda\xe3\x18\xb7<c\xfa-\
\xcfQ\xff\xf0\xff\xa1\xed\xcd\x9a\xdb8\xd2\xb6\xcd\xbf\xd2\
\xc7_\xc4\x17\x81\xaaBU\x01\x87\xdd\x133s4'\
\xf3\xbd3s\x0c\x10 \x16\x82\xa0H\x00M\x00G\x92\
\xdd\x12E\xed\xb2d-\x16%\xd9\xd6.\xdb\x5c,\xc9\
\x22)\x89\xfc3,,\xffb*\xab\x0a\x1b\x99WB\
~3\x15\xd1\xedh7q\x90Y\x99\xf9\xac\xf7}?\
\xc1\xa3\xc3\xe0\xf2\x1b\x09\x0eD|c\xa9\xa3^.\x81\
M\xe6*gZ\xbf\xca)Hx\x17\xde\xf4\xf6\xbeH\
oEn\xa5\x18z=\xba\x0f\xc5U\xba\x0f|\x8f\xf5\
k\x9c\x02\xe6\xffn\x13\x9e^\xa3\xb2\x1ai\xa8\xc0\xd3\
k\xac\xd2\xd3\xe3ra\xda\x80\xf8\xd6\xdef\xef\x97\xdb\
\x0a\x91W\xbe\xc1(\xf2\x9a\xe6\x9aE\xda\x80\x1c\xd0\xc1\
\xbd`\xfb1\x90\x14B#Q\xc9\x0b\xb04q\x14J\
y\xe0(\xa4\xb9d\x91\xd6/Y\xf4?\xbd\x17\x1cs\
\xb9\xc8}\xd2M\x07\x85\xfb\xf5%P\xb8wY\x0d\xc8\
\xd5W\x03\x1a>{\x220\x9b\x1f\xfe#\xc3,,\x16\
+u\x11Z\x00ja\xb1\x0e\xb2\x9e.K\x01\xb9)\
\x13\x93\x04\x04\x7f\xfb\xee\xd3\xde\xfbOR\xcf\x17>\xbe\
d\xac\xb2t>\x5c\xbbQ\x86U\xdb\xbcj\x13J@\
\xc3\x07\xef\x88k\xdc\x12*\xec*\xaaq\x07\x82O\x97\
\xe5\x80\xdc\x94\x01`\xfa\xe1\xe0\xf8-{\xbe\x02\xe26\
\x09\xdb\xe4\xb2\x14\x90\xab/\x054\xb8z3\xf8\xf8d\
\xf0\xea?\xc1\xe5\x1f$\xa5Y1k\xad\xd4\xaa\xc8g\
\xf05\xba%\xba\x17>/\xd97\x015\xbd\xfb\x14\x8a\
\x86\xcb\xc9MV\x94\x0d\x97\x1bP6t\xb9\xd6\xe9\xa6\
2&\xc6mo\x1d\x0e\xb6\x9f\xf7\x9e\x01\xa8\xb7ZI\
\xea\x9d\xd21\xb4kt=\xb2\xbch\x13:\xd1\xc1\xc6\
\x8e\xe8\xe9H\xe08\x02{\x91\xab4b\xe5eY2\
\xb5\xd4\x80\x0f\xcd\xba;\xaee\x00\xaew\x18\xe3\x87\xe4\
\xb3\xd8K(m]*\xd1\x13d\xed\x1dW_{'\
8\xfa\xd8\x7fy\x13\xd6[(.\x12B\xab\xb0\x88\xcb\
e\xb3lDt\xe7\xe4\xf8\x17\xf0\xd8\xa1\x85\x13\x82\x8e\
\xe4\xb2\xbbmr\xd9\x5c\xb1w\x0dT\xecw\x7f\xea\xed\
\xbe\x07O\x12\xe5\x22\x82\x0b\xc9\xbe\xa4\xd1 _\xc2\x92\
6\xae\xbe\xa4Mo?\x9a\xcf(G\xa7\x97rq\x91\
\x16\xf1\xe9\xa5&\xe0\xd3]\xd6\xb6q-\xcf\xc4\xe0\xea\
\xe3-Ym\xb9;\x1a\xc4\x07\xb5\xe5.\x08\xdb\xb8,\
l\xe3\x1a\x10\xb6y\xf8\xe3\xe0\xc5\xb1\x18c&Q\xe4\
\x16w\xa3]\x89\xe6\x92\xc8\xaeE\x1b\xd4b\x5c\xee\xe9\
\xb8\xfa=\x1d\xd1t\xb8~\x03F\xaeu\xc5m\x0e\x17\
\x8c3\xd7\xbae\x98\xb9\xe6rW\xc7\xd5\xef\xea\x0c.\
o\xf5_\x1e\xe0 \xdaV\xbd\xd3\xc2\x0a>\x09\x89\xbb\
,u\xe3\xda\x06$\xa3\xc5\xe8\x22\xe0\xfd\xaf\x8b\x91$\
\xe2\xf1\xc9\x99\xff\xeb4Q\xd9e\xd5\x18W_5\xe6\
d\xffJ\xf0\xfc\x15~\xe4\x08\xb6\x85_\xb9\x80_\x99\
m\x9c\xbe\x18K\xf0\x9f\x1f\xfa\xbf=!nVK\x81\
eX#,\x83\xcbj,\xae\xbe\x1aK\xf0\xe8\xcb\xf0\
\xe1\xc5\xe0\xf9uY)\xa3\xd4Z\xa9V\x16[\xf2B\
F\xa9\xba\xb8\x00\x0bfsa`\xea\xfa\xf3\x9fz\x1f\
^\x9e\x1cH\xe8z\xad\x95s\xad\x9a\x14I\x0d\xcdj\
\x97\xbb|\xae\x81i\xeb/o\x0a\x00-\x0c\xd7n5\
r\x94;-R\xc1\xc5ee\x10\xd7\x802\xc8\x83\x17\
\xc1\xc5\xcd\xe1\xa3K\xc1\xa3_e\x0a\xbb\xf5\xa82[\
\xad4\xe5\xc5\x80\x85\x12\xcc\xb3rYu\xc3\xd5W\xdd\
\x08^_\x18\xbe\xf9=\xb8\xb4%\x93,X/V\x96\
s\xf5\x15\x90,X_\xae\xd3wf\x1b\xa1\xaf\xbe\xd1\
\xfb\xf0\xb0\xb7\xf7T\xb8\xe8\xe3-\x99\xc4n\x84\xf9\x15\
\x05\x81\x16\xa4N \xa9\xe9\xb2\xfa\x86\xab\xaf\xbe!\xe6\
\x0dl\xef#\xf4B\x80g\x8b\xf5\xbf\x0b\xbdpY\xcd\
\xc2\xd5W\xb3\x18\xbe\xbd9\xfc,\x0d\x84\xaa\xad\xba \
_H\xc3\xa0j\x01\xa2 n\xb0\xbb\xfa\x0d\xf6`\xfb\
\xa6\xa8i1\x0c\xee\xbf1\x0b\xd1\xe5\xa6\xb5k\xa0i\
\xfd~C\xa4z\xf2\x15G\x85\xd9\x02\xc1\xb3\x16\xb08\
\xe4r\x08\xe4\xea\x13/\xee\xed\x0cn\xee\x85y\xd3\xf0\
\xcd\x9e\xa4l/\xd0\xd4a\xd2\xb4\xda\x92\xe2\xf6\xba\xab\
\xb0b6\xc9\xfa\xd3\xa9{\xf7\x7f\xee\x1f\x1e\x9f|\xfe\
9x{\xb6\x9c\xb5\xde\x12B\xed\x116@\x0e\xdb[\
o/@z\xcas\xaa]\xd7\x08\x05\xee\xca\xa3\xc1\xb3\
0\xaa\xd8\x90\xb0\xe0\x04\x89S8\x92\xbct\xcdK\xb5\
n\x1e\xd6\xcc6Y_\xd6\xa2\xf7\xfd\xcf\xbd\xa77\xa9\
\x99\xda\xaa\xe4\x15S\xed\xcb4\xd8\xd3e(\x83\xab\x0f\
e\xe8m>\xe8=\xdc>9\xbc\x1d\xfa\xbe\xb3\xf0\x0b\
\x11\x0buZ\xf5\xba<7m\x9e\x03\xb5\x05\x97e-\
\x5c\x03\xb2\x16\xfb\xfb\xc1\xcd\xabh2D\x06\x82\x04\xbe\
\x85\x0e\xda\x0c\xb6r\xae\x812\xe7f\xef\xfc\x05\xcaA\
r\xff-\xa8\x96\xcb\xe0\x0b\xd7\x04\xf8\xe2\x8f0\x86\xeb\
\xdf\xd8\x91\xd58\x93\xc2\xacx\x80\xd2\x1ag\x18\x5c@\
\x8d\x93%-\x5c}I\x0b\xa1\x10q\xfdco\xef\xcb\
\xe0\xcbKZsqU0\x05\xa4k^\x85\xf7\xc7b\
\x0b\xae\xbe\xd8B\xf8\xf2z{\x9b\x83+;\xc1\xd3\x1b\
\x921\x1a\xf5r\xdc\x04.\xcbkp\x9d2\x19\x0d\x96\
[p\xf5\xe5\x16\xc2\xcbq\xf2\xe96\xd8\xb9\xe8C\xd7\
Z\xdc\xbb\xee\xd6p\xd1l\xe9\xf4\x15\x17\xc2\x08.\xb8\
\xfcFh\x93=\xdc>\x9b\xf5\xe5j\x95\xa5\x5c\xe5\x5c\
K:\x16f\xe9\x1c\xac\x97\xcd\x9c\xbe\xe4\xc2\xe0\xfd\xe3\
\xe1O\x97\xa0\xa4\x9c\x8f!\xd5XS\xce\xd7\xa8\xa6\xcc\
\xf8'W\x1f\xff\x14A\x1av\x83\x8bW%\x81QS\
d\xaaR\x03\x07\xb6\x82\xb5\x00\x5c}-\x80X\xbe@\
\x80\x0f/\xdf\x92\xcb\x174\xa3\xb0H\xfe\xeeJK\xc0\
\xe4sy\xc6\xae\xab?cw\xb0y4\xb8\xf2\xbb,\
\x15\xc9\x09)Vi\x22\x92[\x84D\x84\x19\xeb\xaeo\
b\xd4\x87\xe8\x87\xe00.\xceC\x961\x0fa\xbe\xba\
\xab\xcfW\x1f\x1c\xed\x06/~\x84n\x88\xb8\x06\x1dE\
+d\x01\xdb\xeaL\x01w\x0d\x8c\x7f\xbd\xbc'\xda\xea\
\x12h\xb2\x00sJ\x91\xc9\xb9\x02TW\x98\x01\xee\xea\
3\xc0\x87\x9f\xfe\x13\xec\xed\x0dv?\x86\xeeY\x06Z\
\x10\xad&\x81\x9a\xadV\xe4\x03\xe4Kp#\x98U\xed\
\xea\xb3\xaa\xc3\xc8\xf8\xe4\xf3\xcb0\xdb\x93\x85\xc5\xa1\x7f\
\x93\x8eyh\xd6\x1a\xb0\xd44/U{ E\xf0\xe9\
0\xb8y[\xa8Z\xdc\x93N\xb2\xae/\xe6\xe2\x1e\xa4\
\xacP\xb1\x08\xe3\xc3\x5c\x1e\xf8\xea\xea\x0f|\x1d\xdcy\
\x1clo@D,\xa6Ca\xe7\xa3\x86\x9d\x0fFo\
\xba\x06\xc6\xbe~y\x17\xe6\xa3\xc1\x8b\x0d\xd9\x07\xaeU\
V\xe5\xe3\x7f!\xddg\xd0\xa6\xab\x0f\xda\x0c\xa33!\
\xd7$\xff\xb4Qt\xb6\xd6\xc2t\xa3\xbb\x86_\x97\xcd\
\xaf>z3\xf4\x17\xe1\xdd5\xeb/\x18\xbc\xe9\xea\x83\
7\x07;\x87\xfd;/{\x0f\x9e\x86\x01\xbcL\xa9y\
=\x17\x13\x22\xebR\x09K\x98\xe8\xe92=\xdd50\
\xee\xf5sh\xd0\x1e\xf4?\x1d\xcb\x5c\x5c\x982\x87\xff\
\xa9\xfd\x1b<\x5c\xa7S\x03\x0f\xc7xSW\x1fo:\
\xf8N\xcc#\x80\xab\xbcT\xac7\x8bt\x8f\x970m\
f\x96\xba\xab\xcfR\x0f.\xfeqr\xf0\xf8d\xff\xfc\
\xc9\xe15\x89\x16R\xe8\xe1Z\x9dJqM\xaar\xdb\
)\xc2\x82\xd9\x0eg\x0d\x88x\xbf\x0d\xcd\x1a<\xbc0\
d\xafQ{\xa9Y\xa3w\xc7DoW\x9f\xe8\x1d\x09\
\xd1\xbd\x85\xeakh\xd7\x0a\x15*\xbe\xae\x15\xa8\xf8\xca\
\x00d7k\x84\x12\x12~]\xf9\x90>!\xf3GC\
\xfa\xf2K0\xa4\xcfe\xec\xb1k\x00{|\xebR\xe8\
\xe4 \x10\x16~\x8e\xc3\xe0\xda*\x84\xc1\x1ec\x8f=\
}\xecq\xef\xe2\xab\xfe1\xf1 \xcb\xadJ\x99\x89\xf4\
\xe52X\x09\x8f\xa1\xc7\x9e\x01\xe8\xf1\xf7?\xf3 \x9b\
p\xc5\x8aI6e\xe2\xa4{\x0c;\xf6\xf4a\xc7\x83\
\xbf\xc4Lv\xf8\xc6\x0bB\x11\x94?\xf2B\x07?\xb2\
\xc3K\xd6\xaf\xac\x1d\xdc\x1d\xde%\x1d\xc8\xd5Jn%\
\x96r\xa2\xcb\xbc\xba\x88\x97\xd9\xe3U{\x06f\x1c\x0d\
.\xdc\xc5\x19G\x82\x08IZz5\xbc\x19>/\xd8\
\xc4`h\x96WXl\xa1\xb8\xc2\x22_\xe4\x0c/\xd7\
\x849\x0e\xb6\x9f\xf4?\xdd\x91\xd8\xe2\x88\xe7-\xcb@\
\xf3\x0dZj\x96\x97\xaa\xdf\xcc\xdd\xdb\x0b\x9e\xbf\x02\xb6\
t$I\x97C\xb2t\xa3\x00di\x8fQ\xbb\x9e>\
j\xb7\x7f\xf3\xbb\xfe\x0d\x8a&\x96\x8a\xcb9\xb8\x0cK\
\xcbt\x19\x18\x02\xebY&\xe6s\x0d\xef<\x06e:\
\xa1\x8c\xf5o\x14\xa6k\xd7@\x98\xcec \xa9g`\
H\xe2\x08\xf5!\x1b\xfd0\x8d\xfa(\xfe\x1d\xcc\x87\xc7\
`R\xcf20\xf8\xea\xa7\xc1U\xea\x16\x88\xa9\x8e\x0a\
\x9e[\xbe\x03\xbd\x02\x8f\xd1\xa4\x9e\x114)[\xe1\x08\
M\xaa0\xc4]4\xc4\x8cs\xf4\xf4q\x8e\x83\xab{\
\xbd\xf3\x8fe\xd5@A;\x86\xe9m\x1dP*\xf0\x18\
.\xe8\xe9\xc3\x05c~M\xf0\xfc\xcd\xe0?\x9b\xc0\xaf\
\x11\xd5\xf7e9\xf5\xb1\xdb\x5c\x865\xf3\x950\x80\x18\
\xfc|88:\x0a\xad\xf1\xe0\xe3\x8e,\x9c\x108\xa0\
\xc8\x1c\xcbr\x8fU4\xc7\x8c\x1d\xf4\x0c`\x07\x9f\x0a\
6,\xce'-($\xa6\xda\x84|\xf5x\x12\x9a\xa7\
?\x09M\xa8+no\x80\xad\x88\x90\xfd-\xb4\x15M\
\xb4\x15\x0cx\xf4\xf4\x01\x8f\xc1\xb3\x83\xc1\xf1\x13\xd4\x97\
R\x18\x8a\x0e\x1a\x0a\x1e\x85\xe6\x19\x18\x85vp,\x06\
V|:\x94\xb5\xf6c\xde\xfcJ\xc2\x15+JU,\
\x81)\xe61B\xd3\xd3Gh\xf6\xf6wD\xe2\x7f\xe5\
|okG\xca\xfb(\x84\xc1[\xa3\xdc\x92\xaf\xb8\x01\
+f+g\x00\xeb\xf8\xeeK\xef\xaf\x970\xf0\xb1[\
\x5c\x8bZ\xe4\x90}t\xd7`\xde\xa3\xc7XG\xcf\xc0\
\xe4\xae\xeb\xf7\xfb_n\x8by\xdc\x7f\xdc\xa7\xb9<\xe1\
7\xee\xca\x07\xf34\xe4*!\x1e\x03\x98<}\x00\x93\
\x90\xce\xbfu9\xb8\xf2Z\x16%\x8b\xc7W.\x16\x22\
e!Y\xcaT&\xb3\xcch \xcf\x80\x16\xcb\xcb{\
\x83\xcbo\xe1b\x08ea\x11`\xf0\xddh\x94\xe9n\
\xf00\x13O\x7f\x98I\xb0\x1d:\xed\x17\x0aliI\
Q\xb5 \x12\xa1\xc78\x15O\x1f\xa7\xd2{\xb7\xdb\x7f\
yD\xc2\xc8\xb9J\x19\xcb\xc7M,\x0c1F\xc5\xf3\
\x0cL\x99z\xd5{\xb8\x1d\x1cm\xff\xcf\xff\xe7\xff\x93\
`T\xce\xb5\xd6\x8b\x95\xff\xd9Z\x97\x92\x13\xd6\xc5\x1f\
\xe4K\xe6\xe8\xde\xc0d\x90\xc3w\xfd\x87G\xc1\xc7\xc7\
\x12{\x91OD\xa7d\xd6\x22\x0f\xbe\x9a\xf1)\x9e\x01\
|\xca\x83+B\x22\xeb\xf6\x13\xe9\x8cy\xa1\x04!\xdc\
\xdfZ\x5c\x81\x93\x8a\xc8\xaeA\xbc\xcc\x22=\x9e\xbeH\
\x8f`\xeen\x1e\x80xS)\xb7\xd2,\xa2vS\xa9\
\x09\xdaM\x1e\xe3?<}\xfc\xc7\xff\xd6\xfb\xfdYp\
\xf1}h0\x82\x8bg[\xfe\x0b\xb1\x82ld1\xaa\
2\x8f\xbd\xd0nC\xcf\xdfc\x14\x88\xa7\x8f\x02\x11\x81\
\xe7\x85\x1fz{\x1b\xb2j@\xac\x05!-\x06\x94\xe5\
\x94\x7f\x8f\xe1\x1f^\xc6\x04\xa5[@\xe7\xef~\x90\x93\
\xae\x0a\xd1\xa5\x00\xd6U\xa1\x00\xcf\x8fe\xf5\xbd\x8c\x09\
\x17\xd2{@\xa3L\x85\x0bY\xae(T\xbd\xcb\xcbt\
\x95\x19\x07\xe2\x19\xc0\x81\x5c|%\x90+\x08\xea.q\
FR.QF\xc2\x00\x00O\x1f\x00\x10\xae5\x8c\xf1\
\xfb\x8f\xaeH\x196\xad\x88\xa2)\xbb\xc5%\xa8\x0eq\
C\xcf\xcb\x1a\xa0Fo\x86\xf6\x98h\xe8\xb9\xfa\x9a\x92\
\x83\xbe&/\xd2\xdb\x16fP\xd1\x9f\x0c\xd0\xb9\xc3\x00\
\xee\xf2\xad\xe1\xb3'r\x84E9\x17S\x99J\x8bR\
~B\xb7\xbc \x09/\xecT*\x05\xe5\xd9\xe4Og\
\xd7\xdd\xfb\xb8\xf77.\xc6\xc7\xbd\xfe\xe6\x9b\x93\xfd\x9f\
\xfe%\x09;\x8b\xf5\xf5V\xa7\x98\x97\x0e\xe1\xe8\xe4a\
\xb56\xaf\xd6\xd6]m\x98\x8c\xfc\xe3\x1f\xfd\x1b\x9f\xfe\
%\xcbD\xf2+yiTA\x0b\xf5x\xa1\x9e\xeeB\
\xff\xc7\xff\xfa\xaf\xe0\xf0\xe3\xc9\x97wgW\xfa?\x1a\
\xcd\xa5\x88\xee\x98\x93-W\xfc\xb5J+\xf6y\xc5\xbe\
\x81\x8b\x10\xde\xe1\xe0\xfa\x0d\xf9E\x88\xafpK\xba\xe6\
F\xb7L+\xce\xf2\x8a\xb3&\xae\xee\x9f\xdb\xf2\xe5F\
\xea\xa0\xd2\xb5\xd6`\xa9\xc0\x91O\xfe\xa4\xbfT!E\
p\xf3\xb6|\xb5\xe1w]\x94\x7f\xd9\xf2\x22-\xd7\xe5\
\xe5\xba\xba\xcb\x0d#\xcb\x7f\xfc#L\x9e\xcf\xae\xb6Y\
\xacU\xf2R\xe8\x07\xad\x93_\x99\xad\xfd\xcaB[{\
r(\x86J\xfdK&0\xd6\xc9\x15\xa4\x1fu\xb1S\
\xa0\xc5fx\xb1\x19\xdd\xc5\x9e\xec\x9f\x1fl\xbc\xff\x97\
\xa4\x1e\x18:3\xd9:;]Z&\xbf*\xdb\xc4\xab\
\x12\xff\xb9|,\xbf\xaa\xe2\xbf\x8b\xf4\xb6\x1at[\x1d\
~\x5c\x8e\xf6\xe3\x0av\xae\x05/^H\xae@+'\
\xf5\x08\xe2\xa9\xc9W\xc9\xf6\xd5\xf1\x8d\x98\x001\x10X\
\xfe]\x93q\xc0\xd2\xcfZ\xa7\xfb\x9af#\x90vM\
\x98\xd7\xc3\xc3\xfe\xa7\x0d\xf9\x82\x17cU9\xe9\x82\x17\
\xe9\xe6\xba\xbc`W\x7f\xc1\xf7\x0e\x82\xe7\xaf$\xf7 \
j\xc4Ho\x02}X\x97\xad\x96k\x226\xe8\xff\xb4\
\x11\x1c\xfe!\x8d\x0d\xa2rC\xb3\x22\x7fa\xe2\xefM\
Z3\x1b/7c\xe02\x0c><\xea\xfd\xfc\x19\xac\
B\xaeR\x92\xc7\x89\x8d\x92|\xb9i6bi}#\
\xd6\xff\xf3\xf9\xf0\xb7\x07\xc3\xf3O%\xe6\xb6U,\xe5\
V\x1a-\xa9\xc5-5`\xb5\x1e~\x5c\xb9D\xf4\xdf\
3`\xdb\x17\x86\xe7\x7f:9\xfeE\x12\xd6Vb\xf5\
\xaa0K\x93\x06\xb7\xcd6,8\xc3\x0b\xceh/\xf8\
\x7f\xfdW\xef\xe1\xeb\xe1\xfe3\xc9eh\x8a\x14g\x19\
\xaeo\xf8\xd7e\xf9zI\xbc1\xf9\x93\xae\xeb=\xfc\
]\x1a)\x0a\xae\x1cF\x8aU\x08i\x5c\xcep\x5c\xfd\
\x0cgx\xffK\xff\xc2q\xf0\xf8\xf9\xbfd\x92\x8d\x0b\
\xb9\xfaRKz\x13\x96\x17\x96`\xb96\xa6\x8f\xae\xad\
\x9d>\x0e\x1e\x1e\xf4\x8fn\x0cn\xee\xfdK^\xbc)\
F\xe2\x07yi\xe9\x86\xbe/\x07\x0b\xae\x81`\xe1\xd2\
n\xb0'Ym\xbe\x123\x8e\xf2R\xac\x17\xad4\xcb\
+5a\xc3b\xa0\x97\xd4\x86\xc50/\xa9\x11+\xd0\
\x87M\xf3MH[&\x96{\xf1U\xef\xc1\x0d\xe9r\
\xbb\xe5\xdc\x0aY\x85N\x97\x8c\x82\xcb7\xc1\xd5\xcf\xc9\
\xf6\x9e\xfe\xe3\x1f\xc3;\xdf\xffKJ\x8f*\xd1\xbdE\
\xb3\xe0:\xbcXG\xdfEl\x0e/\xdc\x19\x1e\xbe\xfc\
\x97d\x98R!\xfc\xb69\xe9]\xc8\x15\xe8\xd3\xfa\xfc\
i}\xedO+\xc0<\xfb\xfb\xbd\xa7\x92l\xa7\xd1Z\
\x88\x0ba\xf2\x057\x16\x16`\xc1\x19\xbe\xbc\x19\xcb\xc4\
\x82__\x08\xfe\x90U\xc1D\x83m\xb1%/\x82A\
\xbeC|\x87\xe4O\xbaw\xe1\xe6\xf3\x93\xc3\x1f\x07\xef\
%\xe1B)\x12\x82\x13=\x94\xbcTX\x0d\x821\x8f\
\xab\x09\x9e~5a\xf8\xe3\xf1?\xfe\x11^\xe0\x7f\xc9\
\x959\xe46w\x01\x924?\x85\x9f\xd6Oi\x7f\xda\
\xfe\x9d\x97\x83/\x92[\xbb\x9e\x13\x004\xd9:\xd7!\
\xd5\xf1\xf9\x93\xfa\xb6\x89\x80\xe6d\x7f+Lx\xe41\
\x8d@7P\x92^-,\xd2\x8a\xf9\xcb\x1a(\xd5\xfc\
y\xe1\x1f\xff\xe8\xbd\xdb=\xbb\xe0Z\xab)\xb7\x055\
\xc8t|\x0fM\x81\xf8\x93\xae[\xd8\xfa}\xf8\xc3\xaf\
\xbd\xc7\x92\xfaG\xbe(nk)\x0fQB\x09*\xcd\
\x19\x0f\xc3\x84\x8c\xa7\x1d&\x04\x9f\x7f\xfe\xc7?\x06\xcf\
~\xfc\x97\x1c\x94\xda\x91\xde\xda.T\xef\xb3Y\x8cm\
\xb3Y[\xbf\x02\xf6G\xe8q\xff\xbc\xf0/\x12\x08\x91\
.U\xeeo\xad\x8cOK\x8d\xfe\xa4{\x0b\xae>\xea\
\xed\xefH\xbf\xe9J\x09^V\xf7\xacu\xcdW\xb3\x22\
\xff\x96\xfb\xda\xe4OgW\x1a\xben\xe9J\xf3U\x98\
\xb2x\xf4%\xd8x\x1el\xecJb\x83rK\xc8@\
\x94h\xfet\xae\xbcX\x86E[\xbchKw\xd1b\
&\xf2\xd1\x11\xcc\xeb\x09\xfd\xad\x90_\xe5a=\xeb\x85\
\xb3\xc3z\x92E\xdb\xbch[w\xd1'\xfb\x1b\xe1\xa2\
C\xff\xd0\xdb<\x96\x09\xdd\x16\x22'A\xfa \xeb\x85\
\xee\x02,\xda\xe1E;\xfa\x8b\xfec\xb0\xf3S\xf0\xc3\
\xeb\xc1\xce\xaf\xf2g\x17OI\xae\xb4\xa5\xbc\xe4\xee\xc2\
Y)\x80d\xd5.\xaf\xda\xd5]\xf5\xf0\xf3\x8d\x93/\
\xef@\xe8F\x08,\x86!:\x0a\xdd\x14\xaag\x85n\
\x925{\xbcfOw\xcd\xbd\x87O{/~F\x0d\
\xb2\xf0#\xd7\x11\xf6\xbbP?\x0b\x86K\x96\xec\xf3\x92\
}\xed\xcf\x1c>\xc0\xdf\x88\x0f'\xb8\xdf\x8a>{\xa7\
v\xb6\xcf\x9e,9\xc3K\xceh\x7f\xe5\xcb\xb7DV\
|q\xf3\xe4\xf8\x17\xf9W\x8e!\xec1\x5cR*\x11\
Y\xa2\x1b\x9d\xe5ug\xf5\xdf\xe1A\xf0z\x0b\x86~\
\x17r\xf5z\x8eg~\x17\xeagg~\xc7K\xb6\xd8\
\xb3X\xfa\x9eec\xa7\xf7\xf1S\x7f\xe3{\x18\x1e)\
\xf8\x18k49\xb2\xb9\xb6\x0aKf\xbfbY\xfao\
\xf0u\xecTd\x9a\xbd\xd1\xed\x18\xb9\x15\xf93,\x15\
\xe0\x19Z\xecX,m\xc7\x12\x5c~\xc4\x03\xf7\x92\x11\
\x9d<roA2r/Yt\x9a\x17\x9d\xd6v\xe1\
\x9b\x07\x02\xa4#\xd3\xc2)\xae\xb5*r)\x9c\xb5\x06\
\xac\x94\x9d\x89\xa5\xefL\xee\xbe\x0c\xae\xdf\x80\xcf\x1bz\
\x111\x02\x80>n\xb5\x8c\x1f\x97}\x89\xe5\x99\xf0\xda\
\xd77\x87/\x1f\xf6\xee=\x04\xaf\x9d[i\xc7e*\
\xa9\xb0~w\xa1]\x83u\xb3C\xb1\xb4\x1d\x8a\x18\x07\
\xff\xe0\x0a\xcc\x02\x10H3A\x0b\x87Y\x00\xed\xf2\xd9\
Y\x00\xc9\x92\xd9\xa1X\x19\xfd\xf8\xf9\xe6\xe0x\x8b\xa4\
\x02\x92I\x1c(\x16 \xe1\xb1'kfgbi;\
\x93\xe1\x9d\xad\xe0\xd2\xcf\xfd\xa7\xc7\xc1\xa7C)%J\
\x98\xb9\xa5XT]\x1aA7K\x14o\xd8\xecQl\
m\x8f\x22\x84\x007v\x06W\xf7d\xc8\xfb\xd0\xa3\x08\
V\xa2l\xb5Kp1l\xf6%\xb6\xbe/\xf9pa\
\xb8A\x83\x0d#\xdd\x16\xa4\xddW\xf1\xeb\xb2\x1b\xb1\x0d\
\xe4'\xf7z\x0f\xae\xe1T\x8bJ2h\x1d4e\x17\
\xe8&\xdb\x9c\x9e\xd8\xda\xe9\x89\xe8\x85\xdf\xdd\x1dn\xdc\
\x90\xb5\xc2E\x80!e-\x8b\xbf\xd1\x95`\xb3lk\
\x9b\xe5\xe0\xfa\x9d\xe0\xe2\xa5\xfew\x07\x83\xef\xff\x92\x98\
\xe5\xd6\x8a(\x0f\xc4\xd1\x85\xdc*w)\xbe\xb0\xd9*\
\xdb\xdaV\xf9\xe4\xf0y\xf0\xfc\xd5\xf0\xce\x85\xe0\xa6l\
8Y\xb8\xe4\x5c\xb3R\x5c\x94k\xd67\xe9Z\xb0Q\
\xb6\xf5\xa3\xfc\x18t\xffn\x97@\xf7M9\x03\xbf\xdc\
\x84\xc5\xb25\xb6\xb5\xad\xb1\x18\xb2~\x93\x0cEh\xd5\
\x16Q\xe2`\x91\xec\x84\xc3V\xd8\xd1\x8f\xeb\x8f>\x0a\
Yd\xb9&r\xa1\x18\x85\x17$\x89\x5c\xe8\xaeB<\
\xe4\xb0\x99p\xb4\xcdDp\xf8Q\x90\xa0\xe4\xa3\x9c\x04\
\x9a\xf6\x5c\x0b\x079-\x9d+C\xc2\xe7p\xd4\xe9h\
G\x9d\xa2xq\xf9\x91HE$\xd9S5\x1ak1\
\xcaE\xe4B\x81\x0b\x05\xc8\xa0\x1c6q\x8e\xb6\x89\x1b\
\xbc\xba\xd8\x7f|L\xaa{\x950\xb2'\xd1\xbd5\xbc\
\xccl\xdb\x1cm\xdb&\x98\xcb\xa8*;*\x03\xd0\x1c\
\xc36.\x99\xed\x85\xa3o/\x1e}99\xd8\x14\x15\
\xe6\x9f7d:\xc3\x02\x10\x9a[\xc9\xc3\xb4:\x09*\
4^s\x9aosZ\xfb6\x0f\x1e\x5c\x14\x04\xf1\x8b\
\x9b\xf2\x81\xf0I\xc8)\xe5\xc7\x15J\xb0^\xbe\xc6i\
\xfd\x04\xeaPH\x1a\x82PN'\xaai\xa1PN\xa7\
^\x80\xdc)\xcd79\xad}\x93\x07;\x87\xbd\xf3\x8f\
\x83\x8b\xbb\xa1}\x96\xc9G6*\xb5\x5c\xbd \xb3p\
\xf5F\x0d\xea\xe1.\xfb\x11W\xdb\x8f\xf4/\xef\x9d|\
~\x09c\x17s\x95Z\xab\x8e3\x17s\xb5\x0e|b\
\x97o\xb1\xab_\x09\xf8\xe9R\xef\xf0\x16)\xcc\xce\xc9\
\xf5j\x98\xeb\xb9|\x93]}\x83\xfc}h-\xae\xca\
^^=\x16+\xa3\x87W\xef\xc2\xc3s\xf9\x16\xbb\xda\
\xb7\xb8\xff\xf0\xa8\x7f\xf7O\xb0\xc7\xf9\x5c%\x0c7\xc1\
\x1a\xe71kr9\xd4t\xf5\xf3\xff\xeb7z\xef\xaf\
\x0e><\x92EC\xc9\xf4\xecF\x0e\xc2\xa1r\xa7\x01\
\xe1\x90\xc7/\xcfK\x19\xe8D\x85\xf7XFX^\x17\
2\xc989t\xbd\x03\xf1\xb1\xc7\x89\xb4\xa7\x9dH\x0f\
^\x1c\xf7\x9f]\xc0\x01_\x0b\x95\xbf1\xdc+Y.\
\xa7\xd1\x9ev\x1a-\x16\xfa\xd7\xcb\xde\xc3\xc3\xde\x8dW\
\x12\xc1\xb2\xb5V=|tK\xf2\x0f\xbc\xb4\xd6]\x82\
%\xb3]\xf3\x5c\xfd;\xfc}\xf0'\x8dP\x13BD\
\xd8xZ\xcd\xe17f\xa3\xe6y&\xbe\xf1\xd5\xad@\
\xd6W(\x86FB\xaa\x86\xbb\x94/\xc2J\xd9<x\
\xfa\xe6\xe1\xf9\x9b\xe0\xe3\x0b\xd2\x8b\x10\x15\xd8\x15.\xaa\
4K\xe42<\x0e0\xbd\xac~\x17d\xbb\xf7\xe0;\
p\xcc\xe7b\xb2/8\xe6s9r\xcc>\xbf9\xdf\
\xc4\x9b\x1b\xdc\xd8\x8b\x85|e\x93\xbdr\x95H\xc7W\
:\xd6k\x0db\x1f\x9f_\x9c\xaf\xfd\xe2\xc4L\xaf\x07\
O\x87G\x0fe>N\x14\xbakr\x03\x91\xa7\xb2\xbc\
\xcf\xcf\xcd\xf7Ld\x1c\x87\xdb\xd0\x01\x093\x8e\x08\x03\
\x8f=\x90R\x8dz >G\x12\xbe~fwk\xb3\
\xf7\xe4~\xff\xd7w\x83\xdd\x8f\x92\x04\xbaV\xa97E\
\xb0&\x85\xe86!\xf4\xf1\xd9T\xf8\xfaE\xab\xfb7\
\x83\x8b\xefi\x04\x92\x90\x04\xe0o\xdcm\xe37fK\
\xe1\xebw\xa5\x0f\xee\x0e>\xee\x0c\xef\xfc!U\xc3\xad\
\xb5\x96\xe5\x05\xf9\xd5\x1a\x00,2\x1c\xf5d\xf4\xebV\
/^\x88\x99\x00\xcf\xce\x8ej\xca\xad,\x17+\x0d\xa9\
\x09\xce-C\xcb1\xc3!OF\xbfw\xf0\xfb\xab0\
5\x82\xe2\xcfJ\xab\xd6\xaac\xddg\xa5Fu\x9f\x0c\
[\xe0\x8c\xad_q=\xe8\xfd\xf1l\xf8\xe0\xfc\xf0\xfe\
k)\x83\xae\x1bI\x17\x84\xbf\x96}\xe5\xc5\xee\x22\xdd\
\x08.\x0bf\xb4\xcb\x82\xc3\x8d\xdb\xbd\xcb\x97\xb9\xb3[\
*rc\xb7D\x0f.\xc3\x968c\x22\xf0\x19\xbe\xf9\
=\x5c\xae\xac\xb1+\xd4p\x17r\xe4\x9a\x97\x96\x17\xc0\
wd\xd8\x0cg\xf4\x13\xbaWWO\x0en\xf5_]\
\x97\xc9\xcb\xaeVZ\xb5\xb8`,\xed\xd3\xac\xd6\xba\xd0\
\xa6\xc9\xb0!\xced\x0c|d1'\x94FD\xd4p\
\xd2\xc9R\x8d\xe2\xb5\x0c[\xe1\x8c\xb6\x15\xee\xbf<\x12\
\x8d\xbb\x0b?\x05\xb7.K\xeakQ\xdf\xae\xda\x92'\
\xa0\x0bU\xc0of\xd9\x14gS\x06\xdav\xc1\xadk\
\x83\xa3Mi\xdbn\x85D\x91\xc4\x1fi\xb9l\x8e\xb3\
\x96~\x10\xffjx \xa4\xeadw\xb8\x90;W\x8c\
9\x13\x1d\xf9\x88\xf7\x12\xdc\xe1,\xdb\xe3\xac\xbe=\xde\
\xdbT\x8cm\x8e\xe4\x91\xff\xc6\xd4\xe6d\xc1l\xd9\xb2\
\xfa1\xe6\x83\xcd\xde\xc3\xd7\x80%\xacVr\x0b\x91\x88\
\x08\xa1\x09\xab\x0b\x84&\xcc\xb2\xa5\xc8\x9a\xb0\x14\xa2&\
(w \xa1\xa5XQ\x84lK\x18\x16g\xd9Xd\
\xf5\x8d\xc5\xed'\xa2d%\x17=\x0d\xb3\xa4r+G\
\xa2\xa7k\xe5\xaa<\x18\xb2\x18\xa1n\xa5\x0cT\xab6\
\x83\xeb7\x01\x94\xd7\x10W\xb9\x88\x88\xbcF\x1b:\xe6\
\x16\xe3\xd3-}|zp|\x7f\xf8\xdb\x83p\xbd\xbd\
_w%\x8d\xfeJ)\xb7R\x0d\xd3<\xa9\xa2z\xa9\
\xda\x86\x15{\xbcb}\xf4\xf1\x93\xfb\xbdw\xbbp\x93\
\xa3\x5c\x89\xe7L\xd7\x9ap\x93-\x86\xf2Z)\x13\xc8\
\xab\xde\x87\x8f\x0a\xf5\xd0r\x8eJ\x83\xe52\xd88\x8b\
\x11\xb1\x96>\x22v\xf8\xe8#\x0f\xb6\xa8\x15+8\xd9\
\xa2\xd6\xc4\xf5\xf25\xd6\x87\xc3\x86!E\xef\xc1SX\
o5\xcaHa\xc1\xd56.\xd8\xe6\x05\xeb#a?\
\xbe\x0f.\xee\x9e|\x92\x8cE\xca\xd5ru\x98\x8aT\
\x03\xab\xc6\x10MK\x1f\xa2\x19~\xd8\xe0\xd1Q\xef\xc3\
UY\x99X|\xd9fk\xa1\x08e\xe2vsa\x09\
\x96\xec\xf3\x92\xf5\xe1\xfeG\x0f\xc3\x98\x82\xe68\xc5\xbe\
N1\xca\xa9\x0d.\xdab|\xa6e\x00\x9f\xf9\xfcm\
\xef\xe0\xde\xe0x+\x0c\xe2\xa4\x82\xbd-\xd1\xf0\x90\xce\
\xb9m\x96;\x05Xq\x96W\xac\xef\xa1\x8fn\x08\x88\
\xcd\xc1-\xd9\xd4\xc2B\xb1&\xf3\x1a\xcb\xd0r\xb6\x18\
\xe2h\x19\x808\xee=\x0d\x9e\xbf!\xfbP\x89\x84h\
\xb0uPE\x9b\xc6(G\xcb\x04\xca\xf1\x8f\xfe\xe1\xa1\
\x0c:\x11\xe5\xa1\x11\xed\x15\xd0w\x8byX\xaf\xc3\xeb\
\xd5\xaeQ\x0c\xae\xfc1\xb8GSM\xf3\xb9\xf5\x22f\
\xa3\xf9u\xc8F-;\xcd\x0bN\xeb7\x93\xee\xb3\x93\
\xab\xe7\xea\xe8\xe4\xea|!\x5c^\xaf~S\x7f\xff8\
t\x18\xb2\x09\xd8\xe2>D\xd3z\xa4\x13\x84\xc140\
\x80\xd4\xd2\x07\x90\xf6v\xf7C3\x06\x97\xa1\xb3\x22x\
\x1et\x1b:\x05\xbc\x0dl~\xf5\x91\x98\x83\xef\xb7\xc2\
\xa4\x19*\x99\x11e\xa9S\xc4Zf\xa3\x03\xb5L\x8b\
\x01\x8e\x96>\xc0Qp\xda\xee\x1d\x84~9\xfc\xd0\x92\
XX\x98\x88\xa5\xa8k'\xf3r\x8bK%X2[\
5\xc76\x80\x8c\x1f\x1e\xdc\x04\xd7\x1cz\xb9s\xca\xc1\
t\xcds\xe4\x9a\x19+h9Fn\xf3\x95=`i\
v\xa2\x09\x0bH\xd2\xec\xd4\x80\xa4i1\xf6\xce2\x80\
\xbd\xbb~#\xf8\xf3\x0f\x1c\x0c\x99\x13\xaa/H\xf6\xa0\
\xea\xa0\xc5\xd0;K\x1fz\xd7\xbb\xf0Cp\xeb2-\
Yp\xbb\x8b\x7fg\x96e\xb2b\xbe\x17i\x030\xf9\
\x1b\xc3\x07\xef\x82\x9bB\x80\x8d 5\xa1\x8f\xae7Z\
RHM\x1e\xc2\xf94_\x8c\xb4~\xcf\xfc\xfe\x1f\xbd\
\xc74m\xba-\xc6\xd0\x13J\x85`K\x96\xcb\x06\xc3\
\xd57\x18\x0f.\xf1\xe8\x8d\xa5V]1yc\xa9\x84\
+\xe6[\xa1\x0fd\x0bs\xfd\xde\x83k`\xe2\xca\xb9\
\x98\x9e\xc26\xaeL\x15B\x8b\xe1a\x96><l\xf8\
\xe3q\x18%\x0b,\xa9d2R\x5c\x99\x17q\xb2X\
\xb4t4\xd2B\xb5\x0e\xa9\x9e\xcb\xd7\xd9\xd5\xb7s\x97\
D\xbeDA\x5c\x14hP\x14W\xa0\xdb\xc1\x906K\
\x1f\xd2\x16\x5c\xbb\xdf\x7fz\xdc{v>\xcc\xa8%\xc2\
+\x951\x9bmA:\x8ds\xa9\x0a\x15,F\xb6Y\
\xfa\xc8\xb60\xa1\x1e\x1c\x91\xd1\xa8%\xda\x0aT\x12Z\
\xc0\xef\xcc\xe9\x88\xe7\x18\xe8\xf3\x8a\x892\xf2:\xe1\xa2\
\x9ai\xbcHLc\x8b\xc1b\x96g\xc2p\x04[\xcf\
\x00\xce\x14\x1a\x8e8\x0a\xa5\xb6i\xb9\x01\x88&\xcb\xe3\
Z\x8bg\x00\xbdr\xed\xe4\x90\xfa7\xb1\xa2g\x0e-\
t\x13\xabo\x8cu\xb3\xf4\xb1n\xc3\xf3?\x05\xdb\x8f\
A\x95E\xac9\x9f[Q\xe9\xb24\xf3\xa0\xcbb1\
\xdc\xcd\xf2\x0cH+|\x7f\xb2\xbf+\xc2\xd0\x8f/$\
\x1dj!\x7f3RE\x93\x0eu\xaeB\xc0\xef\xb3\xe9\
\xf0Mt\x18z\x0f\x9f\x9e\x1c\xff\xd2\xbb\xb0#\xeb0\
Db\x05\xd1L\x1c9\xbb\x1bz\x0c>W\x06\xfc\xb4\
>\xa9\xe2\xae0\x1cr\x0f\xbe\xdeRV\x0f\xd7\xb1z\
\xc88=K\x1f\xa7\x17\xab\xa4\xf5\x7f}\xd7\x7f\xff\xf3\
\xd9\xceoR/jB(ZXlB(\xcah=\
K\x1f\xad\xd7\xff\xf4\xbe\x7f\xeb-\x98\x8e\xf5be\x95\
\xba\x22\xeb\xabd6\x18\xa8g\xe9\x03\xf5\xc2\x04ex\
\xe1\x0e\xf5q\x04\xd3&\xb7B}\x1c\x0c6\x18\xa9g\
\xe9#\xf5\x86wo\xf5\x8f\xef\xc2E^kU\x22\xdb\
\xccwy\x8d\xef2\xdb9}\xb0^\xb0\xb1#\x86;\
=}'#\xd0/\xe5*\x85b\xa3L\x14\xfa\xa5B\
C\x8eb\xb0\x18\xb2geLP\x84\x82\xa3\xfbp5\
\xc4\x8a\xe1^\xe4\xf0^0l\xcf\xd2\x87\xed\x09\x16\xc8\
\xd5=\x18F\xd5\x88\xf5\x09p\x16U\xa3sv\x16U\
\xb2f\x0e\xe8\xf41pat4\xb8\xf9g\xef\xd1g\
Yh\xb4X\xac,K]u\x19\xf0zV\x86\x1dH\
&m\x00\x87\xdc;\xbc\x85d\xcdh\xee7q5;\
x#\xd8\x7fd\xf4y\x8f\xef\x1f\xc7B7\xb2\x9c$\
\x12\xba\x91e#\xcd5X*\xbb\x8d\x8c\x09\xcd\x98\xf0\
\xcb\x9e|z+o\x8c,\x15\xa5\x13\xbe\xbaKd\x17\
\xd8e\xe8\x83\x0a\xc3Hs\xf8\xeb%Et\x5c\xe3\xd6\
t\xb3\x867\x81}\x86>\xa8\xb0\xf7\xdd\xcb0\xdd\xa3\
\x99\xce\xad\x08+\xf47\x86:'+f\x7f\xa1\x0f+\
\x0c\x0e?\xf6\x8fn\xc8\xa6\xbf\x0b\xc6\xfcrQ>\xfe\
}iY\xce\x11\xb3\x18Phe\x8d +^<a\
dEC\x91H7\xe8\xeb2\xa6\xd0\xd2\xc7\x14\x0a\x1c\
\xd6\xee\xdd\xfeoOd\x9d\xa7\xd0.\x14\xd7\x22%^\
Y\xefi\xadX\x85<)\xcb\x9e\x22\xeb\x18 T\x04\
?\x5c\xeb=\xb8&i\xf5&(S\xa9\x02\x16\xe4\xfc\
Y\xb6\xbbY\x03q\xfbf\xff\x05\x957#\xcc\x18g\
\xcf\x0d\xcc\x9e\x19Kh\xe9c\x09\x83\xa3\xed\xe0\xf2#\
\xd64\x8d\xf5\x1e\x94\xba\xa6\x0b\x94?3\xa2\xd0\xd2G\
\x14\x06\xe7\xaf\xf7\x1f]\x09\xad\x85\xcc\xc7u*K\xf2\
{\x91\xef\xc8\xeb\x9a6c\x09m},a\xef\xda\x8e\
\x10\xec\x927C\x04E\xa1\xac\xa0\xe3u\xa9\x1db\xa7\
\xd2\xbcf\xed\xa8\xa7\xf7\xe7\xdb\xde\xdeS\xc0\xfc\x97[\
Q\xfd\x98a\xff\xe5*\xc0\xfem\xc6\x13\xda\xfax\xc2\
\xe0\xcb\x9b`\xfbWR3\x15\xc0<\x922]\x82\xd7\
g\xb3\x94\xa9\xad/ez\xf2\xf9\xfe`\xe7'X\xef\
D\xe7\x16\x16\xdd]\xc0Egx\xd1\xfay\xe8\xe3\x1f\
\xfaO\xdf\x00\x96wU\xc8\xdc\xb6\x08\xcb\xbbZ\x05,\
\xaf\xcd\x88B\xdb\x80\xc0\xe6\xbd]!\x0f#\xcf\x90\xda\
\x95zD\xd3\x84\x04\xa9\xbd\x06\x09\x92\xcd\x98B[\x1f\
S(\x98\xdc\xe1\xaa\xe5K\x0e\x93\xfcp\xd5\xb8\xe4n\
\x1b\x97\xcc\xf7\xc22!\x7f%x\xc7\x12\xe9\x92p\xb1\
M\xd2-i7\xc1P\xb0\xa6\x9fm@\xd3o\xeb\xbe\
\x10\xe0\x91\x03Dj1\xaf\x14\x01\x22\xb56\x00Dl\
\xc6\xbd\xd9\x06po\x0f\xee\x04\xdbO\x08\xb8\x10\xbe8\
\x05n\xa1\x01\xb8\x05\x9bQo\xb6>\xeaM8\xe8\xc7\
\xcf\xe1+\x87>ZA(\xec,\xe17vx\xc5\xfa\
\xb8\xb7\xeb\xcfN\x0e\x8f\xe1\x1b\xaf\x09\xb6\x0d\x7f\xe4\xb5\
\x0e~d\x97\x97\xac/\xa3p\xf9M\x98\x98\xa2\xe2c\
\x933<\xc4w\xdb,\xecg\xeb\x0b\xfb\x89\xf4\xee\xe1\
'\x12\xeb\x12`S\x5c\xf12U\xd8l\x86f\xd9\xfa\
\xd0\xac\xde\xef\xaf\xc2@\x13\x04bWZK\x916\x81\
\x5c\x1fve\x09\xf4am\x16\x18\xb3\x0d\x08\x8c]y\
$\xa4\xe8\xe9R\xb0\x9e\x0d\xaa\x80\xda\x0e\xfb\x0e\xc7\x04\
`ax\xb0\xdb\xff\xe5w\x19`!\x1e\x09R\x89\xff\
+\xc5+t;\x14\xd73.\xcb\xd6\xc7e\x85\xab\x1e\
<<\x18|/\xea\x83r\x98\x85\x08\xe1D=^\xd4\
\x08eag\xb9\x0e\xb7#\xcdv9\xadOX\xf8t\
8\xfc\xee\xa5\x02A\x9d\xe7<\xb5\x9a\xa7\x0b\xc2x2\
[\x1fO&\x06]]\xff\xa9\xf7\xd7\x9f\xc1\x8d\xab\xb2\
<5\xbf\xd2)vde\x8b\xf5<=@\xd6E\xb3\
\xf5u\xd1\x04do\x878zaN\xbd\xcc\xc4\xa6\xf2\
2\x00\x16l\xc6\x92\xd9\xfaX\xb2\xd0\x8f\x04\xbbwe\
u\xa1Z\xa5\xb8&-\x09\xd5\x8a\xf2\xcc\xdff\x10\x99\
\xad\x0f\x22\x13A\xe6\xf6\xcd\xe1\xdd\xef\xa4\x0d\xff\xf0\xf6\
Fcy*\xd4\xee/\x83\xec\x9c\xcdH!\xdb\x84\xf8\
\xd5\x1f\xc1\xce.\x96\x00V\x92a7\x7f\xbb\x06\xc0H\
![\x1f)$\x86\x7f\xef\x1c\x86OO&F\xd8Z\
\x09\x9f\x9dT\x88p\x1d\x96\xca\x97\xc2\xb3\xcd\x10n\x86\
\x8f\xde\xca\xd96r\x91\xd5&h\xac\xda\x0cf\xb2=\
#\xc3m.\xbf\xed\xbd\xdb\x95\xbd\xb5\xf8*D\xed}\
9\x05\xa0[n\xd2\xfd\xe5\xca\x8a\x01\xed\xabh\x06\x88\
L\xd4&\x99\x00\x22\xc5\xa57\xd6K\xb0V\xb6\xbd\xfa\
(&A\x17\xdb\xdb\x90E\x12B\x87Yh\xc1JU\
\x98!\x82\xf0\xd9,\xf8)\x03\xb6lx\xe7\x0fj)\
\x85\x16lY\xd1RZ&O\xcc\x18 [\x1f\x03\x14\
F\x0e\xc1\xd1G\xa4\x06\xd5K\x05Dv\xe7\x89\x0db\
\xfb\xfc\xe0|\xc7\x84\x19\xdbx?\xfc\xe3\xee\xe0\xcaU\
\x89%\xeb\x96+\xcb+\x9d\x96|\xc6+\xc4\x0e\x8cX\
\xb2\xf5\x11K\xa2V\xfc\xec\xc7\xe0\xdaEi\xec\x10\x09\
~\xe6s+\x10<t\xf2\x10<0b\xc9\xd6G,\
\x0d\xdf\xec\x05W^\xcbj?\xab\xadB\xe4\x8ee\xd5\
@\xa0\x0f\xda\x0c\xa3\xb1\x0d\xc0h\x0e\x8e\x83\xa3\xfb\x00\
\xcc\xac\xb5\x0aE\x04e\xd6\x0a\x00\xca\xb4\x19\x7f`\xeb\
\xe3\x0f\xfa\x17>\x0c\xf7\xbf`.W/\x95\x90\xc0M\
\x98y\x9b[3\xb6\x01\xb1\x87\x0b\x0a\x19\xe3\x85\x5c]\
\xa9c\xbc@:\xc6\x0e\xb7h\x1c\xfd\x16\xcd\xe0h7\
\xb8\xb8\x09\xb7b<\x83\x09\xaf\xc6B\xa9C\xabN\xf3\
\xaa\xb5\xaf\xc6\xe0\xf8m\x18\xb3\x0b\x85y\x09\x88\xb4\x10\
\x86\xedaP\x09\x08\xd2B\xb1,\xf7\xcd\x0e\xa7\xcc\x8e\
~\xca,xA\xcf\xdf\xc63\xb7\xa5\xb0\xbb0\xee\x19\
\x8d\xdd\x96\x99\xb7fW^cs\xd2\xfc\x9d\xd3i\x13\
b \x17\xbf\x0f\x9e\x1e\x06\x8f~\x965vEz_\
\x15@+)\xc2\xaa\xda\x81%{\xbcd\xcf@\xc2<\
x\xbf\x0f\x0d\x84u\x81\xb0Z\xc1\x06\xc2\xfa24\x10\
\x1c\x17#\x0b\xf1'\x039\xf3\xc5\xcd\xde\xe1\xad\xde\x87\
\x8f\xb2\x9c9~\x82\xe1?\xcar\xd7W\xea\x94a\xd5\
>\xafZ?\xda|tqp\xfb\xd2\xe0\xcb\xd9\x01y\
\x9d\x5c\xe8\xa6\xdb\xf2\xcaO'/O=\x1cN=\x1c\
\xfd\xd4cpco\xf0\xe1Q\xef\xf8\xbcL\x99\xbb\x96\
\xab4\x84\xd45Is\xd7\x1a\x809w8\x9aw\xf4\
\xa3\xf9\xde\xbd\xdd\xc1\x87g\xbd\xbd\xa7R\xbd\x8ahj\
\x8d\x5c\xae\xa2T\x85\xd5fx\xb5\xfa\xcc\xe3\xe3'\xc1\
\xd3\x1b\xbd\x1fwe\x02\x1bB\xb14\xf2%\x8dr\x0b\
D6j\x0b\x0dy\x1e\xe2p\x1e\xe2\xe8\xe7!\xa2w\
\xb7\xbd\xd9{\x7fA\xf6\x91\xc57\x96\xa6L9\xf8\xc2\
\x9c\x7f8\xbe\x09\x95\xca\xfe\xcb\x9b\x83GWe\xb2h\
+\xad\xc5V\x01\xe6/\xad,\x16\xc0\x10s4\xef\x98\
\xe0\x1f\xdc\x1en\x5c\x0b\x93\xe7\xf0\x9f\x12\x08^\x18\x05\
\xad\xb7\xe4\x13\x1dj\xeb\x10Sp(\xef\x18\x10\x09~\
\x7f4\xd89\x84p\xf3\x5cN\x14~ \xdc<G\xf3\
`\x1d\x0e\xe8\x1d\x03\x0a\xb6\xefv9!\x15e\x14\xcc\
G\x9b\x94\x8f:\xac\x92\xe7\xe8\xab\xe4\x9d|y\x17\xdc\
\xba\xcc\xe5\xf72\xc5\xf3U\x12\x90r\xb2|\x83\xb3\xfa\
P\xa0\xdd\xdb\xc1\xb3\xdfd\xd5\xaa0J#\xa9\x8ae\
\x90\xaap\x18\x81\xe7\xe8#\xf0z[\xf7\x87\xfb4\x08\
\xa8\x964d([\xe2\xaf\xcb\x81\x9a\x01\x09\xc2\xfd\xfd\
\xc1\xd1E\xb8\xbeQ\x13i\xb1E\x17xa\x11.p\
\x9ag\x8a\xa7\xf5g\x8a\xf7\x7f\xb9\xd8\xff\xfe#\x22\xe2\
+\xeb\x0c\x88_\x87o\x9c\xe6y\xe2\xe9\x94\x89I\x5c\
\xc1\xa5-\x90\x83\x15\xed[A.fE\xd8\xa5:(\
\xc2\xa6y\x9exZ\x7f\x9e\xb8\xa0\x90\xee_\x1b\x9e\xff\
i\xb0\xbd#\xe3I\xb4\xa3\xe6\xbe|\x04z\xb9\xddl\
\xc3\x92}^\xb2~0\xfcfw\xb0\xf3\x13^\xe6\x98\
 \x88\xb7\x99\xa69\xa6y&pZ\x7f&p\x18P\
\x88\xd9\x03\x92\xb1}+\xads-\xf9\xcc\xbe\x95sM\
X)_\x08\xcb\x84\xa8F\xef\xea\x9d\xe0\xf3yY\xbf\
9J\x9eC\xdf\x9c\xab@\xb3\xb9L\x13I\xd3\x0c\x0b\
K\xeb\xc3\xc2\x06Wo\x0e\xbe\xbc\xa7\x01\x9f\xad\xf0\xd5\
\xa1ykt\xf1Bdy\xc5\xda5\x8a\xc1\xc7\x9d\xde\
\xbd\x1d\x1a\xb8\xd4j\xa0\xf6U\xadA\xebe\x98UZ\
\x1ff\x15\x0d~\xd9\x1e>{\x1a\xdc\xb9 \x01\xf5\xd7\
\xcf\xb5B'}NZ\x9cX;\xd78\x07+\xe6\x8b\
\xac\x8fY:9\xb8\x15\x5c~\x04\x10\xd2Z1\x06\x9d\
\x13\x88\xb4\xb6\x00 \xd24\xc3\x96\xd2\xb6\x89\x8e~\xff\
\xd3\xfb\xc1\xf6\xd1`\xfb\x17Yub=\xe2{\xc8\x09\
\xa3\xeb\x0d\xf0z<\xe23m\x9b\xa0\xd2\xf4v\xee\x12\
\x95&\x0fL\x9a<X6\x1e\x95\x9960*\xf3\xf9\
\xab\xe0\xee\xad\xc1\xf5\x1d\xb9\xd6\xb5\x98\x99\xd1\xc9\xad\xc8\
\xa5\xae\x9b\x00\xf0H\xb3\x8cTZ_FJ\xacxk\
\x17\xb0\x8d\x85\x5c\xa1\x82\xd0\xc6B\x01\xa0\x8di\x86X\
\xa5\xf5!V\xbd\xcb\x97\xfb\xbf\xbe\x1a\x1c\x9f\x9d\x17V\
*\xe6\x05\x22L\x16\xae\xe5\xe1\xde2\xd6'\xad\x8f\xf5\
\x11\x8c\xb5\xdf\x0e\x14\x02%\xddr\x8bb\xf8.\xc5\x97\
.\x87\x10n\xda\x80nFp\xfc\xfd\xc9\xe7\x9f\x83+\
\xafA7\xa3\x1e\x19\xb5\x82\xbc\xea\xd3l/\x14`\xd9\
\xfc\xa1\xf5'\x0b\xf6\xf66\x84\x90\xf8\xfbO\xc1/O\
$&\xadR\x8b`)+\x0dy\xb9\xb5V\x063\xcc\
\xba\x19i}\xdd\x8c`\xe7\x9a\x08\x83@\x0a\xa6\x95\x08\
P\x80\x14L\x19\x90Ui\xaeX\xa5\xf5+V\xfd\xa3\
\x1b\x0c\xb7[.V\x14h\xbbeB\xdb\xa5\xb9\x06\x94\
6!@\xb1\x19\xdc\xbc\xcaD\xb6\xce\x0a=\xc0F\x07\
\x17\xcc\xd6\xd87\xa1\xb6#`\x98\xf2\x80\x22L\x95\xea\
E\x8e'\xcau\x8a'\xb8l\x95\xd6/[\x05\xef.\
\x09`\x82\xdc\xe5\x95\x8b\x11\xa0\xb8#\x1f\xdfH\x0e\x8f\
\x89\xb9i}b\xae\xa8Z]$E\xbf\xd0}D\xe4\
F\x08\x8c\xabm\x0a\x8c\x99\xed\x9a60A\xe3\xc5\x0b\
\xd1!\x95\xe0\xd7D\xf3K\x0e_\xcb\x15\xd6a\xa5\x1c\
\xff\x18`\xb9\x1e\xfc5\xf8\xe5\x1a\x0d \x8dgp\x91\
\x8d\xc8\x13s4\xcdu\xab\xb4~\xddj\xb0\xbd\xcf\xca\
x\xed\xd6\x1ca\xbc6\x09\xe3\xb9\xdc0wS\x06d\
\x82\x7f\x1a\x1c_\x8c\xc1lg\xbf\xf3J\xbbUO\xe0\
l\xd2\xef\xdcX\x87%\xbb\xbcd\x03\xb9\xd2\xe3\xc1\xcd\
=\xac\x16\xb7\x14\xa2\x03U\xa2\xf0\xbbL\x10t\xf5\x09\
\x82\xbd\xed\x8f\xc1\xa3\xa3\xfe\x97\xdb\x83\x0b2\xdaO\xbd\
\xd9Z\xcf\x09H\x90\xbc1\xda\x84\xae\x87\x9b\xca\xf2\x9a\
\xb3\x06\x22\xb8\xde\xf7?C\xbb<\x99\x0d\x84\xfd\xf2f\
\x19\xfa\xe5.\x0fvp-\x03\x98b\x81Y\x01\xb2\xd2\
b1\xa1m#_i\xb1\x04|%\x97\xab+\xaee\
@\xf8l\x83\xdb5\xebbX8y\x91uj\xd7\xb8\
\x5c^q\x0d\xb0\xd8\x0e\x05\x91F\x00\xa1%\x99^=\
\xb7T\xac\xb7V\xa4\xb3_\xebK\xf5\x22\xac\xd7\xe1\xf5\
\xea\xfb\x92\xa3\x8f\xfd\xdbO\x00\x1f_\x10\xea/\x08\x8e\
/\xac\x018\xdee\x81qW_`\x5chD]\xbf\
A\xf3\xe5\x04~[5a\xae\x0cTs\x97\xcbA\xae\
\x81r\xd0\xf3-\x01V\x91\xa0\x98:\xc5\xe8\xdd\x01\x82\
\xa9S\x82G\xc7\xf5\x15W\xbf\xbe2|{3\xb8\xfc\
\x08g\xaa\xc4\xc9)\xba\x11\xe2\x99\xbbi\x8c\xde\xc4\x9f\
t\xd7|\xe7\x02\xab\xc16+E\x14\x83m\x16p\xbd\
|#\xf4)?\xbd\xfb?\x0f\xef\xfe\xd2{\xf8\x97\x0c\
\xbe$\x84\x06\x85%\x96C\x97\xd6\xdb0\x10\xcfu\xf9\
V\xb8\x8e\x81w7\xb8x\x04\x1a\x94\xe1\xbbk\xaaE\
(\x97\x9a\x00\x08rY\x92\xd9\xd5\x97d\x16\x80\xab\xa3\
#\x1aG\x90\xfbo\x0c#p=\x8e9\xbd\xb4\x01\x8c\
\x7f\xef\xaf\x97\x0a\x8c\xffZ\x8b\xda\xa5\xcd5\xba\xc9L\
\xf6p\x0dh\xd7\xfez\xa7\xf7\xe6e\xb0\xfd\xdbYz\
J\xd4r\x84\xfb\xd0\x85\x01\xc6.C\x97\x5c\x03\x14\x8a\
\xc7\xcf\xc3\xa8\x9e.q\xab\x9e_Q]\xe1<]a\
\xae\x08\xb9\x06tT\x1f}\x19\x5c~;8\xde\xea\xbd\
\xbf*\x93\x94+'@\xc7\x8e\x1c\xdaV*C\x05\xc0\
\xe5\xaa\x90\xab_\x15\x12\xf33\x0f\xa5#\x82\xfeG\xa3\
)Z\x0a\xd2!A\xe2o\xe0\xa0\xb9$\xe4\x1a\x18\x1f\
\x1eiQ\x04\xcf\xaf\xcb\xe6\x93\xc6r\x14\x8b\xf2\xf1\xa4\
\xcd\xda\x22Xc.\x08\xb9\x06\x0aB\x1f_\x87\xa94\
\x15XZuE\xe7\xbcZ'\xcb\xc6\xda\x9e\xae\xbe\xb6\
goK\xe0\xc4\xb0$\xb4\x84\x91|u\x89\xd6\xcb\xc2\
\x9e\xae\x01a\xcfW\xb7E\xdb\x91\x06g\xc6A\x10\x8f\
\xce\x5c\x80\xea\xb1\xcbh1W\x1f-\x16F\xc6Bp\
yw\x7fx\xe1\x8e\xac\xef\x18\xae7\x9e\xc1#\xd5a\
j\xc301\x97\xcbY\xae~9k\xf8\xf9F\xef!\
a\x08\x0b\x95\xa80\x04.\xaf@\x1d\x1c\x979+n\
\xd6D\xfe\xcf\xd3\x97cmGD\x11\xd2\x84\x15\x8f\xab\
,\x9e~\x95Ed\xff\xdb\x9b\xb0b\x91\xfds9v\
1G+\xe6\x94\xc9\xb3M\x88R\xf4o\x5c%\x5c\x85\
@\x8d\xa1\x81\xab\xd1T1\xcf\xc1\xd0M\xfc\xc9\x00,\
\xfa\xf5\x85@\x02\xdc\x0d_\xddz\xb1R\x93\xe7xm\
(ayL\xad\xf1\x0cPk\x1e\xbe\x8eu\xfc\xfa\x9f\
/1\x85)\x22^\xc9\xc5(J\xc0\xbc\xf2\xd2h\x94\
\xc5\x9f\xf4\x1bz\x80.]l\x11\xb8t\x11\xc0\xa5\x1e\
'\xa4\x9e~B\xda\xfb\xf9s,\x92 \xe9\xa0\x0b\x8d\
\x04Y\xa4V+\xc2Bm^\xa8m@\xa8\xb6\xf7\xe0\
N\x18a\x861\x90\xd4\x98u*\xe5dL\xa2\xcc\x9e\
u\xcar\x08\x88\xc7\xec\x1f\xcf\x00\xfb\xe7\xf9\x9b\xfe\x97\
_\xc8\x02\x8b\xe6\x92\xc2>4Kd\x1f8\x15\xf5\x0c\
M\x07\xda\xa0\x1e\xdeh\xc8\x07\xf5\xf1\x1a\x10\xc5{\xac\
\x94\xe0\xe9+%\x88\xc9\x02\x8f\xc8\xd3\x89\xc1\x02\x0d\x15\
Fs\x91 n\x1e\x13\x97<\x03\x03`\x1e\x88\xe1\x5c\
\xd4B\x17\xd2@\x8a\x1e:\xb5\xa4=\xcf\xe5%\xbb&\
\x82\xcd\xcf\x87\xf0\x9d\x97\x8a\xab\x15\xc5u^Z\xa5\xaf\
\xcc\xa9\xb4g\x80\x05\xf4\xe3n\xf0\xc7\xfd\x93C\xc9\xc0\
\xf3r\xab[Y\x03\x90\xe6\x1a,\x95\xbf\xaeo\xe0\xeb\
n\xf66\x7fW4L\x15\x17\x22\x8f\x17\x82\xb3%\xcf\
\xc0$\x84\xcd\xeb\x83c\xaa\xc1\xaeF\xb3\xe4\xa9\x0e\xb4\
J\xaa\x5c^\x86MEF\xbf\xf3q\xeb\xfb\xe0\xd2\xcf\
\x10Q\xacVZ\x22\xa0\xe0xb\x15\xe3\x09\x16\xbf\xf7\
\xf4\xc5\xef\x05_\xf0\xcach\xf1\xc6\xd3^\xb8\xc7\xdb\
\xeeB\x8f\xd7cl\x85g@\xf4\xfc\xe2\xd5\xc1\x8d=\
)R\xb3X\xcb\x01P\xb3\x06^\x9a%\xcf=}\xc9\
\xf3\xde\xf5\x8f'\x9f\xefc7\xba\xd8U\x10l\xaa\x94\
\xday\x9c\x8cz\x06\x92\xd1\x07\xc7'\xfb\x87\xb2\x8f+\
0\xbb\xd2o\x9b[\xa7o\xcb\xd9F6mB\x18\xe8\
\xd9\x8f*5\xe0\x0e\xc1\xae\xbah\xd28k\xf6\xf4\xb3\
f\x01\xbb::\x92E\xc4e!_$\x0d\x89\xcb\x05\
yH\xec\xa70\xba\x14\x7f\xd2E\xab\xec\xbd\x0d\x9e\x91\
\x9en9\xb7\x12\x99\x04l\xf0\x97\x1b\xd0\xe0\xf7\x99\xb6\
\xe4\x1b\xa0-\x1d\x1c\x077^\xf6o\xec\xc8 6Q\
6\xd7(\xe7D\xd1\x0a@6\xe1\x9f\xeb\xb0l\x8f\x97\
\xed\x19h\xdc\xf5\xae\xde\xe9m\x1d\xf6~\xdd\x955\xee\
\x9a\xad\x95j\xa5-\xa5\x147\x9bU9m\xc9\xb7\xb0\
2!\xfe\xa4?\x16\xa1\xf7\xe0)\xc4j\xd1h%\x8e\
\xd5\xd6\x08\xdb\xe63\xad\xc6\xd7\xa7\xd5D\xd3u_\x0c\
\x7f{ \xd3\xb9*\x17\x17\x8b\x95\x92\x18`%\x9d\xa2\
SZ\x82\x05gy\xc1\xfa>n\xfb\x82\xa8\xbc\xca\x8b\
\xaf\xf5J27\x0ej\xaf\xf56\xd4^}\x96\x89\xf6\
\xf5e\xa2\xc5\xf0\x89K\x97\x01aS\xad\x94T\xf0\x9a\
*\xc1k|\xa6\xd6\xf8\xfa\xd4\x9a\xde\xf7?\x9f\xec\xef\
\x0e\x7f\xf8\xd4\x7f\xfaN\x86\xe9\x16\x95\xc1nh2\x1a\
e\xa9\xa1[\xec6`\xd1l1\x0cL\x98\xdf\xda\x1b\
\x9c\xbf\x10\x5c\xfcC\xe2\xf6Z\xb5\xdcJ\xad\x22\x0b\xd6\
\xba\xb5\x1a\xac\x95\xef\xb1>\xabFT\xe2\x7f9\x84\xf8\
RT\xe2\xc3\x5cI\x81\x22\xec4 \xc2\xf4\x1d\xbe\x16\
\x8ek\x00\x14\xd4;D\x82M1n6\x02\xc1\x86\xf0\
\xc6~\x9a\x0d\x5c:c\x82\x85\xf7\xcb\x0b\x985Yk\
\x85\x09\xd3\x0aM\x9a\xac\xad\xc2\xa4I\x9f+X\xbe~\
\x05+|z\x02FH\x9a\xaf\x95\x11\x11DN\xa7h\
\x92\x85c\x08\x88o\x00\x02\xf2\xfcM\xff\xf0\xb0\xf7\xf3\
\x86\xb4\xe4\xb6\x18\xcf<\x97u\x96\x9a\x8by\xf9r\xb9\
\xa8\xe2\x1b(\xaa\x1c\xdd89\xb8\x1az=\x19\x8f\x22\
\xcc\xecJ\xd2\xb5.wK\xb0V\xbe\xc0\xfaR0\xbd\
\xabG\xbd\x9d\xbb'_v%\xd5\x94J\xbe\x92\x97^\
\x83F\x1e>+\x17~|\xfd\xc2\xcf`\xf3H\xb4\x9e\
/\xfc$\x19w\x18Q'd\x96,W\xaf\xc2R\xd9\
\xfc\x1a\xe89\xff\xf1\xb2\xb7\xb79\xb8\xf3X:\xb0\xa8\
U\x8e\xaa\x114\xaa\x88\xb4\x7f}\x1e\xd0\xe8g\x8c\x0c\
\xddz\xb1\xd1{x8<\xff\xb3,\xba\x5c\x157\xb7\
+\xbd\xb9k\xab]H<x*\x9f\xaf?\x95o\xf8\
V(~\x9c\x1c\xbc\x93y\x8bU1jb\xad%\xf5\
\x15\xab\x8d5\xf0\x15\x5c\x95\xf0\xf5\xab\x12\x83\x0bw\x07\
\xc7o\xc9WT\xc4\x85@_Q _\xc1]}\xdf\
\x80\x06\xcc\xfe\x96\x18k&\xf7\x15\x82%X.\xa2\xab\
(\x10\x8d\xcd\xe7d\xdf\xd7O\xf6\x85\x91xr}\xf0\
e\xe7\xe4\xd3_\x12;!\xa6c\xac\xb5b=.\x99\
\xb5X[\x93\x9b\x8b\x0cK\x95d\xf4\xa5JN\x8e\x1f\
\x9f\xec\x7f\x91\x09[\xe5EX)\x17\xb6\xca\xd7h\xa9\
\x1e/\xd53 \x14\x15&\xa1\xc1\xf6\x86L%Jd\
\xa0r\x8d\xdav\x07\xd6\xea\xf3Z\xf5[\xf9/\xee\xf6\
\xb6\xee\xc3\xf5\xcd\x17\xeb5\x15\x90&_\x83\xfb\x9ba\
\xc0D\xc6\x00-\xe5\xd1C\x81\xd8\xfeq7\xb8\xfcH\
\xd6\xe0H\x0a*\xad\x18\x06$\xf3\xcd\xa5\x06\xad;\xcb\
\xeb6\x908o\x0e\x8e\x8eh\x1cq\x1da\xd08\x8e\
8\xc3\xac\x94\x8c>+\xa5\xf7\xe0\x85\xf8\xccr^X\
\xf8mc\x18\x023\xc3\x16J\xc0\x0c\xcbpy\x22\xa3\
_\x9e\x18\xfez\xaf\xf7n\x97\xd2\xbaJ$L\xaa\xc8\
\xea\x9a\x90\xd5ex$TF\x7f$Tp\xf9a\xef\
\xf2-\x9a\x12V\x5cP\x165\xbb\x0bP\xd4\xccp\xae\
\x9f\xd1\xcf\xf5\xfb\x8f\xee\x9d\xec\xdf\x03\xb5\x92\x92\xf8\xc8\
\x15\x94+)5@\xae$\xe3\xb0\x13q\xf4\xf1\x14_\
n\x0d\xff\xbc\x10\x03\xf1$\xe1P\xad\x15\xc3\xf0d\xf1\
P\x0dF\x0cd\x98\xee\x91\xd1\xa7{\x84iRp\xfc\
}\xff\xf8s\xff\xee;Y\xa6$0\x83\xd1m\x96%\
K\xedN\x03\x96\x9c\xe6%\x9b\x90\xd8\x15\xf2*\xcf.\
\x06\xcf7d\x94\xf3u\x91\xdf\x09\xcb\x91\x97\xd2v\x1b\
\xeb\xdd<\xac\x9a\xfd\xa0cd\xcc\xcb\x0d*\x1c\x87\xcb\
\xed(\x86z\x94;P8\xce0L,\xe3\x98\xe0\xdf\
\x09|\x10L\xd2\xc9\xd5#|\x10\xcc\xd2!\xa9\x95\x0c\
\xcbTd\x0c\xc8T|x\xd8\xdb{*\x04W.m\
\xc9\xc6\xa7F\x0a\xb0\x85\x5c\x1dX\x09\xd5\x02\xf8\x13\x86\
\x06eL@\x83\xde\xf4>~\x06\xaf\x1d\x09\x5c\xe7H\
G\xb3L\x83\x1d2,d\x9c\xd1\x172\xee\xbd\xbb\xd3\
\x7fI|\xabrT\xbb\xa2\x05\x13\x03=\xc34\x95\x8c\
\x81\x99$\x9f\x8eO\x0e_\x93N\xcc\xbf\x15\x93SQ\
\xea1\xc3e\x96\x8c\x01|\xcd\x85\x1f\x06\xc7\x8fz\xff\
y\x1a\x1c\xde\x95\xea\xb7U#E\xe3\x0eh\x9fWK\
\xf0\xfa\x98\xab\x921\xa0\xb7\xfb\xfe\xa8\xbfy \xeb\xf1\
\x9e\x13\xc8\x04i\x8f\xf7\x5c\xb3\x08+e\xaf\xe7\x1b\x19\
\xac\xb3}\x14\xfc\xf0z\xb0\xf3\xab\xbc\x7f\x1e\xba\xbcn\
E.\x98\xd8mt\xc1S3K%c@\xb8\xe4\xe2\
\xab\x93\xfdC\x88\x96\xcb\xadJ\xe4\xf6(T.\xafS\
\xa8\xcc%\xb8\x8c\x01 \xd3\xd3C!-&\x17[\xa9\
F\xa3\xb7Ik\xa5\xba\x04Z+\x19\xc6\x04e\x0c`\
\x82\x1e<\x1d\x1c\xed\x82\xa5\x10\xa9\xb5\x88\x94\xc1V\xb4\
\x89\xfd\x9a\xe1\x02Q\xc6\x00\xed\xe3\xe08\xbc\xc9\xc1\xa3\
/\xc3\x87\x17\xe5\xbd\xffn\xa5$\x1a\xe9\xb20\xb9[\
\xa2%\xf3W\xd6\x17\xdf\x1d\x5c\xd9\xeb\x1d\xbe%\x07\x22\
B\xe4\xbf\xed?X\xc1$\xa3\xaf`\xd2\xbb\x7f(\xb2\
'\xf9z\x05\x1bA5|{\x9d\xaeE\x96\x8bDY\
\xfd\x22\xd1\xe0\xf2V\xb0\xbd\x01lG\xd1y\xec\xb4\x14\
t\xc7F\x07\xe8\x8eYVX\xcdZ\x06\xc6\x94l\x0d\
.\xbf\xa5\xc9\xc5\xd1@\x07E#\xbdS\x86Fz\xd6\
\xe6E\xdbi\x03\x0fp\xf0\x9fM\x149\x16\x0c\xff\x1c\
]\xe8\x12EpY\xee\xfdg\xf5{\xff\xc3\xbb/\x83\
\x17_`\x88M\xf8}\xc3\xb0\x13'\xd8T\xcb0\xc1\
&\xcb\xd5\x80\xac~5`\xb8\x7f\xccL\xb1\xf2\x8a\x8a\
)V&8a\xd6\xc1xH\xfc\xc9\x08\xcd\x7f\xf8Y\
h\xbaIi\xfe\x82\xdf\x96\x97W\x10\xd7\xdb\x85<,\
\xd9\xe6%\xdb\x06\xa0\xe8\x821\xbf\xf1V6\x94b\xa9\
X\xc8u+0\x8eb\xa9\xd0\x95c\x85\xb2L`\xc9\
\xea\x13X\xc2@\xb9\xff\xdb\xd5\xe1\x0f\x9f\x82\x8b\x1f\xa5\
\x81r\xad\x220,\xd2\xb6d\xb9\xd6\x85k\x91vx\
\xc9\xfa\xc1\xe7\xe7\x07\xbd-\x82\xfbwVZU\xe4\x0f\
\x866y\x11\x16\xcc/O\x7f@P\xef\xd9\xf6\xe0\xd6\
\x1e\x0c\xb5n\x14\xebbp\x0dM\xb5n\xb4\xa1\x10\x90\
u1\x7f\x12\x7f\xd2\xf6#\x17\x83m2\xc9aX\x8f\
\xb2\xf3\xed\x1c\x99\x0a\x06Wd\x0d\x80+\x1e}\x09\xfe\
\xb8\x05\x1d\xb30x\xebV\x14\x0d\xb3Rw\x8d\xd6\xec\
\xf3\x9a\xf5\xab\x00{\xa2\x0e\x87u\x0bQ\x87#{L\
\xda\xfeY\x1eR\x9b\xf5\x0c\xd4\xc0\x1f\x85\xf1\xc5\xc9\xf1\
/2 d\xdc\xcb\x11!F[\x90+d\xed\x86N\
\x1b,\x1c\x8b\x82d\xf5EAz\x7f\xbd\x0c.m\x0d\
\xae|\xd7\xdb}/\xd3\xec\x16\xc5\xacj\xa5\x18Ft\
\xb2O\xbdF\x92\x95Y\xae_dML+}\xd5\x7f\
y\x00=\x92B\xae\xd3\xe2\x06I\xa1\x03\x0d\x92,\x17\
/\xb2\xbe\x09R\xe1\xf0\xcd\xef\xd0\xa7\x8c\xe6\xab\xe6\xb0\
M\xd9\xa49\xdcY\x9e\x17\x9450\xfdscG\x94\
:\xbf\xfb=\xb8vO&\xcaS\xc8-\xb4\x84\x22\x96\
\xd4[/\x94a\xc5\xecI\xf4k\x18\x83W\x97\x82g\
\xbbP\xc3h$t\x1b\xaeb4\x1aP\xc5\xc8\xb2\xdc\
F\xd6\x80\xdc\xc6\xe7\xf3\xfd\xcd\x03\xe2\xe7\x89\xd2\x16\xb2\
\xf3\x9a\xe4\xb0\x19F\x94\xd5\x87\x11\xf5\x1e\xfe5\xf8\x80\
\x1a^a\xd0\xd9\xc0|\xa4\xda \xd3\xcc\xfc\xb1\xac>\
\x7f,\xccGz\xef~\x05{\x11\xae8\xbf\xc2\x06\xa3\
\x9a'\x83\xc1\x95\xa2l\xc6\xc4\xcc\x95\xde;\x81R\x97\
\xd6\xe3\xc2[!\xc6\xae\x10\xdf\xa2\xdcl\xc3M\xe6R\
Q\xd6\x04\x96HL\x90\xee\x1f\xdd\x18\xdc\xdc\x93\xd7=\
\x97\x8a\xcb(V\xd0]Z>\x93\xf85\xba\x96\x9b\xcd\
f\xe5\xcf/\xf9\xd3\xd9E\x07O\x0f\xa5\x8bnt\xa5\
\xf2\xb1\xbf\xf4\xb7\xef\x87!\xf3\xff\xfe_\xff\x87\x90\xea\
\xf9\xfc@rC\x1aQxTl.\x0aS]\x96\xa7\
(\xd5FU\xfc\xa0\x0c{\xf0y\x0f\xbe\xee\x1e\xe2\xc6\
;o n\xbd\xab\x97_\xe8\xaaV\xef\xf1\xea=\xdd\
\xd5\x07\xdb\x7f\x85\x1b\x10\xab\x7f\xf4E6\xfd&\x8cK\
\xc5\x06\xc2\xe5\x85\xa1\xaa|\x0cN\xb5 \xfe\xda\x84\xc5\
\xbb\xbcxW\xfb\xfa\x5c\xd9\xe9on\x88\xc5_\xbf\x11\
<\xbf)+\xea\x9e\x8b\x17\x1f\x15\x1ee\xde\xb2}N\
\xfc\xb5\x0d\x8bO\xf3\xe2\xd3\xba\x8b\x1f\x9e\xff)\x8cW\
\xc3\xc5\x0f\xef\xfc\x15\xae\x9f&\x06\x84\xcb\xeb\x88\x81\xf5\
9\xe9\xc4\x00\xf1W\xba6\x0e/\xde\xd1\xfe\xf2;\x17\
\x82\xcb\xfbb\xf1\x077e\x8b\xef\x0a\x93\xbe\xda\x8a\xbe\
\xfd\xb9\xa2\x10\xce\x95\xad\xbf\xbb*\xfeL\xeb\xb7y\xfd\
\xb6\xf6\xb5\x8f\x14\xa0\xc2\xa4\x97\xbf\xffX\x08*\xcc~\
U\x87\xb0\xd0\xee\xa8N\xc1\xe2]X\x06vq\xb2\xff\
S\xef\xf1\xb1\x88\xc9\x1f=\x08\xf7\xd2\xbb\xfa(\xf8\xf1\
\x12e@\xc5\xbc@\x8a\x9d\x8bN\xa5\x1b\xf1\x1d\xe5\x15\
\xaa\x85N\xbe \xde\xc5Y\x1aP\xbc\xa9\x0c?\xea\x8c\
\xfe\xa3\xde\xbb\xd4\xff\xf3G~\xd4\x85\x95\xd6\xb9\x15\xd5\
\x93.\xa8\x9et\x86oUF\xfbV\x89\xde\xe3\xce\x05\
7\x95R=\x8c\xa8\x9c\x19>\x89\xf0g\xea\xc7\xd1M\
~\x017+\xc37+\xa3}\xb3\xc4\x1c\x85\xc3[\xf1\
Lqq\x14\x9f\x0ee\xa8'\x11\x01E\x95\xfbx\xc0\
x\xb8XQ\xc6\x90\x83\xa0\xea\x9dr\xf4\x03:\x97\x14\
\xef&\xa5\xbb\x9b\xde\xd6\xe6`\xf3\xcf\xc8E\xbf\xea]\
\xbe%\xab\xcc5\x8a\xe1\xe2\xc2\xac\xaa,\x0f\xea:\x0d\
\xf1\xe7\x05\xf9\xda}\x0e/|\xdf\xd8\x1b\xe7\x08c\xea\
u\xab\xc3\x8c\xf0]+\xe2\x0c\x9f\xe3\x0c_;\xce\xe8\
\x1d\x1c\x85;\x11{\xf8\xf8\x224\xb8\xb2N[\xbc\x0d\
\x11KD\xe2DR\xee\xc6\x82\xf8s\x07\xd6\xcfV\xc9\
\xd7\xb6J\xbd\x8f{V\xf4\xae\xc1\xc2\x8a\x1c\xc6\x8a\xde\
\xab\xca\xb06\x92\x9f\x80]\xf59\xde\xf0\xb5\xe3\x8d\xe0\
\xf9\xf6\xc9\xe7\x0b\xb1\xe3\x13\xe7\xb0s-\x0c\xf9$\xd2\
\xb9\xa1\xdf\xae\x8c}_\xb8X1xTV\xfe\xed\xac\
.\x88\xf0c\xb1\x04{\xe1\xf0\xc3\xd7\x0e?z\xbb\xb7\
\xc3\xbd\x88]|~\xd0\xdb\xb9(4T\xef\x1d\xc8$\
\x81VE\xe0\x1d\x89&D\x03\x11\x17\xe5\xc7\xb2,\xe2\
\x90r\xa7\xb3\x08[a\x9f\xe1k\xfb\x0c78x\x1f\
l\x85\xc9\xe6Ap\xfe\x90\xfd\x86[\x8f\x08,\x8b\x11\
j:WQz\x0e\xb7^X\xec*<\x87\xcf\x9e\xc3\
\xb7\x8c\xda+\xf9\x1d\x9b\xb5Wt\xbfbc\x85\xd7\x8b\
\xfd\x85\x9f2\xf6\xd8\xc1XM\x1e;\x9b\xaa\xe4\xa9\x93\
\xb1\xf28\xad\xf62&\xe3\x90\xe0\xfaO\xbd\xfb\x7f\xcd\
\x8dCD\x15\xa6\xa2\x88B\xf2`\xb2<\xf6}\x9e9\
\xdf\x17:\xed\xe1\x8f\xc7\x1c\x13N\xdd\xa8\x85\xb8\xce\x18\
{\x12\x8c\x11\xc3\xcb\xb5\xd0U\x84\x89\x1e\xfbB\xcf3\
\xb6\xad\x93O\x1f\x83\xf3\x9f\xbfj[a`\xd5-W\
\xe6l\xa9\xaa\xdc\x12\xbbG\xcf5\xe0\x5c\x06\xaf.\xb9\
\xa9\xb8\x90 \x1d\xf9\x12\xf1j*n*.%\xd0\xe0\
\x97F\xfc\x03(Fy\xec \xbd\xb4Q\xcbu\xf0.\
\xd8\xde\x9cc\xb9\xceE@M4]\xe7r\xb0\x096\
\xbf\x9ee.N\xb9w\xd0\xfb\xe3Yh\x81e\x08\x85\
\x89\x01\x8b\x1dJQ\xcc\x17\xcf+c\x96\xc5\xeeY\xae\
w\xb2\x1f6\xc5\x9e\xbe)\xbe\xf0C\xff\xee\xd3\xd0\xa0\
\x85\xd7*t\xf9\xe1\x01\xf1\xe9\x88m$m\x06\xa1O\
\xdfZY\xadt\x8a\xaas*7\xba\xa5\xd5\x8e\xe2\xa8\
\xdc,n\xcd\xcd\x9a\x09\xc8\xb8\x00\x11\x87b\xaa\xd2C\
gUQyp\xd9\xc3\xb8\x19\xa3oE\xee$g\xdf\
\x0a;\xca\xf8\xb1\x90\x9ft\xd9\xbf\xb8fs\xab\xb9&\
x\x8e\xf1U\x98^\x97\xbd\x89\xeb\x19\xdd\x84<O\x9f\
\xdd\x04\xe7\xe8\xf1.(Ew\xd9\xf8\xba\xe9o\xf3\xce\
\xaf\xdf\x97\xc5\xf5\xf4\xce\xeb\x18\xe0\x8f\x1fz\x1dB|\
\x97C|\xd76\xebX\x8e\x83\x9b\xb7\xe7=\x16\xf1/\
\x8b|\xcfJ\xb0\x8b4\x9b\xabt\xd6\xd8.b/\x1f\
>\x17\xb5\x83\x8c\x1cy\xf8\xaf\xe4!\xe3\xbf\x83\xe1M\
\xb3\xf1J\x9b5^\xf2+6{\x1e|\xb1\xe2\xf3\xa0\
[\x95\xe6\x90+\xed\x9a)\xd1\xf1\x95\x1a\x15\xe7\x94\xf7\
\xa9\xdeQ]'~\xf0i\xfd\x07\x1f\x0d\xfaR\xbc\x88\
x\xd6\x97\xfa5\xd4T\xab\xe7\x02D\xda1\x10f\x85\
\x19V\x98\x96\xf4\xaemp]Q\x18\xa9(\xb8J\x92\
\x92\x8a\xb2\xc6\xd8\xe8F)\x09U\x19\xd3\x1c6\xa6\xb5\
\xc3\xc6\xfe\xe1\xbbd'p\x99\x92\xecCq\x93\xba\xaa\
\xb3\xe0\x101\xad\x1d\x22\x0e7n\x0f\x9e\x5c\x0f\xb6v\
O\x0e_\xf1\x0e\xaa\x95\xba\x10\xa7(T\xc4LR\xe5\
N\xaak\x85\x05\xc5^\x1c6\xb2\x8e\xb6\x91\x8d\xd5K\
bV\x0d\xef%\x921\x89\xd85\xca\x8d\xb4\xdb\xd5\x86\
j#lc\x1d}\x1b\x1bAJy\x0b\x11\xa8T\xb9\
\xfa\x8e\xca49\x1c\x16:\xdaa\xe1\xf0\xd3\x7f\xc2;\
\xc5\xb5\x93r2QSQ6)W\x155\x13\x87\xc3\
AG?\x1c\xbc\xb93<\xbf\xd9\xfb\xeb\xf2\xe0\xfd\x01\
\x7f\xfe\xa5b;\x82C\xe6V\x16\x8b\xeaw\xbd\xd4n\
/\xaa\x0e\x82]\x9c\xe3\x9a\xacc\xf5\x1e\xee\x0c\x7f9\
\x9c[\xc7\x8a Pe9\xb9/)eU\xe9X\xd8\
\xdd9icw\xaa\xf7\xe0N\x18p\xc8&]L]\
\xabNT\xe8\x95N\xbd\x88nVg\xb1\x00{`\xa7\
\xe78\xa6\x0d\xed\xa3/\xbd+?\x8a)\xa3\x92\xec\xef\
\xac\xb9]i\xae\xb4\xd6Z\x15y\x128\xb2\xb9\xcd5\
\xc8\x03\x1d\xf6~\x8eexc\xbd\xbd\x8d\xde\xc7O\xc1\
\xce\xb5\xb9\xbb\x12z~B!\xaf\xc5[*7\xe9\xe5\
\xb0OtR\xc6\x82C\xde\xcbT|\xa8\xdaF\x14!\
\xe2&lv\x86v\xd6\x98\x0f\xe1M\x8c\xdc\x88j\x07\
\x1d\xf5\x0e\xd8\x0b\xda\xda^pl\x86y\x07\x13\x1b\xac\
\xdaCd\x83y\x0fl\x84m\xfd\xce\xe7\x9fo\xc3h\
\xd7I\x9a\x09\xf2\x84<\xc2|;\x91uU%\xe1\xc9\
/h\x17l\xbbl\xc7\x8c+\xf9g\xd2\xd6\x91\x87\xeb\
\x13_\x92\x8bk\x9e\x1c\xabw\xbb\xa3\x9f@\xb4ns\
A\xc16\x8a3\x09\x1el\x06\xdbO\xbe\xc2/\xe6\xd4\
\x0d\x1e\xf2\x8a6\x9b)\xdbPu\x97\xabo\xe3J\x8f\
\xaa\xf6Vn(Jo\x16\x1b(+k\xf4i\xc8\xcf\
a\xfai\xe0\x19\x8c^\x06\x9d\x81\xc56\xca2\xd1,\
\x0c.?J\xcf\xbdLqI$=\xe76-\xa4\xd5\
;\xe1\xd0\xd7\xd2\x0f}\x9f\x1e\xf6\xb6~\x1f>\xfe\x95\
+\xa1\xd5J\xbeX_\xae\xcc\xa9\x83V\xf3\xcb\x8a:\
\xa8\xc5\xd6\xd6rM\xd6\xa68T\x9c-O)\xa2\xc5\
\xb8>\x85\xe1\xa2\xc5&\xd72Q#\x1978O\x0e\
\x9fS#}\xdc\xd9\x0c\xff\xc7\x0a\xf4\xd2\xa3\xc6f\x15\
BC\x8bM\xade\x1b\xd8D\xfc\xbe\xd9\x83O\x1e\xb8\
\xca\x83'O\x1c}\xb8\xc5v\xd6J\x19{\x19\x96\xad\
x\xe6\xe3\xc7\x11\xfeJ\xf5\xc8\xc3\xe7\x91\xfc\x02^y\
\x8a\x8dnJ\xdb\xe8\xfe\xd7\xff\xf5_\xae\x02\x88\xd5\x5c\
n\xba\xf3`X\xe3\xdf\xd0\xfa\xd9\xde\xa6\x0cW\x9f\xa5\
\x05\x86\xd9\xe7M5\x86\xf8mS\x91!\xc5\x15\x92\x94\
~\xe3\xec\xd1\x970\x00\xb1S\xb1\xd3\x90\x97\x18\x04\xb5\
U\xb8n\xf1+e\x85\xa1\xd4\x1d\xfd\x04\x9eF\x8a\x9d\
F\xca3\xf0\xc0'\xe8\x12.\xe3\xce\xc0J\x145\x5c\
e\x097\xc5\x9e#\xe5\xea\x97p\x7f\x0d.\xbf\xe1~\
l9\x9a_\xabl\xc5\x96k\x8aNl\x8a}E\xca\
1s\x0a\x9ca\x8c\x8f@\x99a4\x16\x14\xe9E\x8a\
\xddD\xcaDD\x1e\xec\xdeL\xb2\x0by,\xdb\x8d\xd5\
\xd3r+V\xe2+ \x9c\xed\xb6\x93\x1f@\xf8\x91\xe2\
JH\xca2\xd3\xd7H\x10$\x18~\x8c\xfb\x1a\xf1J\
\x15\xf1G\xb8\xe4\xf8'\x10\x81d\xb2\xe8*2Ym\
W\x11\x93\xee\xd9W\x8c\x88\xf7s\xdc\xc5Z\x95}E\
\x86\xf9q\x99\xac\x89*z\xff\xde\xfd\xe0\xe1\xeb\xde\xaf\
\xbb\xbc\x8dX\xceeULS\x9a\xb3\x93Nm\xb5\xad\
\xda\x8b\xc7{\xd16\xb4\xfd\xcd7\x83\x0bw\xfb_n\
\xf3+_o\x09X\xd8zn\xce3_\xaf\xad\xf3;\
\xcf0\xe3,\xa3\xcf8\x9b\xde\x04\xbf\x8f\x99}(^\
G\xbc\x11~\x1b6\xef\xc46\x93zO\xda4s\x12\
\xf0I\xa1\x0d\xb3\xf0\xb8\xce\xd6\x86\xbdX\xbc\x17\xcb\xcc\
3\xe1\xac\xaf3j%s\xca\xd7\xa9q\xc6\x97\xc9\xa6\
x\xf1\xda\xb1\xf9\xc9\xe1\xed\x98\x06\xabx\xe0\xadzL\
\x83\x9d\xf7\xbc\xa3~\x1f\xbd\xee\x0c\x9b\xda\x8c~)$\
\x22\xfe\xf7\xf6\xbe\x0c\xbe\xbcd6i\xc2\xff\x17\x04\x83\
\xa2\x8aR\xda\xad\xaf.0\xa94\x93a\x9b\x9b\xc9\x98\
\xde\x09y\xf3\x99\x9d\xb07\x8fwB\xcf\x22\xe3\xf3N\
\xf4\xfb\x98w\xfe\x1a\xfcrM\xc1\xf5\xa8\xd4\x93\x80\x16\
9\x1ee\x86\xe0g2\xec-2\xfaay48\x90\
\xd7^M\xbc\x1d\xad\xbc\xdaV\xad\x9c]\x84>\x7f\xb1\
\xff\xeb;\x11\x0d\xfep\x8d\xc9\x1c\xcd\x5c=\x8a\x06\xa3\
\xab\xc3<\x8ef\xb7\xcc,\x8eL\xc6\xe1M8\xa6\x03\
\x8f\xdd\xfd\xc1\x87_\xe7\x04\x1e\x9d8\xafP\xc4\x1d\x9d\
\x0el\x85\x9d\x83>\x951&\xff\x0d7n\x07{O\
\xd82E\x14\xc0j\xa5>\xc2T\x80a\xea4bH\
\x05\x19&v\x14\x06Y\x8cp\xabF,F\xbeP\x11\
\x8b\x91\xee\x13\xb3\x183\x06X\x8cc\x0f-\x8f\xfc\xc6\
\x1e\x9a\xa3\xbe\xc8CS\xd0\xc7\xdc\xc5\x8c\x01\xee\xe2\x98\
>*@\x8f\x8f\xf1\xc3\x87\x1f=/UJ\x8b\xbe{\
9\x0fKgcd\x80\xb6\x18i\x98$8Ay\xd5\
/Q2IZ\xc1X\xf4kG\x8d`\xa8\xf8e\x98\
\xed\x97\xf1\x0d\x19#\xa1\xea\xfc|\x83Y\xb0\xf1\x15\x0a\
\x83\xd5|q\x8e\xdaF\xa7\xd6P\xf0`3L\xf7\xcb\
\xe8\xd3\xfd\xe2\xe8\x22L \xc24b\x1cc W<\
\x8a1D\x1e!\xf2\x89Q\xac\xa1\xa0\x8c\xd7\xd7kQ\
\xb8\x81o\x9c\x0d\xado\x99\xb3O\xc0gH\x9e\x09\xd3\
\x19\x1aLg\xc80\xe1/\xa3O\xf8\x1b\x13\xdd\xe1$\
&\x04w\xfe\xf8\x11\xbd\x9d>\xbc\xc7\xb1\xb7\xa7\x1f{\
\xef\xef\xf7.\xdf\xe4X5\xfc\xf0m%u\xac\xd3V\
\x84\xa8\xcc\xf0\xcb\x18`\xf8]\xfc\xd4\xdb\xbe\xa7\xf0i\
\xb9\x11nV\xe1\xd5\xba\xaa\x0f\xcf\x8eA\x9f\xc8\xd7\xbb\
\xff\xa2\xff\xe9&\x97\x5c\xd7*\x02\x8e\xa6,\xb9F\xb5\
%(\xb9f\x98\xb2\x971@\xd9\x1b}z\x8a\x88\xc6\
\x9f\x9e\xa3\xa1\xae\x22\x16b\xae^\xc6\x00W\xef\xe2\xe6\
\xc9\xe7\x9b\xbc\xf8\xb8\xdb\xa0\x0c\xe5J\x8b\xaa\xc5\xb3?\
\xf3\x1cc\x8b\x87K?Y<_\xfah\xf5x\xe9\xd9\
\x83y\xda\x1e,\x1e\xda4|\xb1\x1d\xc3\xf7\xc1\xd8\xc7\
\xd3\x9b\xc2;\x9f\xc4uh\xf4\x1b\xe7\xa2\xc0\x8e\xcc>\
\x93%3\xfad\xc9q\xaa6\x22\xae\xca\xae\xd2$Y\
\x1bqW\xe5\xf7)\xcc\xd6\xe2\x1f\xc0\x95b.aF\
\x9fK\x18\xcb\xebM\xaay\xf2\x10)\x11\xda\x1b\xd5\xf2\
\x14!Rc=\xaa\xe6Q\x88\xc4\xdc\xc2\x8c\x11n\xe1\
X\x9bII\xcf\x19k3)\xf89m\x05\xeb+\xc3\
\xe4\xc2\x8c\x01r\xe1\xd8D\xc9\x0fc\xf2\xca\x15\xe7\x10\
=s<\x05\xf6m\xfa\xb4\xc2\x93\xc3\x1f\xe2J\xf7\xf0\
\xe8a\xf0\xfc\xbd\xa2\xaf8.v\xd7\xc2=4WZ\
sZ\x8c\xeb\xb5\xa6\xc2\xe5\xb9\xec\xf2\x5c}\x97\xf7e\
o\xf0\xea\x92\x22B\x8d\xc0\xe3\x95\xffv\x8c\xca,\xc2\
\x8c>\x8bp\xdc\xcc\x82<n\xaa\x99\x85I\x5c\x14m\
P\x0e\xe7\xb2\xa9u\x0dA\xacc\xddR\xce\xa4\x13|\
\xb5\x100U\xe5\xd3\xd5\xb5\xa5\xaa\x22\xa3v9Up\
\x0dA\x16c\x96\xeaW\xf4M\x22v\xaa\xbaoRZ\
UD\xdfL\xe9\xcc\xa4\x0dy\x8d\xf1\xa1(\xa4\x8dB\
\xaf\x91\x1c\x8aR\xdeh}I\xd5*eRgF\x9f\
\xd49V$\x8c\xf5'd\xe4\xd4iQ\xc2D\x82B\
JN\x8dd\x09K\xb5\x1c\xec\x82\x9dF\xda\x5c\x9d\x8c\
\x9b\x8b\xe3R\x99\xa2\xb1\x18\x87T\xd4WdZj&\
m\x88\xb3c\xa5\xe6B!F\x00\x025\x18\xa2;\xfa\
\x05\xbd\x0f\x0e\xd4\xf5Y\x9e\xa7B]|\x1f\xb3\xa1\xae\
\xf2\x85\xc4\xd1.\xbe\x10v i\x034\xf4\xfdp\xf9\
\xec\xfd\xc4\xcbh\x94GMk\xf0\x7f\xab*\xff\xc7\x14\
\xd5\x8c>Eu\xf2\xc0\xe5\xf1\xd4\xf4\xebVDT\xd1\
\xe3\xa6\x88\x8ay\xaa\x19\x03<\xd5\xbb\xdf\xf5\xef~\xe8\
\xed\xfd\xcc\xb1T\xad\x22\xc4v\x17\xcaj\x98V\xad\xa0\
\x90\xc1\xcb0?5\xe3\x98\xce3\xd4\xa0\xd8\xa9TC\
\x89\x8c]W2t2\xccS\xcd\x98\xe2\xa9\xba\x0a\xa5\
\xach\x0b\xaeJ#\xab\xd3q\x15\x12Y\x19\xe6\xaaf\
\x1c\xdf\xb4\x0bWb\xb6&^\x5c\x05\xd9\x8a\x9d8z\
\x0ff\xaff\x1csb&\x09\xa9b\xae\xe0e\x8c\xaa\
Vk^&\xbf\x817\xcf\x0c\xd6\x8c\xe3\x1a\xcdeU\
\xe2,\xe3\x5cV\xa1\xce\x12\xe5\xb2\x84Qa\xf6j\xc6\
\x00{uC\x81\xda\x8a)\xab\x9c\x83W\x15\x198\xd3\
:3Fh\x9d*\xb0\xbb2SR%J\xcc\xdc\xcc\
8)C\x8b&1\xfc9\xdeM\xa1\x82\x9fa\xa6c\
\xc6\xce\x98k\xf0B5y\xa2\xe6A\xc5\xe4\x9a\xa2x\
f\xb3\x0d\xb5\xf5\x83\xeeK[\xb1\xde\x10\x04F\xf5h\
\x18\xb6**\xaa+$\xc03\xcc\xce\xcc\xe8\xb33\xc7\
k\x07\x9c\xccx\xed\x04\x94\x89\x96N@\x19\x9b\x8d\x8a\
\x9d6\xd6\x9b\x1e\x01\xad\xa4\xeew\xaa=\x1d\xb7?\xc9\
\x0b\xb7\xeb\x9d\x05\x85\x17fBfF\x9f\x90\x19n\xa5\
\xff\xe9f\xef\xc3\x0d\xbeD\xe1>D3\xa8\xaa\xac.\
\xb5\xabU\xd5Ebci\x1b\xd5m\x0ds8\x81\x1d\
\x8b\x02\xee9\xe4\x94n,\xae[\x1fG\xdfHT\xe9\
v\xba\xab\xb0/\xb6\xa7\xfa\x14\xd3\x19\xae,e\x0e\xb3\
\x5cYU\xf6\x90\xb0e\xc9\xc62\xdd4\xa3O7=\
9<\x0c\xf3\x86\x18A\xa0\x8c\xf5\xd6\xc2\xad\xac\x8c\xa7\
-\xa9\xc3\xbd\xb5R\xb7\xae\x0a\xf7\x98\xb1\x99\xd1gl\
\xa6\xfeg\xfa\xeb\xe4\x8f\xc3\x1f\xfe\x0d\x01d\xf1k\xa5\
\x04r\xc6b\xc3f\x19\x12\x12\x1d\xcfd\x18\xbc8\x1e\
~\xff:\xb8\xfc&8\xba\x8f\xafi4\x96\xa1]\xc9\
\xb7\xc2,P>\xa4.\x9al\xd0\xce\xd7\xe8\xa8\xb8\x16\
\xa2\xcf\xe6\x0c\xae_\x09v>\x9f|\xb9\xc3\x87\x14M\
\x97Xi\xaa\xcf&_h\xaa\xce\x85\xad\xb4>\x97s\
\xa2\xeb\xb3y\xbd\xf7\xe1c\xf0\xf9|\xe8|T2,\
\xab\xc2\x10\xe4*K\xb9H<\x9c\xc4XV\xcbK\x90\
\x8a[l\xb0-m\x83\xed\xfe\x9f\xec4\xdd\x92\xc2Q\
\xc6\x7f\x047\xc94\xd4\x8c\x01\x1a\xea4\xb9\xf9\xc3\xcb\
\xf9\xaa\xa1\xe7Z*\xcd\xd0s\xf0\xd9\x99\xbe\x991B\
\xdf\x8c\xe9Q\x83'\xd7\x87\xe7\x7f\x82\x0d\xc4\xac\xa7\xb5\
\xa8!&OK\x93_@\xbc\xcb\xec\xcd\x8c>{\xf3\
+\xaa\x05\xf3\xcb\x04\xea\x22\x01S63\x06(\x9b\xa7\
\x02Gy\xc6q&p\xc4\xcc#\x89\x1c)\xf7`\xd6\
fF\x9f\xb5y\xf2\xf9\xe7\xe0\xed\x0flS\xa3\xeb\xb4\
\x5cT\xdb\xd4\x85e\x85IM\xb1\xabK\x99qu\x7f\
\x84~.\x93\x89O\x22\xd89\x86'\x11EY\xa1\x93\
\xcbd\xe2\xb3h\x94Wd\xd5\xc0\x85\xee\xb9\xf8\x17`\
\xa0\x98\xfe\x98\xd1\xa7?N\x06\x8a\xa1\xf0\xde\xb9\xca\x1c\
\xf9\xc0h\xa2\x18P\x993)6\xaf)C\xa1n\xe6\
\xeb\xc6\x0fe\xe6\x8e\x1f\xca\xa8\xc6\x0f\xf9\xcc{\xf4\xb3\
\x06u\x93\xd0BMt\x93\x14F*\x92M\x22#\xe5\
\xf3X@?\xeb\x9bfP($\xac\xa6I\x14J!\
\xab\x98EA\x85r\x9f\xe9\x9b\xbe\x01\xfa\xe6\xa8u\xc1\
;\x99\xf4.T\xbbP\xaa\xa2\xf9\xcc\xde\xf4\xf5\xd9\x9b\
\xa7\xa8]\xbc\x933\xec.\xde\xce\x88\xe0\x85\x1brx\
C\x8e>\xe7\xff\xf8d\xff\xca\x94\xd8\xa3T\x17?|\
*qco\xf2fP\x12\xbf\xdd\x88\xde\x0c\x08\xe2\xfb\
LI\xf5\x0dPR\xf7w\x06\xdf\xfd\x22\xe6\x22\x8e\xb0\
G\x5c\xd7\x0aW_*\xb5DpU\x9e&\xdbR\x95\
\xabTj\x96#\xb2-T\xba|\xe6\xa7\xfa\xfa\xfcT\
\xd1\xcc\xf8_\xff'\xf7\xc3E\x83\xa2\xa1\xd4\xb8\x9a\xfc\
\xa2\x0d\xebO\xf1\xfaS&)m\xb0\x85\x19J\x1bn\
#f\xb4\xd1\x1e\x98\xd6\xe9\x1b\xa0u\x8e.\xd7<q\
\x83\xc9\xcd\x9a\xabn\x10\xde*\xb5\xbc\x81\xcf\xfcN_\
\x9f\xdf\x19|:\xec=\xbe\xa5\xdc\x8c\xe8&-\xe4\xe6\
x\xc9\xea\x82r\x0b\xecU\xf4i\x9e\xff\xef\xff\xcd\x15\
\xd3\x7f\xaf\xa9J\xa5\xf1_!8an\xa4\xaf\xcf\x8d\
\x0c\xd3\xa70\xec\x8dsYW\x81rY*\xc6\x81\xef\
(\xa5u\x95H\x97\xa5\x85\x85\xb8\x8d\x8c\xaf\x83M\xaf\
\xfe\xe4\xca\xe0\xe6\xb5pC\xd1n\x10\xd0=\xd9\x8b\x9b\
R\x22\xba\x17\xe2\xbf\xd3\xd9\xb0\xa5\xd5'{N\x9f\xcd\
\x9c\x04w\xf6p\xe6$\xbb\xe1\xe1(\xdf\x08[_}\
\xde\xa7\xe4\xbeI\xfb\xb0\xd2\xfb\xc6m\xd9\xf1\x85\x83\xde\
\xac\xefc-[\xfc\xc9H\x84?\x9e\x9d\x0d\xd0\xaa$\
`\x19\x8f\xd0VA\xab\xda\x8b\xd1\x14m\x80V\xf9>\
;\x17_\xbf(\xf4\xf1Ex8\xd3a\x0bQ;\xa2\
v\xdcL\xc8\xa2\xe0xt\xe2\x98\x85R0f\xec\xfa\
F\xe6\x8eN\xd0\xba\x08\xa9\x8c\xefZR-Ra*\
\x17\xa2z\x11\x81*}\xe6\xef\xfa\x06\xf8\xbb\x91\xeb\x1f\
\x83\x96\xc0\xc0\xc5~\x7f\x04XB\xebV*u\x14\xcd\
^\x9f\xd9\xbc\xbe>\x9bw\x02\x1f\x93CI&\x09\x18\
\xa3H\xa2\xf4\x0b@$>\xd3x}\x034\xdeQ\xf5\
w\x1a\x05\xde{\xb7\xdb{z\xb3\x7f\xfb\x89\xaa\x12<\
\xc1\x837s\x95|\xae\xb2\xd6\x02=\xbc\x18\x16\xde\x0c\
\xff]\xbe=6\xd3\x06\x86Fn\x1d\x86\xd9\xfe\xc9\xe1\
\xa1\x0a\xbe\xb1ZY+\xce\x83p\xac\xaeq\x83\xd1\xe7\
\xb9\x91\xbe\xfe\xdc\xc8\xde\xe5\xe3\xb1\x08:\xbc\x92\xc8E\
\x8e\xe4\xcf\xf1\x91,F\xb7\x8c\xde\x083J}\xcf7\
\xf3F&\xa4\x95\x8b\xefem\x86\xe4\xa5L\x18+\xe1\
c\x01\xb4ea!\x22\xac\xb4;\xb0\x19\xb6\x5c&\x08\
\xa6\x17{\xfb\xfb\x9c\x05\xd7\xfe\xdd\x89VOioM\
\x01\xee\xf0\x99\xe3\xe8\xebs\x1c{\xf7v'\x13~\xe4\
\xd6*\xfc\xe4\x93!?l\xb0\xda\x0b\x0ai&\x9f\xf9\
\x81\xbe\x81a\x8a\xd3\x9b\xc0.\xc3\xf4\xa4\x22\xea0,\
(\xc0M>\x0fP\xf4\xbd\x94\xa1:\xe4\x85\x17\xc1\xe1\
G\x11h\xbd\xdb\x0d\xff\x07\x14!\xc5!,\xc5QI\
S\xb4=A=\xa1\xba$~\xb0$\xdf\x0cS\x03}\
}j`\xacq9x\xffz\xb8\xa1\xe0\xbb\xc7J\x97\
\xdd\xb2\xd8\xd3\x1c\xe9\xf0Z\xb7\xa6H\xb9\x98\x1f\xe8\xbb\
\xbe\xb9\x82\xaa|\xb2\xc9\xb43\xc7\x99&\xb17\x87\x90\
\x97\xb9t\xbek0\x16\x91\xb7J\xa6\x80\xec\xd8*Q\
\xcdY\xf2\x99L\xe7\xbb\xb6I]\x94\xfe\xddw'\xfb\
\x1b\x83\x9b{`\xa4\xa6\xd4Q\x04\x88:\x0c\xdbk\x95\
\x08\xb0\x8b*)\x8d\xf5\x1a\xdd(6W\xfa\x1c\xbbq\
\x89k\x1c`Q\x162.q%\x91\x95\x22\x07)5\
\xa3\xa0\x8ar\x10\xe6\xda\xf9\x06\xb8v\xd1\x86\xe2\xdd\xa8\
4\x9f\xe3\xfd\x88\xbd\xcc\x95~.\x95\x96\xaa*\xedg\
\x9fIj~\xda,\xb5Y5\x1c}\x0c\x07\xc7\xe9\xe8\
m\x95kg\x8e\x9a\xaf\xcfQ\x1b\xbe|\x18\x1e\xccT\
\x10/\xadF\x88\xa6C\xa94I\x0e\xb9\x10\xd1.-\
) \xe2>\xb3\xd5|}\xb6\xda\xb8\x84\x0a\xee}R\
?E\xdf^U`\x07|\xa6\xa7\xf9\x06\x86\x10\x1e\xdc\
\x0b\xae\xddW\xcd)\x8b\xa5\x90pH\x99B?\xdcg\
*\x9a\x9f6$>:u\x85\xe4\xeb\x1f\x91h\x93+\
\x84\xfbh,UU;a\x9b\xab\xcfJ;\xbd\x13\x98\
\x02rj'\x8aI K\x0a\xe6\x81\xcf\xfc4?\x9d\
2\xbd\x15\xb9\x18\xfa\xe9\xad\xb0\x16z\xb2\x17\x10C\xf7\
\x99\xa7\xe6\x1b\x98\xa38%\xaaJ\xd2BS\xa2\xaa\x0a\
q\xa1\xaaB3\xcfgj\x9a\xafOM\x9b\xde\x83\xb2\
R2\xbd\x9395\x92x;\x5c!ar\x97\xafO\
\xee:E\xa7E\x91\x92Y:\xadJ\xa5$f\xd3R\
\xad\x84\x99]\xbe>\xb3+\x8eM\xc6\xadweQq\
\x1a\xab\x82e\xc5\x18\xabB[ak\xec\xd8\x86k\xf1\
\x90U\x9d\xae\xc5cR\x95\x14\xe2)\xa9b\xca\x97\xaf\
O\xf9\xea?}\x17\x5c\xbb\xc7\x9b\x08/W\xb8n\xd5\
\xea\x1b\xaa\x0e53\xbf|}\xe6W\xb0\xfdWx\x06\
\xec\x0eC\xa7Q\xa8('\x82T\x0b\x0a7\xc8\xa3\xfa\
|;kL-F\x09\xab\x99\xe9{\xa8@5q\xdf\
\x0315\xccd\xf3\x0d0\xd9\xb6^\xf7\x0f\x8f'\x98\
\x1ayx\xdb\xcdU\xda\x95\xe9\x09\xaa\x1c\xdfv\xe3\x09\
\xaa\x14\xdf\xdalrm\xcfXJ8\xfc\xed\x810W\
\x17\x14Z\xef\x93\xac\xb0\x94[)\xcd\x91\x0c\x0c\xf3\xc2\
\xd0d)\x9e\x0a\xb3\xde|\xdb5\x8d{\x92\xb3\xe9%\
\xb8'&\xd5'\xc0'`\xd5\xfb<\x9c\xd0\xb7\x1d3\
\x80\xecq\xcd\x9a\x1f\x90\x88\xb9&5k\xd5\x0bZ\xaa\
FUk~Bl\x85m\xb3SD\xe4\xd2\xd1\xa7G\
\x88\xb0v\xf4x\x84\x08\x9d\x0c\xdbd\x03\x03\x0a#\xc4\
`\x02\x17\x94\x97N\x13\xac`\x8c\x14\xe4\xb2i\xb7\xbe\
\xa0\xa8\x9a2o\xcc\xd7\xe7\x8dM\xc4\x8a\xe4\xf8\xc0\x91\
F\x11\x82\x02#\x85\x22\x82\x04\xf2pB\xdf\xca\x18n\
\xdd\xd2\x06fZ\xb7\xbc\x8d\xb8u\x8b\x1b\xe1\xa2\x89\xa5\
]4\x89\xf1\x7f\x90\x8a\xc4\xd0>NB\x92\xbfCl\
\xc8\x0c=\xdf\xf2L>e\x10\xed:\xf5\x94Q\xb5k\
\xf4\x90A\xb6\xcb\xe7\xb9\x8a\xbe\xfe\x5c\xc5\xfe\xeb\xf3\xc1\
\xd6\xd39\x88\xf2fk\x0e\x9c\xbc\xa9\x02\x011\xfd\xce\
\xd7\xa7\xdf\x8d\xd7\x0fe\xc3d\xf1T.\x8cVN\xd5\
B&\xdd\xf9\x969P\xafJcs\x12z\xa856\
\xc3\xa8C\xa5\xb1\xe93\xe1\xce\xb7,\xc3;\x99\x17D\
\xa9\xe1~\xa3\x9dP\xf8\xc4#\x14}\xfd\x11\x8a3\xa3\
\x98\xe4\xb1\xd3\xcc\x08#\x8e\x9a\xe2\x09F\x1441\x11\
\xcfOe\x8c\xcd\xbbS\xf2k\xc7S\xef\x14\xc4\xdah\
\xec\x1d\xd2j}\xe6\xe2\xf9\x06&)\x8e\xf0\x16`\x5c\
\xa7F\xcd\x83Y\x8d\xf9\x14`S\x99\x87\xe7\xa7\xcc\xfb\
\x86\xcd\xaf\xf0\x0dR\xcf<v\x0d\xe0\x9ay\xf6\xa0\x9f\
2\x0bU\x90\xd7\xa4f\xba\xfc\x8a\x82T\xdc\xe7\xa7z\
\x14S\xd7|}\xea\xda\xccd2y\x9bl\xe6M\xab\
\x9ad\xf1\xab\xa6\x0e\x19s\xd8\xfc\x94)\xb0k\xa4\x05\
0\x07\xe7\x9a\xc8\x00\xa8\x10\xae]\xce\xbb=\x9e<\xe8\
\xe9O\x1e\x8ck\xe9S\xc4\x1ci\x8f|\x5cK\x9fJ\
P\xb1Y^N\x12T\xdaN\x86\xb7\xa3ok\xff\xdc\
\x1e>{\xca\x01l\x04\xb4h\xcc\xd1\xe9\xaf)*\xe9\
\x1es\xf1<}.^\xff\xe9\xbb\xde\x9f\x07\xbc\xfcp\
\xe51\x8e\x8a\x17\xdf\xe8\xa8\x16\xef\xf1\xe2\xf5\x89w\x87\
\xefz\xd76\x94\x91k=\x99\xa0\xad\x08]\xeb]E\
\xe8\xea1\xeb\xce\xd3g\xdd\x09B\xd7\xf1/\xdc\x1ck\
FsQ\x95j\x5c\xcd67\xc5<\xe6\xa4y\xfa\x9c\
\xb4\xb1\xea\xe4\xc9\xfe\xd6\xe0\xfd\xafJ\xd5\xc9B\xb8\x91\
\x05\xf9<\xbbUn\x84yL=\xf3\xb2\x86\x82\xd6y\
\xb3\x81\xe3\xa8\xf5+&\x04\x97J\xaa\x19\xc1\x1e\xb3\xd0\
\xbc\xac\xa1\xf9W\xfd\xa7\xc7\x09\xb7\x03f%\x8a)3\
KcR\x87r\x5cbc\xa9\xc3~\xce\xe3y\x89^\
&k\x8c\xe1\xcc\xf0\x89\xb9\x85eUY\xd9c2\x9d\
g\x80L\x17\xb9\xb7\x19\x9a\xa6<\xfe\x1b{\xb8S\xa5\
\x7fy\x18Xn$\x85\xff\x1c\xec\x89\x9d\x84>\x9b\xee\
\xe4\xf0\xa7\xe0\xf9\xdb\xfe\x9fG\xc3\xf3\x9b\x8aAe\xa2\
\xbd*\x00y\xed\xf8\xcd+\xe6\x955\xa3\x19\x84x>\
\xec3\xf4iu\xff\x9cGr\xcc\xcd\xe56\xe6\xd4\xcc\
F\x8fg(z\xfa3\x14\x85\xe8s\xf0\xeb\x93\xe0\xb3\
\x02L/~\xd3\x8dH\xda\x09b\x95\xc3\xf2\xe8\xa7\x0a\
\xdd_\x8f\xb9u\x9e\x01n\xdd\x88\xf7\x10C\xd8\xe4h\
\xcf)\xb6CT\x17P`>\x17:\xf9\xf8'd\xb7\
\xd8\x9fd,\xb3\x9bQ\x89\x96LmF\xa1\x5c\x92\xec\
\x85\x22+&\xd6y\x99\x949\xa9\xf2\xf1]\x03\xa72\
+X>}\xebT\xfe%\x16/\x8f.\x1e\xf9\x18\xe6\
\xd8y\xfa\x1c;\xc9\xfep./\xed\x8fG\xf4N6\
\x07\xd58\x8f)w\x9e>\xe5\xce\x9d\xde\x15\xa8`\xcd\
n\x05\xf5\xb0\x92m\xe4\xe9\x8c\xd8\xeb\xe8\xd3\xec$g\
\x04P\x12>#\x04\x95L\x9d\x11\x00K<&\xdey\
\xbe95\xe7\xc9I\xa9@\xaf\x91\xc1\x98\xde\x18\x82_\
;\xf9hSP\xd0\xf6\x98\x84\xe7\xf9\xee7\xd8\x94<\
\xaf\x81Ma\x923\xda\x15\xd9u&\xe7y\xfa\xe4\xbc\
\xde\x9fo{\x1f\xf7\x1c\x95vP\xb9%\x229g\x8e\
nP\xb9\xe1\xa8t\x83<\x9e\xae\xe9\xf9\xb6\xc1\xa8\x1a\
\xc4dGQ5\xaa\xc8.\xaa,\x01{V\xfd\xf1\x99\
\xfd\xd7\xe7\xc3\x0cg2\xa7\x980\x0da\x823\x99S\
\xccp\x86\x18\xe9G\x89\x1a3!=\x03L\xc8\xe8\x14\
F\xfd\x1e`\x0e'G1\xea\xf7 q\xb8\xbd\x18\xff\
\x04\x98\xc3\x1eO\xd6\xf4\xf4'k\xf6?\x1d\x8b\x94\xf3\
\xee\x87\xe0\xca#\xf6\x9e\xb5\x7f7\x8a\x02\x99US\xe2\
\xc4k\x8d\x82\x82\x04\xe61)\xd230f3\xe2\xa7\
\xf7v\xae\xf7\xb6\x14Q@LN_nU\x95\xfb(\
u\x96\xab\xaa}\xb0C\xf1\x0c\x0c%{><\xff\xd3\
\xe0\xf8\xd6\xe0\xe8\x0e\xf7\xe0B\x0b\xbb\x22\x8aJ\x9dV\
\xf2L\xb0\x0bWm\xc6\xa3\x99\xdb\xb0\x17\xf6#\x06\xe6\
o\x8e\x04U\xe7\x0dX\x1b\xc9\xaa~\xcdx\xb5|\xa1\
\xa9\x1a\xaf\xe61\xe7\xd33\xc0\xf9\xdc:\x0c\x0e\xaf\xa8\
\xce%v\x89\xca\x13YP\x9d\x07\xfb\x0e\xfd\xb9\x96\xe1\
\xdd\x0a/\x96j\xccAn%\xbcQ\xeaQ\x07\x8ai\
\x83\x1eSU=}\xaaj\x92\xf1C(\x92$\xf3\x18\
z\x8c\xfe\x0e~\x8f\x09\xaa\x9e>AuR\xdfF\xd8\
\xdb\xa8\xbe\xad\x02\xbcE\x05n\x82\xbby<|\xd33\
0|3\xdc\xc1\xbd\x9d\xc1\xd1Qp\xf1jRx\x91\
\xa7\x91\xf5\x5c\xa3R\xc8-\x15\xe3\xaf\xadJ\x1d\xeb\x8d\
\xc2R\xf2+8\x13\xe6\xd9z\xfa<\xdb\xde\x8f\xbb\xc1\
\x1f\xf7\xc7\x92\xf6\xd8\xdcmu+cQ{\xee\xedF\
\xa2\xf6T\xd3c\x8e\xadg\x80c{\xef\xb7\xc1U\x15\
\x07\xa4\xb2\x1c\xf7t\x15\x04\x10\x85\xb6\xaa\xc7\x138=\
\xfd\x09\x9c\xe3\x90\xbcw\xf9\xd6\xf0\xc7X\x97\x7f#\xd8\
\xfe\x8b\x03\xf3\x88\x89\xd3MFx\xadG\xe3 )B\
\x8fZ\xa3\xebU\xd8\x16\xfb=}\xe2p\xef\xe7\x8d\xde\
\xc3mW5\x1f.\x1f\x1e\xca\xb9\x96\xab\x1e\x0d\x97?\
\xe7\xaa&\xc3y.\xbb:\xd71\x00\xe7K&\x14a\
\x80[l\x94\xe2LH\x15\xddN~D\xf1-\xd3\xa0\
=\x034\xe8\xa8\xa5\xa2\x96'\x15\xfd\x94y\xc2\xa4\x0d\
\xa5\xede\xbf\xa7\xcfy\x16\x92\xc3\x9f\xcf'x\x01\x84\
\xb7.\xe5*\xa3\xa1\x01\x08\x0e]\xea26\xd4c\x9a\
\xb3\xa7Os\x9e\xd9\x83<q\x9d\xd9\x03\xe5\xae\xf1\x16\
(y\xe5I\xa2^:kv\x0b7\xe6\x1e\x039\x8b\
x\x0b\xe4+\x98\xd6\xec\xa5\x8dT\xe2b}(\x85t\
rg\x8e\xb7\xe8\xaa`\x02\xccd\xf6\xf4\x99\xcccW\
\x07%\xb6\xb1\xab\xa3\xa2Z\xe4\xe8\xa8\xa2\xc6<fO\
\x9f\xc7<Y:\xcd\x8eZ\x9e7;jY\x91\x912\
\x93\xd9\xd3g2\xcfH\xa3\xca\x19\xb33\xd2\xa8L\x97\
\x8d\xb5Q\x09$\xc0$fO\x9f\xc4<\xbd\x09\x08]\
g6\xa1\x8a\x5c\xe3mP\xd4\xca\x04f/mN\xa6\
v^F=\xd9\xcc\xd7\xe4\xd4\xe1\x8e\x9495\x13\x99\
=\x03\x037g\xa4w\xa5\x89\xe9\xcc\xd1pn\x1a\x1f\
\x0c%\xa7\xccd\xf6\xf4\x99\xcc\xc3\xdf\x1e\xf4\x7f\xdb\x19\
<\xbb\x18<\xdf\xe0$\xb5\x94[)\xb4\xc4^D\x8d\
 V.\xc0\x84\xb5T\xe8\xe6\x15\x09+\x8f\xdc\xf4\xf4\
Gn\x9e\x1a?\x01\xc0\xa03\xe3'\x18\x1d\x94\xcc\x9f\
\xa0\xa7\xcf\x9cl\xcf\xf1\x0ck\xc68\xa9y \xa1\x91\
j\x8c\x93\x9a\x03\x14j.U\xe3\xdf\xd0\xb3aoh\
`\xee\xe6\xd3\xc3\xe0\xd3\xa1\xaa\x14U\xad\x8c`\xd5P\
\x88\xaa*r\x0b\x87\xdd\xa1\xe3\x18\x9d\xa0\xcd\x10\x8e3\
C\xb4\x15`\x8e\xf1\x18m\x84s0\xc1\xdc\xd3'\x98\
O\x17H8@\x1cUG\x14\xe1\xa1(\x8b(\xe2C\
\xa6\x96{\x8e\xa9\x0a\x1b\xf8\xc7\xdc\xfc\x9aNN]\xd0\
an\xb9\xa7\xcf-\x1f-\x1e\xd3\xbc\xdc\x08\xa0\xcfY\
\xde\xe8'\x94\xe71\xc1\xdc\xb3\xb3f\xc7\xca\xcbC\xdc\
3/\x82B\xdd\xf1s\xa0p\x97\x09\xe6\x9e\x01\x82\xf9\
\xa3/\xe1V\xecx+P\xd2\x09\xd7\x1dm\xc4\x8e\xd7\
\x89\xb5\x9cRw\xf4\x0b(\xe5\xf0\xe0TO\x7fp\xea\
?-U\x15g|\xa5\xc0\xc2\x8e\xfe\x0e6\x96\x09\xe4\
\x9e\x01\x02\xf9\xa9\xc6\x9e<\x22\x99i\xeca,\x924\
\xf6(\x16a\xe6\xb8\xa7\xcf\x1c\x0f\xf3\x8d\xde\xfe\xe3\xb8\
P\x1bl]\xe6\x02B\x94utZq\xb56\xc1+\
S\x1da\xa1S\xad\xaa\x001<J\xd5\xb3m\x93\x12\
i\x10Z\x9d\x92H\xe3\xc0*\x16I\xa3\xb8\x8a)\xf0\
\x9e>\x05>\x99\xf7!Ohc>/f\xb3\xc9\x9f\
!\x9de\xbe\xbbgpZ\xea\xb8\xe6\x0c\x8f{ff\
\xeaL\xdd\x19\xdf{4;uA!\x0d\xe31\x0b\xde\
3\xc0\x82\x1f\x87\x84$\xf5V\x1d\x8d\xf6\x22\xa57U\
\xdf\x9bi\xf0\x9e>\x0d>\xb8\xb8y\xf2\xf9\xa6\xaa\xb6\
&XC-UamQ\x1171\xf3\xdd\xb3|c\
W\xea\xe4\xd3\xc7\xe0\xfc\xe7\xaf\xbcR\xe1Y\x8cz~\
\xaa\xebTU^'N\x9c\xf4\x89\xf1\xc1\xa5\xad\xfe\xe6\
+V7\x16\x83\xb7\x97[Je\xe3\xfa2\x0b\x1b{\
\xcc\x86\xf7\xf4\xd9\xf0\x89\xd4[\xf8\x9f\xcd7\xf3\x84\x1c\
\xc7\x10\xfe\xe8\x1f\xeb\xad\xb9z\x8e\xe5Fc]\xa5\xe8\
\xe81Q\xde\xd3'\xca\x87g\xd1\xbb\xb0\x13>\x92\xe0\
\xe2k\xf6\xec\xe1\x81\x08u\x98\xc4\x11\xa2ko\xb7s\
*D\x1e\x13\xe7=\x03\xc4\xf9\xe9>\x99\xdcdM\xf7\
\xc9\xd0j\x8d\xfadh\xb8\xd8\x0d\xeas\xe6'\x11\x16\
\xab\x04\xd7\xe6\x88\x04\xd7\x14\xacG\x1eW\xebY\xe6\x9c\
\xe1\x04\x1e.\x07\xef\xcfX\xaeY\xac'\xa2\xf8#\xf3\
\xa5\xc4{\xb2\x04\x80\xa7/\x010\xf6(0\x87w\xe2\
Qh\x06o\xe4Q`\x04\xaf\xc7\xcc\x7f\xcf\x00\xf3\xff\
\x14R\x92fu\xce %y^g\x82\x94\x84\x1b\xc6\
\xec\x7f/e\xc27\xf6^~7\xc3\xa3\x92\xdb\xab\xe8\
\x86\x95r\x95\x19\x1a\x15\x9a\xadn)\xe6Q\xe1\xcdb\
\xc7\xa8\xaf\x0ap6\x84\xfc\x9a\x1a\xd6\xe9(RY\xcc\
\x1a\xc5\x91X\xcd\xe2\x91\xbd\x9e\x81\x91\xbdS\x87\xc6\xd7\
o\xf6\xc4\x947\xb0\x9b\x90*\xe9\x06\xb2\xbbL9\x86\
\x07f\x01\xd7J2-KA\xb7J\xa6e\x11\xd9*\
\xc5^3e\x1b8\x9c\xd0Y\xfeS5'+>\x99\
\xd6Jn\xce\x80\xacn)\xa7\x9a\x8f\xe5\xb1\x9c\x83\xa7\
/\xe7\xf0O\x95\xc8LN\xad-\x93S)\xcbx,\
\xdf\xe0\x19\x96o\x90\x9b\xb2S\xf2\x0dh\xc4b\xf5\x06\
0a.\xab7\xb8\xfa\xea\x0d\xe31\xd0\xdc\xdbI\xc6\
@+\x9a:\xe7\xb8\xf4\xe0\xb2\xda\x81\x9b\xf5\x8d\x11T\
\xbe\xc2\x00OqT\xbe\xd6\xfc.t\xf2J\xe3\xeb\xb2\
\x1a\x82\xab\xaf\x860y\x17\x12\xb1\x9c\xf1\xbb\x90+\xe5\
$\x7f\xce\xc3\xb2]^\xb6k\xc6)&\x8b\x97\xc3\x04\
&\xbe0^'#\x05\xba\xdd\xe4\x17t\xbb\x1c\xde\x89\
ct'r\xc0\xd5\xe9\x9d \xe6j\xb4\x11@]\xb9\
\xac\xec\xe0\xea+;\xfcS5\xed2\xa7\x1eq\x99S\
M\xb8tY\xd0\xc1\xcd\x9ar\x0c\xf2\x0eH\xbc.j\
{$\x7f-\xc1\xaaS\xbcjm\xbf0\xf8\xb2s\xf2\
\xe9/e\x07j\xad\x1559\xeas\xbaPkUE\
\x0f\xcae\xcd\x067\x935\xa68Fr>c\xfd\x0c\
\x16\xf1Q\x04z.K6\xb8\xfa\x92\x0dc\x0d\x1c\xc8\
a\xc7\x1a8\x8a\x9c5\x12\xc1!\x8f\xcc\xe2\x0c\xae\xbe\
8\xc3X\x80\x08>\xfd\x94\x00\x11\x7f\xfcZC\xf5\xf1\
\xd9k\xe9\xeb1\xc4:\xfe\x09\xf9\x8a\xe8%\x8d\xe8\x01\
\xa8\xf9%\x0dE]\xcd\xe5\xa9\xc7\xae\xfe\xd4\xe3\x89\x8a\
\x8f\xdc\xf4LT|\xc8\xfcD\x22>d}X\x81\xc1\
5\xa0\xc00\xa2Zq\x7flD\xb2R\xb4\xc5\xf2\x85\
&7\xc5\x5cV]p\x0d\x8c5\x1eY\x1eb\x00\x8c\
,\x0f\x83\xfek\xdc$v\x99\xa8\xef\xea\x13\xf5c\x95\
\xc0\x93\xfdO#\xd1\x08x\x00c\xa9\xc0n\xb95\x12\
\x8e\xe0\x97\xd0\xe8v\xf3\xaa\xec\xcce\xd6\xbe\xab\xcf\xda\
\xef\x1f\xdd\x08\xdf\x80\xab\x86T,\x17+\xe1Cp\xe7\
\xc1*\x96\x13\xa5Pri\xcc\xd0w}\xb3\x12\x8er\
\xd3zJ\xc2\x91\xcd\xebH\xc4\x91,,\xb3\xf2]\x83\
\xac|;\xa5\x08\xeb\xa6\xd2\x1d;\xa5\x8c\xf0\xc2,'\
\xf9\x05\x04y\xcc\xc6w\x0d\x8e\xca\xb5U\x00\x8b3\xbb\
\xc1\x8a\xc0x7P\x14p\x99\x95\xef\xfa\xb6\xe1\xdd|\
U6j\xcf\x83\xb4M\x0e\x88\xf2Pf\xeb\xbb\xbee\
\xfa\x84\xe6\xeaZ\xd8JD\xd2x7\xe4\x1f\x99\xb0\xef\
\xfa)c \xd0i\xf0\x05\x1b\xb6\x09\x10\xf4\x14\x12C\
e\xe6J\xa5f\x0c\xc7@C\xc7L~W\x9f\xc9?\
\xad\x83w\xf2\xe5F\xef\xdd\xaf\x1c\x0aO\xab\xe1\x15*\
\xf9\x15uP,$\xf1\x0a\x0a0\xb2\xcb#\x9b]\xcf\
\x90@\xfe\xac\x12\x9b\x9cA\x14oj\xba\x7f\x80<\xa2\
\xa4}@\xa1\x0eK\x15\xb8\xfaR\x05\x89\xe2\xff\xd4E\
T\x8eV:u\x03\x15\xf3\x95\xe2\xdbG\xe6\x9ce\x0b\
\x5c}\xd9\x82\xe0\xbb\xd7\x83\xef\xbfL\x06\xbe\xaa\x0c\xa0\
\x00\x8dOf\xa7\xaa\x0c`=\x1e\xb2M\xe6\x8f\xc5\x0b\
\x5c}\xf1\x82\xde\x9e\x18\x8a1|\xf4\xd7\xf0\xfb\xd7I\
b\x8f\x9bZ\xad,\x94\x8bbdj\xbe\x95\xe4\xf7\x8a\
]\xad.\xd4\xf2U\xe5\xb6\xd8\xefz\x06G\xd4\x7f\xfa\
\xfcU~\xb7\xbb\xa2\xc6<\x09M\x1f\x85\xdbeA\x03\
W_\xd0`\xf8\xe9?\xc3\x8d\xdb\xe1cRLJ\x16\
\x1b\x11\xb6M\xa9\x92Q\xae\x96T{`7\xab/k\
\x10\x1c}\x0c\xfd*7\x13\x0a\xc5\xd0\x9f\xaa\xba\x08\x85\
\x92\xca2\xb3S\xd5\xd75\x187\x11\xc0\xcbL\x9a\x08\
\x0a\xe7\x12u\x11h\xf9,j\xe0\xea\x8b\x1a\x081\x8f\
\x87\xafO\x0e\x15\xb0\x87je\xb5\xb2V\x9c\xb3\x83\xea\
\xea\x9aj\x0b\xec\x1b\xf5U\x0c\xc6i\xff`\xfb(f\
\x1e\xb1\x91\x1a\xe5\xffa\xb6\x93/\xce\xb1\xbc\xf9B\xb3\
\x91W\xd9(\xd64p\xf55\x0db\xecV<\xd6\xfd\
+&\x8evF\xb2\xf5\x8a\x99\xa3\x9d\x9a\xea\x88\xd83\
\xba\x86\xc0\x02\xf6\x8cD\xe1\xbc\xa6\x82}J\xfeN\xd1\
^\xb0G\xf2w\xd4a`\xa5\x03\xd7u\xbf\xc1\xe6\xe6\
j\xfb\xd9_\xaf\xedg\xcf\xd1\xf6sY\x01\xc1u\x9d\
o\xb0\xb9\xde\x87\x8fa\xba\x10\xa6\x11\x7fc\x7f\xe5\x5c\
e1J%\xd4[,/6a\x8f\xecA]\xfb[\
\xecq\x9e@\xa8\xfd\xb7\x04B\xed9\x02\xa1.\x8b'\
\xb8\x06\x06\xc6O\xd9xDE\x8fl<\xc3\xa2#\x0b\
_\xa2\x03b\x1f\xab\xaf\x9c0\x9d\xf7@\xaf~&\xe3\
\xe1v}\x9c\xf1PG\x95\xb5\x13\xdc\xb4\xa1\xb6\xd28\
)\x05\x08\xceL:\xaa\x00\xdf$\xc9(\x80o\x5c\x96\
Pp\xf5%\x14N\xef\x04\x82\xce\xe9\x9dp\xd0\x19\xef\
\x83\xa2\xce4{\xa5\xb4\xfe\xa0\xe2G\x97z\x97o\x85\
\xf9\xda\xe0\xe3\x8e\xeaiD\x0d\xfa\x08\xc2\xdaRO\x88\
W)\xff\xb9,\x0b\xe1\xa6M!\xbdO\xd5=0\x0c\
\x9a\xe8\xb5O\x1f\x92\x22\x16\x12\x92\xed\x05e0\xc4\xd2\
\x11\xae\xbet\xc4\x0c\x97\x8ex\xcb\xb3\x5c:\x05gy\
D\xa6\x03\xca\xb2\xcbJ\x12\xae\xbe\x92D\xb8\xfa\xfe\xeb\
\xab\xa1I\xee\xfd\xba\xcb(\x91RTu+\x8a\xac\xad\
]Q\x0bJ\x94\x16\x22\x01z\xb4i\xecY\xd2\x96\xe1\
D\x1a\xdaVg\x13i\xec_%\x894u\xb0XW\
\xc2\xd5\xd7\x9589\x16\xf5\xa89\xb3\x03\xebcmC\
\xd5\x00Ae\xc5\x86\x85$\x5c}!\x89\xf1&\x10.\
=\xd9\x81\x02,\xbd\xa0h\xf0\xb0\x86\x84\xab\xaf!1\
Y?\x0d@\x9c\xac\x1f\xa7 .(*\xec\xac\x19\xe1\
\xeakFLV/\xf7%\xb3_\x1f\xfcH\xfc\xf1\xc1\
\x8b\xb0J\x84\xeb\x18L\xd3\x94\x8d\x81\xd9(xNC\
\xa0;\xb2\xb6\xd8\x10`\x85\x08\xd7q\x8dnI\x85\xba\
\x9f\xde\x0f#\xeeG\x9b\xa1,\x9a\x15#\x5c\xc71\xbb\
\x17y\xfd\xff\xcc^\xa8\xfa?\xde\x0a\x95\xffY*\xc2\
ul\xb37\xed+\x88\x03\xf6W\x88_\xd8j\xf1\x0b\
\x97u#\x5c}\xdd\x88S\x87\xc3\x90\xf4\xe9\xed(P\
\xe9\xa3\xdd\x10\xf0\x81u$\x5c'e\xb4*\x88\xa73\
I\x1a\x15\xc7\x12\xa7\x8dx&\xac&\xe1\xea\xabI\xc4\
\xdc\xba\xb1Z<\xd47cz\xddD3^Q\xe5\xcc\
\x9f\x8b\x84\xe3\xe9\xf5\xb3\x9e\x84kDO\xe2\xe4\xf3\x85\
\xde\xdd\x83\xe1\xe37\xec\x1f\xa3!\xdf\xa5\x5c\xa5TT\
8\xc8\xd2j\xa9\xa4p\x91,&\xe1\xda\x06\xe6/\xdd\
\x8ear\x1c\xa3tZ\xf5\x18&\xa7\x8cQ\x94|.\
\xd7f?i{F\x0b*r\x9f2]4\x07g\xa2\
.\x99\xb3.\x86k@\x17\xe3T\x06/\xbfK3\xc9\
!\xdd\xa5$/\xc4\xbb\xc4\x0e\xd1v\xccK\xe7b\x03\
L&\x9d\xcbE\x89\xb1t.\xd5%XT\xc2\xb5-\
\xb3\xd9.\xaa\x9dN;\x12\xd6;\x1d\xf9\x11*\x8d\xb3\
\xce\x84k\x1b\x1a\x111O\xa7/1\xbd_#\xd2\xd7\
^Ti\xf4\xb9\xac,\xe1Z\x86\xb0%\xb1\x19\x9e7\
\xe3<2\xc3\xea\x11\xe7%\xc5L%\x97e&\x5c}\
\x99\x89\xc4-\xfey\xd0\xdb\xbd\xcb\x16,v\x8b\x9d\x95\
\xd6\xaa\x92\xbf\x95?\xd7Q\xb0\x9b]\xd6\x9cpMi\
Nd\xfeN\xe3%\xf3\xd5}\x97\xcc\x9c\xb6\x0b\xcbN\
\xb8\x06d'\xce\xf44I\x1b\xe0tC\x93\x05\x02\x92\
v&^9v8\xfaJ\x14\xf1\xab\x19\xe3\x9b\x87\x07\
7{\x9b\xbf\xcb\x83\x971\xc8Y\xc8\xefv\xe4\xd1q\
i5\x02:\x9f#3\xc0NG_y\xe2\xec\x18\x00\
\xa8\xe1\xcd\x8e\x01\xe0\x02\xded\x08\x00\xd5\xf0X\x80\xc2\
5 @\x11a|8\x1a\x8bp=\xcaHlUU\
-b\xdd\x09W_wb\xc2V\x00\xcd\xd41[A\
!\x98\xaa\x18\xdf\xe9\xb2\xf0\x84\xab/<1\x0e_\xe6\
I\xe6\x8c\xc3\x97\xf9r9Q\xe8\xa2\x92\xcbqYo\
\xc2Me\xcdL\xf9\x18k\xcd@\xc6\x15\x0d\xfaH\x04\
f\x14\xd9V\xbd\x1b\xe9\xcb\x90ka\xf1\x09\xd7\x80\xf8\
D$\x9a\x13\x5c\xfb\x14\x83\x13q4F\xa4\x95\xd3\xa9\
\x8c\x80\xb10\x1bc\xbd\xd3a]&\x97\xb5'\x5c}\
\xed\x89\xc9\x13\x91?\xef\xc9\x13\xe1\x07\x1e=\x11z\xe0\
\xac2\xe1\xa6<\xf3\x90\xe5\x09\x22\x06\x12`)jy\
\x0c\x8f\xc1\x948\xc2-G\x08\x19JeXm\xc2M\
\xb9fc~\x9c\x0e\xf05\x95\xbd\xd2\xbc\xca\x1e+3\
\xb8)CzF\xa75\xa7T!\xe6\xac\xe0\x94\x22\xd0\
L\xf4\xa6\xd0\x1e\xb0\xa7IY\xc6\xc6\x17\xc1VF\xb3\
\x8bp\xf9u\x95\xcc\x01\x8b5\xb8)s\xfaF_#\
\xa9\xea\xceQTuU\xf4\x854\xef#mVt\x02\
\x1c\xcb\x19\xd1\x09\xf4-J\xd9\x09\x87e'\x1c}\xd9\
\x89\xfe\x8d\xdd\xe1\xc6\xed\xde\x87\x0b\xaa>\x91h\x90\xd6\
k\x15%\xe0\xa0]U\xe0\x0d\x9cl\x86\xf7`\xa2M\
\xd7\xbf\xfb:\x11\x00\x91#Y\x84\xe1]\x19\x1f\x85\x02\
\xca\xd2\xeet\x19\xc9\xe2\xb0\x86\x86\x93\xf5\x8dn\x03\x1b\
\xa6S\xdbP\xe9Ku\xd9I:,\x96\xe1\xe8\x8be\
\xcc\xec\x82&\xa2N\xef\x02\xa7\xa2v\x14\x93e\x1cV\
\xcep\x0c(g\xcc\x5c(i>5\xbb\x07\xce\xa7\xe2\
]@.\xe5\xb0j\x86\x935:^w\xde\x14\xaf\xb9\
\xb3\xbb\x18\x07\xe1\xb0b\x86\xa3\xaf\x981\xb8\xfc\xb6\xff\
F1\xc5YTO\x97V\x94\x1d\xf8\xf2\x12;\x09\x87\
u3\x1c}\xdd\x8c\xf0\xee\xf4\x1f=\x98J\xa8\xa4\xcf\
\xa1\x90;\x17}\xfa\xd8g\xd3s(\x9c\xab*\xdfC\
\x8a\xf7\x912\xaa\xbf\x12\x0d\x1f\x9b\xab\xbf\x92\x0c S\
\x08\xb0\x94j\xf2\x9d\xb0\x9c\x86\xa3/\xa7qz\xc8\xa0\
<~\x9a\x1d2\x88QT2e\x90\xfc6Kk8\
\xfa\xd2\x1ac\xb0\xd3\xc9\xe1a\xf0\xf1E\xef\xe1\xe1\xe0\
\xfb/\xec\xc3\xa7POk\xe1\x19EgU\x11\xb4/\
\x95K_\xe8\xe4\xd7J\xdd\xba\xc2\xad\xb3\xfe\x86\x931\
\xa8)5\x1a~\xf2U\xfb\x9b\x1a\x822gs\xedz\
G\xb57\xf6\x92\x19\x13\x92R\x11\xd8`w\x7f\xf0\xe1\
W\x99\xa4N\x84\x1d\x88;\x0f%\xb9\xacN\xf4\x8b\x0e\
\xac\x9d\xbdc\xc65\xfd\x86\xe4\x86y\xf6\x0d\x91mN\
\x9e\x10YgV\x17q2\xe6\x88w#y\xaf\xf0b\
\xf5\x9e\xde\xec\xdf~\xa2\xba^#\xb9\xaf\xf0V\xe5s\
\x95\xb5\x16\xdc\xadD_!\xfcw\xf9\xc6\xd8gf\xec\
of\x1b\xe4uI\x95m\xe0J\xe5\xc48@\xb9\xd2\
au\x12'c}\xbb=\xce\xa3O\x9e\xd9\xa3\x8aH\
\x99l\x11\xca\x97N\x86\xbdn&e\xc8F\x00\xc7 \
\xb1\x00\xcc.\x18\xfd\x00BO\x9f\xdd\xac\x9f5\xb4\xf4\
\xc1\x93\xeb2fN\xb2\xb2\xb5\xa8\xc5\xaa2ok`\
\x9aY;\xc6\xd1\xd7\x8e\x11s\xa9\xee\xbe\x1e\xc7\x9d`\
\xa2\xa3Y\xefb\x00\xda$\xfeT\x98\xebf'\x0aB\
\xc9\x5c\xb3n\x8c\xe3\x9bs\xa3\x93\xfa\xf1\x5c\x1f:\xaa\
!\xab\xbcgG\xe5<Y@\xc6\xf1\x8d9O\xb9\x8a\
trwHBz\xf4g:\x0a\xf6\x9c\x06\x05c\xdc\
\xd4W\x1d\x83\x9b\x9as\x06nJu\x06\xec<}\xd3\
\xceS\x1eG\x9f\xde\x0aF\xd2\xa3\xadP(\xcdR1\
\x8eA\xa9\x187\xf5U\xb4\x0175\x874\xe0\xaa\xb2\
eV\x88q\x0c*\xc4\xb8_'\x10\xe3\xce\xd1\x87Q\
\x897:,\x0f\xe3\xe8\xcb\xc3\x84;q\x15\xfc\x9ax\
\x0f\xae\x9a[\xb3\xe0*\x885\x0eK\xbf8\xfa\xd2/\
\xb3\x07\xf1U\xeaC\xee|\xf1!W\x85(vX\xf3\
\xc5\xf12\xdf&\x19\x9b\x1bl\xcd&c\xaaH+N\
\xc6(\xd0b\xf9\x17\xc7\xf3\x8d'\x02s6\xe5\xce\xd3\
\xbdRia;\xac\xfa\xe2x\x86Z\x94\xe3\xb6$\x04\
/q[r\xdc\x86T\x04.\xa5R\xd4\x85\xa4\xc0\x85\
\xf5^\x1c\xcf\x04\x8d\xb0wmc\xdctU\xd4\x00#\
\x18ee\xd2lU\x15\x03\xbb\xa5RSa\xd4X\xea\
\xc51(\xf5\x22IZ$\xd2\xd2s\x92\x16\xb9\xe0\xf4\
T\xd2\x92\x87-\xb23\xf5lC\xb1\x19\x98\xed$\xf8\
b\x93=\xfa\x01\xdd7v\x9e\x9ee*\xacDc=\
*\xba\xb0\x8d\x1e\xfd\x02M4\xbbL\xcfT\xbe\x08\x1d\
\xb0di\x8a\xd6\xd7\xe8\x17\xd0\xfbb\xe5\x17\xc75\x95\
0\x02\xb2%Y\x19!ZF\x7f\xce\xc1\xc2\xd9/\xea\
\xeb\xbd\x8cK\xe3_\xab\xb2\xfe\x152\xeb\xaa\xb4\x9de\
^\x1c}\x99\x97\xf1)H\xfb\x14\xc9\xca\xa8A1\xfa\
3\x84\xf0,\xe9\xe2\xb8\x9e\xb1R\x894vOV\x86\
!\xfb\xe8\xef\x10\xb1\xb3^\x8b\xa3\xaf\xd7\x92I\xa5$\
\x0a\x06\x12g\x10\xfe\xf0\xb4\x88\x81\xdc\x01\x88\x1f&:\
\x06\xe0\x00X\xa3\xc5q\x1d\xa3\x0fb\xee\xec\xaa\xe4\xd3\
+gV\x8d~C\x17\x8b\xdd\x99k\xcc\x9d\xc9+\xa7\
\xc9\xca\xb8H:\xfa\x01THYh\xc5qM\xb93\
H\xcd\xc7\x1f>\xa7|\xcd\xf8\xd1\xd9\x91\xe9+\xac\xc4\
\x02\xc1\xaa\x14v\xac\x0f\xacL`\x1b]e\xfe\xca\xd4\
w\xc71\xe5\xd0x\xd4\xc3\xbcY\x0f\x0a\x1d`\x87I\
\xef\x8ec\xd8\xa3\xc9kTg\x1e0\x16\xa9\xc6\xcf\x97\
\xaaTL\x81w\x1c\xdf$\xda\x0c\xea\xe8\xa7\xd1f\x5c\
P\x1f\xe1\xcd\xc853\x1b\xde\xd1g\xc3\x07\xcf\xb7\xa7\
9\x0bPY\x17\x0c\x85)\xd2\x82\xa2\xc2\xde\x89I\x0b\
Tag\x1a\xbc\xa3O\x83O\xf6\x12!\xe8\xe6\xede\
\x04\xa2\x9b\xb7\x9b\xa5\x05\xd5n\xd8\xe1\xe9\x13\xe1\x93\x94\
{\xf6|h\xc4z\x9cx\xcf\x9e\x12\x0fZ/%\xa7\
D\x91\x09\xb3\xe2\x1d}V\xfc\xa9\x1d\x81%>\xb5\x17\
2\xc5\xc9F\xd0\x14\xb3#t\x0c\x0d2\x88\x8f\x89M\
Z\xbc\x85\xf8\x80T\x06\xad\x5c+\x95T\xe6\x8c\x1d\xa3\
\x932\x8b\xe8\x02\xe9\xb1\x09\xa2K\xa1<\x96@\xba\xc8\
\x941\x11\xde1@\x84\xff\xf3a\x7f\xf3@5\x94!\
\xd7,\xaa\x0714\x15A\x15\xf3\xde\x1d\x03\xbc\xf7\xed\
\xbf\xfaw?\xcc\x11\x22\xc8\x15\xe6J\x0eW\x0b\xaa2\
\x01s\xde\x1d}\xce\xfbY6\x1f\x18\xab3l>4\
T#6\x1f\xd9)\xe6\xbf;\xfa\xfc\xf7\xf0<\xfa_\
nO\xa8\x89\xf2\xf2m!\x11\xe4\x1bo\x06\xeb\xb7\x85\
\xf5\x86B\x04\xcea*\xbc\xa3O\x85\x9f\x1d\x1a#}\
\x1dSCc\xf8\x81\xc4cc\xf0\x85\xb0;\xb4\x1dc\
$\x99\x09\x95O~\x22\x93r\xed\x88\xd4\x87GR*\
5#Z\x1f\x9e\x09\xfbA\xdb\xac\xa4\xb5\x9c\xff>#\
i\x8d\xec\xf7X\xd2\x1a\xa8\xef\x0e\x93\xf8\x1d}\x12\xff\
iY\xeey{\xa0J[\xa2\xcaM[`\xdf\xa7\xcf\
\xde?\xfd\xccy\xb6\xf7\xcc3W\xcc\xf8\x8e\xdf9\x81\
\xe4\x99\xf4\xee\x18 \xbd\x9fim@\xa2(km`\
\xd68\xeamP\xda\xc8$q\xc7\xf2\xbe\xcd<\x0f\xf4\
\x928\xcfC\xe14\xc7\xe3<\xd0q2m\xdc\xd1\xa7\
\x8d\xcf<\x22y\x7fc\xe6\x11q\x97#~F\xd4\xe4\
`\x82\xb5c\x80`}\xb6\xa9\x06\x83\x05%7O1\
c0\xb9z\xf8\x9a\xd8\xba\xe9\x13\xafO\x01R\xf9\xd2\
\xcdbR\x157-\x81\xa5\xf2=cKg\x99\x13\xf1\
g.S\x22\xe2\xaf\xe21\x9dS\xb4r\x98u\xed\xa4\
\x0c\x84\xf7\x89\x94\x07k\xf6\x8dt<TR}\x91\x90\
\x07\xc9\xf49\xccRvRF%\x85-UGdR\
\x90\xb7\x94\xad\x11Q\x8f\xb7\x94\xdd\x11\xe6-;\x06x\
\xcbg\x06\xa7@\x1csvj\x0a\x063\xa3\x99)\x14\
\xce0?\xd91\xc0O\x9e\x9dm\x03\x16\xec\xcc`\x1b\
6_\xc9\x5c\x1b\xb2^)\x0e\x98S\x8e\xe9\xd9\x0a\xf2\
\x1e\xe2\xd9\xd9\x0a\xdcDL\x86+Pr\xcf\x8ck\xc7\
\x00\xe3:\xf6,\xbf=\x08\xff\xd9\xbb0w\x94R)\
\xb7Rj\xb5+\xea)J\xa5R[\x11\xd50\xd3\xda\
\xd1gZ\x07\x17\x7f\xef\xdf}}rx\xf5d\xff'\
E*\x93\x80\x81\xc5<[u\x22\xd3i\xa8PN\xcc\
XvRF\x8bG\x04\xa4\x99*\x1e!\x80&)\x1d\
A)\xcff\xb6\xb2\xad\xcfV\x16\xf1\xd7\x93\xeb\x13E\
\x0fE\x11\xa6.\xca\xc5\x09\x8d_U\x88Y[Ry\
z\x9b\x89\xcbv6c\x18x&\x7f\xf9\xa7\x81g\xfc\
\xeeG\xc83x\xf86\xb3\x97\xed\xac\xffM\xe2\x7f\xa8\
a`\xf0\xcf\x15\x8dq\xec\x0fE\x0d\x9bI\xcdv\xd6\
\x08\xbe\xe0\xeb\xda\xf4\xa2\xdb\xf5u}\xfa\xe8\x97\xcaF\
\xbd\xcd$g;k\x08\x8c\xde\xff\xf49\x96\x92\x18\xbc\
8\x0e\xc3\x83p\x87\xc1\xd1}\xbc\x83\xdd\x18\x83\x16.\
\xb9]\xc9\xb7\xc2=\x16\xa5\xd7\xb0+\x98\xaa\xed|\x8d\
\xde\x94\xc3\xdb2:Nm2\xdf\xe7\xd3\xe1\xc9\xf1/\
\xf3\xb4\xe0\xa7\xb5\xd8D\xfc\xd3\x96\xa3\x8a;\xf9n\xa4\
\xc5Vm\xc3\xf6l\xde\x9e\xfdm\xb67\x17?xz\
{*\xf8`\xbc;\xbc\x93\x16\xef\xce\xfa&\xbb\x83\xf1\
7\x8a\xdd\xa9\xe6\xdf\x8c7\x08\xd3olfR\xdb\xd9\
\x94\xc9\x0d\x86\xefn\xbcG\xe8\xe6\x9c\xdec\xb92\xbd\
M\xee\xefD\x9b\x8cvI\xbe\x80Y\xd6v&kx\
\x97\xb1\xc6\xde\x9c\xd9\xc8\x13\xd3\x22\xa4\xf6p@rd\
Z\xce\x95aS\xec\xac\x0d2\xae\xe3\xf1\x12\xf3\xa7=\
w\xe7\x94\xeb\x92\xf1\x12\x1d\xda\x0c{k\x83\xdc\xea\xd1\
\xd0Ii~{v3\x94\xe1&{\x81\xf4\xd6f.\
\xb5\x9d\xf96\x95G\xb8p\x18y\xf0\xa5\x1bG\x1ex\
\xeb\xd8K\x1b [\x8f\xdb)#\xe1p\xa8\xdfOv\
6\x11\x0f\xa72~\xb8\xa5H:\x1c\x0a\xf96\xd3\xae\
m}\xda\xf5)~\xa5B,\xf1\x14\xbfR\xa1\x9a\x18\
\xd3+)4d\x22\xb2\xadOD\x96\xc2?\xa0r'\
\x85\x7f(\x8axc\x00H\x93\xae\x1e\xfb\xaa\x8c\xb9\x09\
\xdd\xd3\x13\xcf\xbefB\xf7\xcc\xf8\xb39\xf3\xb9\xe3\x19\
hT\xe7\xb3\x99\xa5l\xfb\xd9oJ\xc7\xd8\xfc\xbbt\
\x8c\x5c]\xcd\xc6\x80\xb7\xc6\x5cf[\x9f\xcb<\xad\x0d\
\x0f\x16q\xa2\x0d\xcf&0\x16\x87'\xfb\xc7\xece\xdb\
7\x97V\xce\x03\x22M]\xbfy`\xa4\xe8\xda)J\
\x18L^\xb6\xf5\xc9\xcb\xd3\x82k\xfc\x98f4\xd7T\
O(\x96]\xe3\xf7\xc3\xbe\xc9\x00\x9d\xf9\xd2V\x7f\xf3\
Uo\xff.\xa7 \xf5\xf0,\x96[\x9d\x96*\xe5\xa8\
/w\x14\xf9\x06\xb3\x98m}\x16\xf3\xf4\xfc\x07E\xbb\
bj\x04\x84\xb2e\x11\x0d\x81\xe0\xb3\xe0\xbcP\x9f\xc4\
<3\x05B\xfeB&/\x9d\x1eF\xfc\xce\xf1Y\xb0\
\x1b\xd5g.\xc7Up6S\xe3\xfa\xb7\xd2P\x95\x1b\
*;\xc5\xce\xd27\x97\xd8\xd9*\xc2\xc0\x94\x0b\xb1\xe7\
P\x07B\xcfa\xab\xc8\x036\xf3\x97m/k\xce\xec\
\x8eUS\xe7\x95\xf2\x92Z\xab\xb2\x84\x17\xd5ZqC\
\xec\x09\xf5\xf9\xcbg\xe3\xe8\xaf\x89d\xa6Cie\x18\
\x13\x87\xd3\xf4\xf2\x99\xbdl\xeb\xb3\x97\xc3H:\x0c7\
\x15\xc0\x9ep7\xcd\xca\x88\x7f-\x87\xf54\x15\x01\x0a\
\xf3\x95mc|\xe5\xd9\xe8Y\xcdZ\x9e\x8d\x9e\xd5\xdc\
\xe58z\x06\xf6\xb2\xcd\xece\xdb3\x94\xb8\x8do\x9b\
2\x1f\x9d\x5c3U\x1a\x1a\xdd12n\xcc[\xb6\xf5\
y\xcbc\x05C%\xea5\xae\xde\xa8z-]U\xa7\
\x85i\xc9\xb6g\x7f\x03{&o\x1a\x9f\xb1g\xdc4\
\x1e\xd9\xb3\x12\xbdz\xf6\x97\x9e\xf5M\xf4\x18\xe6W\xd9\
f\xf5\x18\x94\x95\xb6X\x90\x01\xef\x1b;S}&\xf3\
`\xe7Bpy_5WPTA\xe3=\xe0H\xc1\
UE=\x8a\xb9\xcc\xb6>\x97y<\xffI%\xfb1\
5\xf9I\xa5\xf9\xa1|1Ll\xb6]\xa3\xa9#\xf8\
\xfeI@\xc9N?\x0e)\xc9\xe53\x9b\xd9v}c\
\xd2\xb1\xec\xe9\xa7\xaaK*\x07\x1fU\x97\xd0\xbb3\xb3\
\xd9\xd6g6\x8f\xdf\xf9\xe0\xcbN\x82\xdd\x99\xafp\xd7\
\x8a\x80\xfa\xf3\x14W\xd6\xaa\x0cE\xb0\x99\xf4l\xeb\x93\
\x9eOK\xac\xe1;\x91\xa9\xac\xf1k\x19\xa9\xac\xe1{\
a\x1f\xa9\xcf{\x1e\xde\xf9k\xf0\xcb5\xb6Y\xa2\x0d\
\x90S\xd6\xd0;e\x95\xc5bg\xe2Z\xe6\xbd\xa3\x92\
\xbf6\xe5\x1d\x15\xdc\xb5\xd89\x02%\xc4N\xb3\x05N\
\x1b!\xdfN\x9a\xa3,E2\xddLSk\x92D\xde\
\x04\x00\xbbv\x9a\xedpZ\x9f\x8e;[\x9b\x84\x839\
S\x90\xc4\x83I\xca\x91x.l\x91\xd3\xe6\xbaNJ\
\xa3<e\xc9\xe6\xd8\xe5\xd0\x88\xa9\x0cs\x9a\x0ds\xda\
\xfbf\xc5\xe3\xb9\xa2kg\xceJ!\xc0\x96\x9c\x16\x95\
d\xd2l\xa5\xd3\xdf\xa2\xf54\xaf\xf4:Id\x14\xb5\
\xd7(\x8f\xc1\x1d\xb1\x8dN\x7f3\xfd\xa5\xf9\x08\x833\
g6\x07b\x90\x9c\x1ba\x0c\xd2\x9c\xeb\xa4\xbf\x9d\xfc\
\xef\x5c|\xd9\x99]*\xb1f\xc9\x1e\x09a\x90f\x8f\
\x95\xb6\xcc\xc4v\x93\xd2\x87\xbc\xdf6\x0a\x1b\xa6J \
\x8an[y)\xaa\x83P\xaf-\xcd\x19O:e\xd6\
c\xb1\x82\xd3\xb4\xc7\x9a#\xe5\x14\xb9,\xda\x0ck_\
\xd8N\xf6\x1bP\x00\xe7\x19\x8e\x11\x05Pa6\x22\x06\
 \x99\x0dV\xc4\xb0\xf5\x151\xc6\xc8\xd9\x09$I\xae\
k3\xc6\xcf\xce\x22\xc9P\xdb&\xc2\xd2v\x15\x13K\
mV\xc7\xb0\x1dC\xbd\xb5\xc9!\xc9\x03\xa5\xf8\x90\xc6\
\x83\x171L*\x95\xe2\xd1\x8b\x10$\xb1:\x86\xad\xaf\
\x8e1\xd8x\xdb\xbf\xbb73\xcbH\xbe\x99n\xa5\xb3\
\xd2\x9a\x1dh\x84\x1b\xeav\x92\x99F\xb4#v\xbe\xfa\
\x1a\x19\xb1r\xc9\xcc\x8e\xe6\x89\x8b\xcdlK%1\x16\
o\x8b\xec6\x8be\xd8\xfab\x19\x92\x83\x92SQ\xce\
\x1e\x14RQF\xe7\x04T\x14\x9bU2l}\x95\x0c\
\xc9\x86\xe4\xc5\x92\xb3\x1b\xe2\xa2\xc9hGT6a\xb9\
\x0c\xdb\xb1\x8c\xe3s\xa4\x8d]If\x8e\x0d\xde$/\
\xa7\x0e/Kf\xd8\xfa\x92\x19\x92\xddH\x8a'\xf2\xdd\
\xc8+'\xa3\xdd@\xe1\x84\xa53l}\xe9\x0c\xd9\xf3\
\x91\x96\xb1%v\x0e\xeb\xd8c;\x07\xb7\x8d\x055l\
}A\x8dS\xa8\xfa\xe1\x8f\xc7\xc1\xd3\x1b\x0a\xa2]\xb8\
\xce\x05qJ\xc8}\x8a\x11\xf5\x0b`\xdcXY\xc3\xb6\
}\xd3A)\xcc\xcf=\x1b\x94\xf2\x00\xdd8$\xc5\xbb\
\xc6>U_Wc\xa2\x036\x09L\xbfF\x0dl\xa6\
\xa8\xa2\x96\x05\xeb*\xa6\xce\xdb,\xb4a\xeb\x0bmL\
?!@\xf2\xce\xbc\x1e\x04\xf1\xc6O\x870\xbc\xac\xb4\
a\xeb+m\xcc \x89\xe4-\xd3\xd9=p\xab4\xd9\
\x05\x04:,\xafa\xdb\xdf\xc0\x81r9\xf8\xacUS\
T\x83Gf\x0d\xcb\xc1\xac\xb8a\xeb+n\xcc\xd8h\
\xb9\x04\xe3\xccFP\x881\xde\x04\xe5\x07,\xb9a\xdb\
)\xc3\xd8\xbby\xd4\xa7\xd3\x08\xbcy\x04\xa8\x08\x86\xa7\
\xe4?Y\xecK\xad\xac\x19\x95IK5\xa8f,3\
i\xcd\x1bX\x13\xaeW5\xb1\xc6f5\x11[_M\
$\xb8\xfe[\xef\xc1S\xaec\xad\x17+\xed\xca\xdc\xaa\
\xd5z[Q\xb0\xb2\xd8oZ\xdf\x88:\xa8\xcaF%\
\x00~Ub\x9a\x00\xf8)\x91c]\x14\xdb\x80.\xca\
\xd45\x83\x14\xee\xd45\xe3\xd4mt\xcb(uc\xf9\
\x13[_\xfed\xa4\x08*\xcf\xd7Fcu(I\x1b\
\xfd\x1dr4\x8b\x1d\xa5\xe5\x98les\xdba\xd2\xcd\
V\xb5\x1c\xe2~6\xb6\x1cX\xbb\xc56\xa0\xdd\xf2q\
\xcfR\xa1\x0b\xc5=\xb2\xe6\xc0\x0a\x1b\x96\x12T\xc8:\
-\xb6\x01\x9d\x96\xe9\xa70G\xd8\xd7J\xa9\x95}-\
%\x09\x9d\xf5Yl+e\xbe\xbc\xf95P\xc2\x89\xc8\
\x99\x12H\x18\xeb\x9c\xd1\xf5b\xe1\x16[_\xb8%\xf6\
\xf2\x83\xf7\xaf\x87\x1b7\xd9\x99\xc4\xbe\xbd[\x162\x14\
s}J\xb9\xd6\xad)\xbcJ\x8a\xbdb*c8\x1b\
\xa3\x09\xc8g\xb31\x1e\x84\x1cgc\xd4:eM\x1a\
[_\x93fZQ\x03\xa1k#-\x0d\x15f\xad\xad\
\xc8\xf4Y\x85\xc6\xd6W\xa1\x99D)\xf2\x5ce\x12\xa5\
(\x12\x95(H\xa1<\x855g\xec\x94k\xb2w=\
\x9f\xad;\x8f\x9d\xabp\xe2,6c\xeb\x8b\xcd\xc4\x13\
\xa9\xc7\x085\xd5D\xea\x19\x8c\x1aO\xa5^P\xf1>\
Yj\xc6N\xd9f(\x03\xd3\xe44z\xe3#\xee\xc0\
\x0c1M1\xef<&\xa5\xe1;g\x1f\xa9/8#\
\xab'K\xcbHgsa\xac\x22\x8d2a*#\xb1\
\xec\x8c\xad/;\x13\xcb|\x07\xe7\x15\xc4\x94\x91\xc6w\
x\xd9T\xd0\x81\xa5\xe8\xaa\x81\xcb\xb7Xw\xc6\xd2\xd7\
\x9d\xe9?}\xd7\xfb\xf3\x80\xa3_!\xfc\xb3\xa2lR\
D\xba?\x10\xfdZ,2ce\xcd1\x1fN\x8e\x85\
\xff\xe8]9\xdf\xdb\xda\xf9:0G\xbd]\xa9V\x1a\
\xe5\xd6\x1c<G;\xe2=\xe1\xc1\xf8\xbc9\xdf\xd8\xc1\
@\xb42>\x18U\x94\x12\x9d\x0d\xc4(\x16\xeb\xcaX\
Y\xef[\x9d\xcd\xd7\xe8f\xce\x1c\x8fZ539!\
\xaa\x84Y\xac3c\xe9\xeb\xccL\xde\x8e\x9c\x9f2>\
\x22b\xa7\xc4\x92Y\xf4t\x1c^\xba~\xe28\xc2\xd6\
\x8f\xa5\xe6\xb0V<\x86\xd5O\xe4\xe6\xb8f\x5c\xefD\
rsP5\xb6X@\xc62  3V0Wd\
\xc2#\x05se&\x5cPd*\x16\xcb\xc4X\xd9o\
\x80W\xfd\x9a\x073_\x0cl\x04Z\xe5\x87\x92\xe2]\
\xa5\xbe\xcd\x88M9\x16\x08)\x1d\x0aP\xd0\x98\xd3\x01\
\xa0 \x8b5a\xacL\xd6\xa8\x19\x90\xc43\xd3f@\
\x1e\xc6\xa8\xa4\xf3,\x96~\xb12\x86\x9a\x94\x96j\xa4\
U\x9c\x16[\xf3\xa6Y\x95k\x96j\xae\x92\xc5\xa2/\
\x96A\xd1\x97\xe9\x0b\x06\xfb\xc1\x0b\xa6\xd8\xdc\xf8\x82\xe1\
\xee\xd8\x97\x1a\x94\x81\x19\x97e\xe6j\xc0\x8cj2J\
\xf1\x97\xa8\x22s\x8e\x9e\x0c{N\x83\xda/\xa7\xa2\x83\
\xb9\xfb\x9a\x09\x0d\x94\x9bK\x22\x03\xdc\x1e{\xd7\x8c9\
\xef\x9a\x14\xd1\xe4\x11\xdc\xd4\xed\x8b\x0fK\x15\xc9\x85\xd7\
oA\x11\xcbe\xd8\xb1f\xcc9VdK\x8d\xbc\xaa\
\x82-U\xe0\xda\xac\xc526\x96\xbe\x8c\xcd$\x90V\
\xa8g'\x16Z%\x9c\xad\x92g\xb7X\xae\xc6\xd2\x97\
\xab\x19\x13\xa4 F\x9bbEad\x16Q\xa2(,\
c-\x1a\xcb\xcf~\x13\xb1\x9d\xb9=\xb0\x99\x82\x86\xb2\
\x03\x16\x974\xa0\x03f\xb1\x08\x8de@\x84&\xa2\x0f\
\x84o#\xf8\xe3\xd6<\xd1\x13\xc1\x1e\x10\xaf\xa4;\x8f\
s\xdf^,tU\xf1'\x8b\xd2X\xfa\xa24\xe1\xb9\
\xf4__\xedm\x1d\xf6~\xddU\xd8\xe3\x95\x04\xa6T\
\xad\xb4+s\xdc\xccB\xb5\xad0\xc3,Hc\xe9\x0b\
\xd2L\xd9-i[\x7f:\x1b\x80N~\x9c\x0a\xe4a\
\xf1\xec\x22\xf5%h\xc6\x89\x19\x9b\xad\xe9\x84\x0c\xedV\
\x9c\x8f\x91\xddb\x0d\x1aK_\x83&V\xd1a\xbf\x11\
K\xe8(\xddF}Y\xe16Xv\xc6\xd2\x97\x9d\x09\
.~\xeam\xdfS\xab\xe7\xe4F\xc2\x8eJ\xed\x1c\xf5\
kf\xd7\xa7/=\x13\xbef\x11\x16om\x0e6\xff\
\xe4\x9axd]\x8b\xa1\x03l\x14\x15\xf5\xf0R\xa7\xd3\
\xe0z\xb8\xc5\x124\x96\xff\x8d\xf4\xdaTZ\x1ag\x5c\
\x88RM#\xf1!\xd0}\xb1X\x8f\xc62\xa0G\x13\
\xd5\xfa\xc5\x7f6\xdf\xcc\x93p\x18\x97\xfb\xa3\x7f\xac\xb7\
\xe6\x0a9\x94\x1b\x8du\x95\x92\x83\xc5\xca4\x96\x01e\
\x9a\xf1\xc5\x83\x09\x8b\xc9\x95\xc3\xd1\x8a\xaa\xe2++\xcf\
X\x9eA\xdc\xcexx\xc1\xbc\x80e<\xbd@\x19\xac\
t\x14\xb4\x0b\x8b\xf5h,\xcf\xa8:\x1b`\x91gz\
.J,r\xdcu\x01(\xb2\xc5\xea3\x96\xbe\xfa\xcc\
\xc4.\xcb\xdf\xff\xc4(+\x9e|d\x93\xf1\xb9\xb3O\
\xf4\x1cco\xa2\xf7n78\xfc\x88o\xa2\x99\xab,\
\xc9]b\xf4*\x9aK\xb0vv\x89\xfaR3\xa7\xdc\
\x89\x228\x9c\xb8\x13Ed\x18;\x14\x8a\x0cYc\xc6\
\xf2,\xc3a.t\xbd\xcf\x84\xb9\xdc\xf8N\xc2\xdc\x02\
\xbd\x08\xf6\x8e^\xcaX\xa4\x08\xdb\x98\x84\x89\xbc\xfe(\
J\xa4\xd5\xb3\xa6\x8c\xa5\xaf)sz\x0e\xc9\xa3/\xbd\
+?\xf6o?\x91Z\xdbS\xd3H\x04\x08\x7f\xa5\xb5\
\xd6\xaa\x80\xbd\x8dg\x92\x94\x9ak\xf0\xd2Yf\xc6\xd2\
\x97\x99\x11i\xe1\x95G\x5c\x87\x14\xc7\x12\x09})\xea\
\x8e\x05\x05B\xdab\x89\x19K_b&~\xe5\xa1\xc7\
\x08\xf6\x9ep\xb1>z\xe5\xe1\xfa\xe3z\x9c\xa2B\xdf\
iD\xd58\xaa\xcf\xb3\xd0\x8c\xe5z\x06\xdf\x87\x14D\
1y\x1f\x08\x9c\x88\x9e\x07\xa0&,\x16\x94\xb1\x5cs\
i  l\xa7\x1e7\x82k\xd5\x8f\x9b\xbd\x9d\xbet\
\xcc\xa9\x02\x09x\x8c\xd3\xd5\x11\xf6\x19Im\x84|\x86\
\xcb\xde\xcf\xfd&Bk\xef\xd4z\xe5I|\x8e\xd0\x89\
QW\x8e\xd0\x13,\x8dc\xe9K\xe3\x0c\x9f=\x0d\xee\
\x5cP\xb6\xad\xc2\x85+\xdbV\xe7\x14m+\x97]\x9e\
\x9b2\x83\xb7\x8df\x0b\xa9\xaa\xba\x09\xe26\x1a\x1d\xa4\
\x9c\x89\x18\xff\x82\x8a$\xac\xe8c\xa5\xb3\xdf\xa67*\
\xcf6\xb0u\xc59\xc7\xb8sEI\x07K\xfcX\xfa\
\x12?\x93\xd6(\x81\xa2\x93\xc2;\xc2\xa1;\x8a\x14\x90\
\x15},}E\x9f\x89\xe1\x95\x17\xaf&\x86\x97\xabW\
\x91\xe1\xa5\xea\x15k\xf8Xi\xcfX\xf0\x01\xa5\xcfq\
\xf0\x81\x95\xcf(\xf4\xa0\xca'\xab\xf3X\xfa\xea<q\
\x9a1Q\x85\x03Lp\x94fL\xb5>\x14\xd0\xe0\xce\
\x9a\xaa\x06\xc2\xc2<V\xda\xdc\xd0\xf0\xd3s\x14\xe6\xf9\
\x8eSj\xb0*\x1f\x92\x88\xc1\x92\x17aI\x1eK_\
\x92'\x01AFF\xec\xb4\xf6\x90<\xee\x1da\x22G\
\xc6\xec\x8c4\x8f\x22\x1e^ZX\xe8$\xe2<\x14\x15\
\xb38\x8f\xa5/\xce\xa3\xda\xad\xbc\x1c1w\xb7\x8a*\
\xc5\xd4n\xa9V\xc1\xd2=V:\xf5-w\x8b^w\
\xfe\x86\xd9\x11Oo\x98\x9c1\xeb\xfbX\xfa\xfa>\x8a\
\x1d\x87\x86\xb4\xf7n\xb7\xf7\xf4f\x98\x9b\xfe\xfdM\x87\
\xff\x7f3W\xc9\xe7*a\xb2\xaa\xdex\xb9\x19\xfe_\
\xf2\x9d\xb3\xa7\xd6W\x02:U\x11Q\xa0\xceN\x17E\
T\xa8\xb3\xb8*\xc2g\xc9\x0e\xdc\xf9\x165\xdcy\xec\
\xdeq\x0dW\xc5\xec\xed\xa8\x1c#k\x01Y\x8e\x89Y\
\x8d\xec\x0fsQ\x0c\xcbN0\xf9;\xf8@V\xfc\xb1\
\x1c\xf7\x1bdN\x9b\xd7{\x1f>\x06\x9f\xcf\x87\xe1\xee\
\xfc\xfcIh.\x94E=\xb4\x22\xc2]E\x1e\xb5Z\
^\x02;\xc9\xd2?\x96\xbe\xf4Op\xed^\xf8|\x14\
bm\xad\x5cie\x9e\xb0Y\xb9\xa4\xa8\x8f\xb0\xd0\x8f\
\xe5\xd8\xdf\xa6\x03\x05st\xe5\x1d(\x1e\xa9\x9b\xf4\x9f\
(\x84g\xbd\x1f\xcb\xb1\xbe\x19?`\x9e\x1d\x98A\x99\
\xa9lA\x022Ck\xc0\xdeY_\xffGzl\xf3\
f\x8c\xcc\x1e\x9bj\xdcHrpTja1 K\
_\x0ch\xf2\xa0\xe4\xfa\x12\x93\x07\x85\xe2\x12\xd1s\xa2\
\x18\x91u\x7f,\xdb\x10+e\xf2\x90T\x03\xd3\x92s\
P\x0eJ\x8b\x8e\x81\x0c\x03\xab\xfeX\xf6\xb7\x98P5\
oT\xca8_Q\x0eK)+$\xc0,\x96\xfe\xb1\
lsPZ7\xf55\xdbqS\xf3\xb6\xe2\xa6T[\
a\xafj\x7f\x03\xaf\x0a8\xd33\xfeT\x853\x1d\xb9\
R\x02\x9a\xb2\xee\x8f\xa5\xaf\xfb\x13\x5c\xdc<\xf9|\x93\
\xdf}\x1c\xdd(EeJ\x8b\xaaw\xcfn\xd4\xb6\xbf\
M!o\xaef\xf2l!O!\x98\x1c\x97\xf1\xc8\x91\
\xb2\xe4\x8fe[\xdf@\x17\xe0+X)#\x0c\xba\x9a\
\x96\xb2\xaa\xc4\xa7\xb1\x0a\x90eR\x05hl\xac\x1f}\
\x19\x5c\xb8\xfbUE\xfd\xf0\x9c\x04\xbcH\x19\x8f\x96j\
P\x92a\xf9\x1fK_\xfe'\x93J\xcd\x88N\xc9\xad\
B\xf8\xab\x19\xbc\x87\xca(\x88\xdfV\x15r\x07\x16\x8b\
\x00YV\xe6[\x8a5I\xfa\x16,\xd6\xd4&=\xff\
\x91X\x13\xb42X\x22\xc8\xb2\xfco\xb5\xbb\xb9T\x88\
\x99\xdd)\xa9\x10\xc9\xf6(\x94c\x91 K_$h\
\x86$-\xefj\x9c\x22Is/#\xa6IS#\x83\
%\x82,}\x89\xa0\x99m\xc8\xd9\x9e\xa7\xb6A\x9c\xcf\
x\x13D\xfad\xb5 K_-hf\x13\xf2v\xf2\
\xa9MpO9\xde\x065\x95Y,\xc8\xb2l\x93\xdb\
\x00F\xc4\xa9m +\x22\xde\x05\xd1\x22X2\xc8\xb2\
,\xb3\x87!\xcd\x11N\xedB\x91%\xc4\xfb\xa0$\x81\
5\x83,\xcb\xa8\x0a\x02\x00,N\xed\x03Q\x16\xf1.\
\x08f\xc1\x0aAV\xca\x10\x0a\xd7U\xd1 G\xd9\xb3\
;\x8f\x08\xd9pU<HV\x06\xb2R\x19\xd3\xad3\
\x15\xe0{\xaau\xc6\x98\xef\xa8qF\x98o\x96\x05\xb2\
R\xfe7\x18\x0f5\x7f\xfe\xc8dK\xaa\xc9#\xaa\x82\
\x14\x0b\x05Y\xfaBA\xbd\xdd\xdb'\x9f/8\xb1L\
\x98\xaa\x04\xba\x5c\xa9\xafV\x9c\x88O;\xb7\xf8\xb9\xbc\
\x9a\xfc\x10\x8b\x9f\xac\x1ed\xe9\xab\x07I\xcbP\x9c\x1e\
@%J\x91#\x8cKQ\x98$\xb0\xae\x90\xa5\xaf+\
\x14\xc6\xd1\x83'\xd7';Sh\x0b\xd4\xd7&\xe9\x81\
R_`-\xda\x0frBX[\xc8J\x19\x841\x9d\
*\xf8\xca\xa3\x9aI\xbc9{`\x14\xde\x84\xe1fr\
\x5c\x14\xe2\xb0\xc8\x90\x95\xb2\xbe\xc5t\xdf9Y\xc2d\
Cm\xe5\xbc/\xca\x0eXc\xc8\xd2\xd7\x18\x0a>\xbe\
\x1f\xbc8\xe6m\xe4sm\xe5\xe2\xf3m^y\x8a\x85\
\x85R\xfa\xc2B\xd3\x03\xc8\xa1\xe0>;}\x1c\xaa\xec\
\x1dU\x85=\xc5\x22)\xa9\xac\xb9\xbe\x8eb\xcc\xe2\xb8\
\x12\xad\x9c\xb2XR<\xf7\x14\x0b\x8a\xa4\x0c\x0a\x8a\xc4\
v\xec+K7\x89-\x9b[\xbc\xa9\xae)\xecr\x8a\
E\x11R\xfa\xa2\x08\xa7\xec2tEg\x8d2wG\
\x13\x93\x0c\xed\xd1\x14\x8b!\xa4\xf4\xc5\x10&3\x88\xe5\
\x10\x92\xc9\x00b\x86\x8aT\x15\x84\x96\x14s\xa0S\xfa\
\x1c\xe8\x7f\x86\xd7\x8b\x83\xb3\x5cI\x85\xee\xcb\x958\x12\
K158\xe5{\xdf\xa6X+7SX\xacE\x9b\
5\xae\xd6\x92\xd9b\xe6p\xca7\x84\x9f\x9ba\xdb\x83\
\x0f\x8c\xf2\x80\x19\x9a${\xc1N\xcc\x91$_\xc2\x5c\
\xdc\x94>\x17\xb7\xff\xe7\xf6\xf0\xd9S\xce\xcd\x22\xc1\xd6\
Fy\x0e\x99\xa2\xd6\xe0\xb4,\xc5<\xdc\x94>\x0f\xf7\
\xac\xda\x16\x5c5\xa9\xda\x16^\xb3\x91\xda\x16\xde\xb2\x14\
\xef)e\x180D\x1d\x9b\xd3h!n\xdc\xc4X!\
:\x1f\xe6\xe0\xa6\xbc\xec\xb7\xb2\x06\x0c\xf8R\xd9\x04\x15\
\xd0kb\x19\x08\xe6\x95bJnJ\x9f\x92;o\xd6\
\xf2\xd7\x0cXVMWN1-7\xa5O\xcb\xed\x7f\
:\x1el\xfe9\xc66C\x89\xbc\xf6\xefFq\x8co\
\xe6\xc2x\xad\x11A\x9c\xa1*\x9eb2nJ\x9f\x8c\
;r\x9a\x9f\x0eO\x8e\x7f\x01\xa7)\x8e\xa1-\x1f\xdb\
\x1ba\x1b\xe8\x00\xd8\xb5x\xaei\x94\xa0\xdc\x1cK\x1e\
=\x1a\xe5y\xcf\x9e\xe3{}.\xee\xd8\xad\x00\x0e`\
\xca\xad0\x06 \xf2*\x00\x00H1\x1d7\xa5O\xc7\
\xed\xbf>\xdf\xdb\xda\x9cP\xf4\xe4\x9bh\x0b\x86\xc5\x98\
\xa2\xc7\xfbh\xc7\x89\x16\xee\x84\xfd\xa3>\x1d\xf7\xd4\xbb\
\xa6\xe3\x98~\xd7\xaa\x03)\xd4T\x1ba\xa7h\x80\x8a\
;\x0eT>\xbc\x94\xb5\xba\xa6n\xd4\xb9\x96\xbc\xc9\x15\
\xdd\xa7s\x10\xc93\x137\xa5\xcf\xc4\x9d|\x7f\xa6\x1a\
\xd6\xe60\x0d\x15\xe3\x17S\xccWM\xe9\xf3Uc\x90\
o\xf0\xf0\xb5R\xb8(\x06\xf8\xae\xceU-\xea\xd4V\
\x15\xaaE)\xa6\xab\xa6\xf4\xe9\xaa\xa7vB\xda\x193\
;A\x05\x8dx\x1f\x94b1s5e\x80\xb9z\xca\
<\xc9\xf71k\x9eh\x1f\x89q\xc2}\xb0\x97\xd0\xe7\
\xb0\x9e1\xb3\xd2\xc0iv\x1f\x18;%\x1b\xa1\xe8\x89\
\x09\xac)\x03\x04\xd6\xb3Y\x08\x8d\xef\x92d!<\xc6\
+\xc9B\xc8\x853\x895\xa5Ob=\xf5X\xb8\xb6\
5\xfb^\x14U\xad\xe4\xc9`Q\x8by\xad)\x03\xbc\
\xd6\xa9y>X\xd1\x1a\x0d\xf3QT\xb3\xa2Q>T\
\xccb:kJ\x9f\xce:\xd1\xfc\x91\x83=F\xba \
\x8c\xf2\x88TA\x00\xe4\x91b\xb6j*\x9d1\xfa\xf5\
\xe5>p\xf2\xf5\xd9\x09\xc6_\x9f\xbc \xd3>S\x06\
h\x9f\x9f\x8e\x13\xc5;9\xa2\xa0\xf6\xef\xc2\xdca\xf1\
\xb5\x02C\x09RL\xfcL\xa5\x8d{\x0c\xf9\x11\xccZ\
Z>\x86\xc4\xd4\xe29\xb0\xa9\xd5gENJ\xba*\
)\xf2\xf9\xdaqU\x95v\x5c\x8a\xa9\x8e)}\xaac\
pi+Vd\x81P\xaa\x1e\x15\x0f\x95QTT\xe8\
\xa0\x18\x8a\x99\x8b\xa9\xf4\xb7\x11\x8c\x9b\x8f\xa8\x9b\xae\x84\
\xceA\xd4\xad+\xb6\xc6\x14\xc5\x94\x935j\xa4\xe4=\
\xdb\xe9yo\xf2.m2\xeb-\x07\xebg#\xabO\
4\x9c\xa4H\xe8\xab\xa7\xb2$\x85\xa3\xae\xa9\x06?\xa4\
\x98Z\x98\xd2\xa7\x16\x8e\x9f7\x5c\xa9\xf1\xdb\xe6KT\
\xed\xaa.\x10\xfb\x08}\x16a\x5c\x02\x0c>\x9f\x0f\xa3\
\x0b\xaeD\x8f\x0a\x81K\xb9\xf0\x04TE\xe8\xb5\xea\xd2\
\xa2\xa2\x06\xcd\xc4\xc2\x94>\xb1pR\xcd\x94\xbb\xbb\xff\
\x9f\xb67]n\xe3\xca\xb2\x85\x9f\xe8F\x9c\xccD&\
\x92?\x1d7\xba\xfbv\xc4\xd7q#\xbe\xae\x17\x00\x09\
\x12\x03Ap\x00PB\xe6/\xc9.Y\x835\xda\x92\
,Y\x93%\xcb\x96T.\x8b\x92\xad\x81\xa2$\xebe\
\x88\x81oq\xcf\x90\x03\x00\x9e\xb5\x13nlDT\xc9\
\x03P\x15{\xe1\x9c\xb3\xe7\xb5\xf7D6\x930x{\
\x04\xc1F`\xe2\xa0\xf0\x18\x13P\xf6\xf5\xd3\x13\x0f\x01\
\xee\x9b\xd6\xcf\x00l\x9a\x16\x987(<\xeeqp4\
e8\x9f\x08GU\x94\xcdH8\xfc\xa8\xb1\xc1[\x9c\
-8\x91\x0d\xb4v\xcdM\x1c\x06\xea\x97k\x11\x13R\
\x05&\x03\x0aO0\x0ao\x0dO'\x84\x87\xb1i\x8b\
\x8aL1\xdfO\xb8\x8cA\x83=\xe6\xc9\x82\x06\x18\xf1\
\x98\xa0\x01\xf8I\x98\xee'\xb8\xe8~\x191\x86\xa4\xfb\
\xa5\x8c\x18\x92\xef\xa7\x091H\x1da\xbe\x9fX\x9c\xef\
7\xba\xa9\xe65g\x036\x91\xff\xdd\xdb\xea\xe5C6\
\x09\xff{+\x22Z\xc4\x05\xa6\xf9\x89\xc5i~\x13+\
Y\xc0>\xd9d\xee\x10\xb1N6\x22\x92\xc8\x98\x05'\
8Xp\xc9\x01\x80v\xea\xfc\xc7\x87\x9d\xd4\x11\xd1H\
-0\x0bN\xb8\xcb\x9c\x07S\xb0#\x0f\xce\xce\xc0[\
\xf3\xb2\xa1\x19(1\x88YqbqV\x9c\xd98\x99\
\xf9\x82@\xf3\xea\x8d\x93\x13\xc1\x1eP\xbe\xd5\x1d\x13\xeb\
!\xf5\x8b\x8d\xc7\xe2<\xb8|\xa4.N\x9f\xe5Su\
\x89\xd4YL\x19o\xccy\x13\x0e\xef\x0e&\x8b;;\
\xb9\x83\xc9\xee\xc7v\xa8~\x1d\xcco\x13\x0e\xe3\x904\
\xbb\xf5\xcbd\xc7\xe6\xcf\xcc9\x05\xca\x0a\xd3\xd7\x84\xc3\
\xb7\xa6\x10\xe4\xfbr\xe1a\xc2\xafC\x8c\xa7\x13\x98\x9c\
&\x16'\xa7\x8d\xf7\xcf\x0c\xce\x1f\xe0_^O\x0f\xdc\
\xed\x15\x8c\x17\x8bw\xa9\x1f\x1f\xc7?\x0eS\xef=\xa2\
\xb1\xe2\xde{Df\xb5v\xdf\xe7dV\x80\x10\xdb\xc2\
\xc5)k\x96^6\xbbWb\xe9e\xc3\xaeI\xda\xcc\
\x86|\x13L_\x13\x0e\xab\x85\xd4\x84#\x90D\x98\xb5\
\x8b\x9aU\x84\x13\x0a\xca\x1a\x9a\xaf\x00\xd7\x11\xb3\xd9\xc4\
\xe2l\xb6\xdci\xb4\xa7\xa4&We\xd8SR\x11A\
\x8b\x14\x98\xc1&\x9ce\xd0\xc0\x01oj\xf6\xd9@\xde\
T\xf2dP(\x88\xa9lB,\xa7\x99\x0d[v\xd8\
\xc9F\x18\xfa\xac\x8b\x0d\x1a{\xccr\x13\x8b\xb3\xdc2\
\xb5\x0d\xfa\x8f&\xd56\xd1z\xa4\xf56\xaaZbn\
\x9b`\xe0\xb6M\xbc\x16\xdcc8\xf5f\xa8\xa6\xc2d\
\xc3\x0cj(\xc4\xf4/\xc1\xb0<\xfe\xf3\xaf\xc7\xdf\xbe\
\x22+\x1d\x9b\xbdJc\xb7x\xeb\xea\xe6.U\xeb\xc0\
\x1c/\xb18\xc7\xcb\x8cH\x90PF\x87\x8akc\xb9\
P\xc9l\x04\x05\xa5o\xa0\xd8.TgS\x95\x8e\x01\
\x00\xac~\x19v\xab\xbf~:88C\x13\xefz\xdb\
\xabEL\xbbU\xf0\xa4\xeb~\xb8\xb2\x026\xc4&\x1f\
\xfd\x05\x00uh\x14G\x1f>\x0e/\x9d\x9bw\xd8b\
\xbc=\xe7\xfb\xd8\x5c\x8b\xe1\x0b\xd1\xd0B\x0c-d\x82\
\x96\xacX\xc5\x8f$\x01e\x96\xa8\x92\xefd-\xf9\x8e\
\xe5\xa6i4\x01F\x130\xa1\x99\xcf\xb4\xa4\x98\xe6\xb6\
+\x9bk\xd8\xachh>\x86\xe6\xb3\x1eTA\xae\xc2\
\x9c\x00NL$\x9f\xd7\xec(\x04F!\xf8_\x92\xd5\
\x959\xf9\x86\x90/\x93<\x1e\x8b+\xa3\xb0\x84X+\
\x84\xecZ\xa1`\xa0p\x8e\x85\x9c \xac\xe14\x01\x1c\
\xac\x09\xc2\x90\xfdh\xec\xdd\xdf68\xa8\x13<E\xd3\
\xb7\xa3\xc1\x9a \x0c\xd8\xd1\x14\xcc\xb0\xc8\xd0\xd0c,\
\xc0\x1c\x0b\x0d\x07\xbf\xfe\x90\xeb\xf5\xeb\x80\x0c\xec\xd1I\
\xa1\xe8(\x0b\xaf\xd2\xd9\x5c3_X\xb3\x83p1\x08\
\x97\x09\x84kT\x18}\xbd\xdcd\xa17\xbeZ\xc97\
\xc0\xdd\xc2J,dWb\xc5&&\xbf^\xa4y\x89\
c\xc2\xba\x94\xf1\xe3/\x87\xbcGC[\x17\xb7\xc0\xba\
\xb8\x94u)\x971\x8a2\xfb\xc1\xd8g\x8b\x9d<\x15\
j\xbaXr,\xb1]%\x97\xf1\x83)s=\x98\xc4\
\xa3\xb9\xbc\x8fK\xf1\xd3\xd9\x18\xf9d\x22\xb3\xec\x0f\x95\
\xe57\xd7\xd6\xfa\x91\xbd2\xafQ\xe1\xe7S\xe6z>\
\xc3\xf3\xd7\x8eo~\xc6E\xb0\x1c\xd2\xba\x9e\xcd\xa3\x93\
f\xb8 &\x11\xc5\xf6\x92\x98\x02\x14\xe0\xc7\x13\xb0[\
\xce\x82\x8cY~\xed\xa8tY\x0c:p4\x1al9\
\x03~\xcbI\x1fO\x8e\x86:\x9b\x98:\x1b\x0f\xa3\xf1\
\xd8\xd1\xd0\xef'GC<\x1d\x0d\x06\xbc\x9c\x00\xbf\x9c\
\x80\xdf{\xa6\x15u\x0e\x06+k\x8d\x05\xe8j\x1f?\
\x1a\x9f\xdf\xdd<\xfb\x9a\x9c\xbe\x97a\x91\xca\x0d\x0f\xe0\
Sh\xfa\x91\x1d\x0d~4>\xd7\xa3\x99]CQ\x18\
O[61P\xa1u\xb6\x84\xc1\xfe\x92|\xec\x82\xfa\
\x5c.hQA9EV\x5cS\xde\x5cC5e\x8d\
\x05\x1bV\xdf]\xceq\x81\xe2,qV\xa0X\x9b\x1f\
\xd4\xaa\x1d\x1bV\x12>\xbf\x92(\x18k\x99k\xbc\xed\
\x82\x87U\xb3?\xac\x12>\xa9\x12\xd7I\x8d/\xee\x8f\
.\x9c\x1b\xbf\xf8s\xfc\xe2Q\xf16\x1b\xa9\x22v\xe4\
#\xea\xd4\x93\xe9]\xd4\x0e\x9b\xfeN\xa7i\x1fN\xa2\
\xb19\x18\x9b\xb3\xa4[hg=\xc1[\x08\x99O\xd9\
-\x04\xd9\x84\x12\xbe\x85%\xb1\x9cs+0X3\xe7\
\x86\xadVrh\xc0ny8\xeb\xe3\xad,\xe9B\xd2\
\x91\xc6\x0c0:\xdcH\xc0\x81\x80\xc3\xc3F\xd9\x0b\x97\
t#\xe9S\xfb\x0b\x1dQ\xb8\x1fJC\xc3\x16\xda\x0b\
83(\x05N`\xb2\xaa\x06\xfa\x7f\xe6s\xbb\xff\xe7\
a\x13\xec\xf9\xcb\xb9{\x05Cfg\x95!\x1e6\x9b\
\xaaB{\xd0\xe1a7\xdd\xf3X\xf3\x0f\x05\x09.\x93\
_\xa02\x5c\xc97\xec).\x0f\x9b+\x8f9\xc5E\
k\xf2,\xc5\x85\xd4w\xf2\x05\xa0\x07\xb0e\xf2\x96d\
\x99\x8e\xaf\xff:8\xfb\xd5\xfcz@\xa5!z`\xca\
t\xa2\x09\x80\xaf\xeea\xd3\xe4\xf1;H\xf41M%\
\xba\xc9\x22\x048)\x17\x9b#wY\xe6\xa80\xf0\x98\
\xd1\x0at\xd8\x91(\x06\x14v\xb8\xd8$\xb9\x5c&i\
\xf0\xf8\xc1\xe0\xe3a\xb1\x93\x1e\xab\xde\x8aF\xa5\xc8?\
\xd7\xcd\x15\xc0;wq\x8a\xd2-\xf3\x96\xf1\xa8!\xbb\
\xd3\xc5\xbc\xc29\xbbiU\xcf:gW\xc3\xc2\xd6\xd5\
\x0d\x96\xe4\xee\xd1vv\xe6\x0e\x12\x167\xb9\x80\xc0\xe6\
\xba\xd8\xe6\xbaK\xb2\xb9`\x80\x0a@\x86\x86\xa9d\xc0\
v\xc0\x91a\x93\xebz\xcb\x8a\x81\xc9l\xdf\x09\x1dO\
%\xfd\x12\x1d\x0f\xd2~.\xb6\xc3.\xb3\x1d\xa6\xaf\xa1\
1\xb3\xc4\xedK\xbe\x00.\x1f\xb6\xc3\xae\xb3\xa4ge\
o\x07\x86\xcf\x0au\x06\xe7\xef\x0a\x9c\x10\xb6\xc2\xae\xe0\
=!:G\x91\x1c\x00\x91\x9fH\xbea\x7fF\x0e6\
\xc0\x0e\xaf\x01.\xb6O\xc9\xe1\xd0\xd6\xa9\xbf\x83\xad\x93\
\x83\x8d\xad\x13\xf2\xf5\xcf\x0c\xef_\x1b\xde\xba3\xaf+\
!\x1d\xf1l5)\xe9H\xac\xb5\x08?\xc2\xc1\x86\xd7\
)/)v\xa2K5\xb3z\x9c\xa8\xd7\xa4\x9a\xdc\x1e\
<9\xd8\xf8:\x01\xfb\x15\x9cK?\x14\xaa\x06\xac\x18\
\x1clp\x1d\xd6V\x07\xb0\x86|*P\x87\xab\xc7\x93\
@\xdd\xb2w\x5cc\xc0\xb6\xd5\xf1\xb8Od\xae&\xb4\
\xe4P\xe8\x06\xb4\x1d\xa2C\xc0\xc1\x16\xd5YF-\xba\
X5\xcc\x94\xa3i\xe5`*\xd2P9`;\xeb,\
+\x13K\xfb\x0d'|!\xc2\x85H\x5c!\xe0C8\
\xd8\xd0:\x82];\xcc\xe5\x94\x17\xf9\xe3\x18\x8c\xc0\xd6\
VpY\xdb/\xfe\xb3XwW\x8a4\xb6\xf9\x82]\
_\x0ble\x05{\xe9\xb3\xf8\x1dM\xf6\x12SO(\
\x8e\x89\x17$\xb0y\x15K2\xaf\x05]w3\xe6\x95\
l\xbdK\xec+h\xbe\x13\xd8\xbe\x0a\xf6\x8e\x88\x82\xfc\
d~XT\x8e2\x8eq\x8aR`\xfb*\xfc%\x14\
\xde\x8f\x0e~\x98\xb7\xf0\xbe\xfe\x97\xeb\xee\x02\x1bZ\xe1\
-):\x9f\xd7\xdc\xe6Iq\xd2\xe6v\x9a\x84\xd5\x15\
\xd8\xea\x0a6\xab{\xf9\xe2`\xff\xe3\xd1\xa7\xef$\xc4\
\xc1\x939z\x8cV+\xedje\xbb\xdb\x90\x00W\xd7\
\x8b\x14\xe1j\xb5\xdbY%t!\xb6\xbc\xc2Y^%\
\x9e\xe8-\xb0U\xe2Q\x8fAZ\x89\xb7w\x19\x08l\
y\xc5\x12\x9a\xddITS\x84\x11\x04'\xc6-\x13!\
\xe6\xc0\x84+K\x88s\xc9\xce\xfd\xdc\x8d\xc0\x9d\xfb\xda\
\x8b\xb0w\xee\x87\x98\xf4\x122\x93^\x0a\xa2%'\xc9\
\x0e\xe1H)\xf9\xc6\x86\x1dG\x80q,\x83\xeeR\x5c\
a\x9fc\x9dsJt\xb1\xd7iC\xccs\x09WX\
\xc3\xbf\x02FE\xd1\xaa\xc3$\x00l\x82\x1bV\xc2(\
J\xacA,}$>\xddM\xed\x0b\xe2 <\x0ca\
I\xf9\xe1\x82b\xf3\x09\xcdL\x94\x9b\x13\xcdl/7\
\xab\x14#\xc4\xe6r+\xb3\xf9\xd2@\x85\x19 hC\
U\x1c\x07\xd18\xec\x9dy4\xb5\x22\xeb\xcc\xa3\xd8\x15\
ML\xdc\x091C,dc\x88%\xba\x99\xaeF\x18\
\xcdK\x95 \x92o\xd8u3f\x87\x85\xe1\x12\xec%\
\x09%\xbfb\x14\x1c}\xc5\x10\x1al1Cf\x8b9\
\x0f\xfd5e\x8a\x16P_S\xb2\xa8\x9d\xfb\x1a\x86e\
\x0c\xaa\xccjj\x0acp\xbf\x98\xf9\xea\x13\xc4\xd7\x10\
\xd3\xddB6\xba\xdb\xe0\xd2\x87\x84&B\x17T\xa2F\
\xc2\x0f!J*Q\x04+*!\xe6\xba\x85l\x5c\xb7\
\xa2\xddM\xb9:+X\xdd\xb4\x09w\xb8h(\xd8\x0d\
\x08K\xbc\xb4=r\xfb\xb4\xbe;\xc4\xeei\xf3y\xd3\
\x8e\x01\xfb\x01\xa1\xb7\x04'\xb3\xd8\x5cN8\x99\xa4\xc9\
D3\x985*\xec\x01ps\x11\xe9\xc0\xccMU\x19\
\x0a\xca\x92/\xd8\xade\x88M\x7f\xe8\xb0[\x99\xb9\x1a\
l\x0bzk\xb1\xc3\x89i\x95a\xc8m\xf9\xc9#q\
\x8a\x8e\xc4\xa1\x8e\xa4\x8c\x0d\x7f\x995E]\x10$W\
hf\xbb\xf9\xd8\xae\xb60\x1b4dc\x83\x9e\xec\xe6\
\x19\x9f\xb9A\xd5\xe3N6\xf4\xa8yW\x15\xb2\xf5\xa5\
\xd6\xaa\xd8\x01b\xcb\xcfF\x14\x95^\xf2\xf0\x8c\xaed\
]\x7f>\xfc\x91t\xce\xf4\x1e\xe3\xad\xed\xda:\x00\xa3\
,\xcc\x96\xfd\xd1\x94\xb1\xe1//\x89xT\x90\xd3\xb0\
T\xaepz#-]\xd9\xbd\x9a2\xf6\x04\xca>{\
\x19u\xde\xb6\xc69:\x1a\x09O\xad\x8c\xcdiyI\
auq\xc6\xda\x12Y\x139\xeb4\xb6\xb6\xe7\xacC\
\xccZ\x0e\xd9X\xcb\x89\xd3\xf3\x1b\xe5\x87j\xa7&\xae\
\x13^\xa8\xf9\x86\xdd\x0b-c\xcbZv\x96\x96y\x9f\
+\xfa9\x91\x7f/\x0c\x84\xd2$<\x0c\x850';\
d\xe3d\xe7\xf1\x03\xeds\xa7\xf1\x03\xe1s\xeb\xf0\x01\
\xf8\xdc\x01\xb6\xbf\xc1\x0aw\xc3pA\xc6j\xb2a\x98\
HV\xe9\x86a\x90\xaa\xc2\xe4\xf20`\x8c\xbc\xf3\x16\
\xe8\xc2\x8c\xf5$\xa8\x82\xd45\x1a\x0f\xaa\x81a\x1b\x1c\
\xf0\x0ek\xc8\xb1\xcd\xd5\x8c?\x89\x8f\xec\xcaGC\xf4\
4:l\x97\xd9X\xf4\x13s4\x0b\x08\xceSs4\
)\x8es2G\xd3^m\x0d1\x058\xf4\xfd\xe5\x1c\
\xd9\xdc\xe3O\xa6\x9f\x1a9\x07\xc5<7`\xbd|l\
\x9f}\x8f\xf5\xe0f\xac\xb4\xb1ff\xbe\xe3_\x1f\x14\
\x9e\xda\xb9l\xfe#=4<\x8e\xe2];|l\xbc\
\xd9\x98\xd1\xf9\xe1\xd2L\xdb\xa9#\xa5h\xb6\xe6@\xc1\
\x9d\xc5v\xdcw\x96y\x9e\x05A&<I\x22\xee\xcc\
\x8e\x0f\x84\x9e\x98\xfa\x1d\xfab\x09\xb6\xa2\xf8q\xce\x98\
\x0b\xf2a\xa6\xf6\x02\xbd\xcc\x12\xb6\x84\xa5p\xd9/\xf3\
\xdc\xf5\xff\xe1\x9bl6\x8a\x9e\xa2=\xedV\xc2\xe6\xb1\
T^\xf6\xbd%\xc2p\xea\xde\x16i\x9d\xba=\x1a/\
a[Y\xe2\xa3\xe6\xe6>\x1b\x9d`\xf4\xa7n,\x95\
`\xf4\xcd}\x05\x19\xc6\x126\x96%\x9f\x1fU\x01I\
|\x1a\x15\xcd\x11Op\xd99\xe2a\x09\x1b\xc8\xd2R\
\x0ddA\xd9\x01^L\xaa\x0e\x91]MP\x8b\xc0\xe3\
'\xc2\x92\xbbL\xb0\x05I#\x08\x16g\x912\xa8 \
\x93\x84\xa7Q\x84\xa5\xa5\x1a\xca9g\xc0\x9f\x80J\xcf\
\x83O\xc0\xa2\xc7\x89-%\xdbx\x0a\x03\xb68\xecH\
\x01\xd2\xe1\xc6\x1a\x11\xf2\xe2\x99\x14!\xdbL\x8a\x1c\x0d\
\x9dv\x9e@\x83\x93\xcf\x1a\x0cH>\xe3\x19\x14\xa1\x17\
\xb2\x83\x99o/O\xc1&\x1e\x5c\xd3\xf0\xb0\x15\xf7\xca\
\xfcF\xa0\xa0\x0f`\xda\x08P\xbd\x00\x89\x09\x00\xdd\x00\
x\x96F\xe8\x05\xecG4\xcfP\xc2h\xbd` !\
\x9eG\x18\xe2\xa9\x1a!\xdbT\x8d\xe9\x95\x17\xc3\x0b\xff\
\x9a\x7f\xe5E\x04G\x12&;/\xec\x96\x0bO\xd4\x08\
\x19&j\x0c\xae^\xca:\xd0\xd0\xd6\xa1\x1cM\xd2\xdd\
\x80\xb6\x0f%\xad\x0d\xabv\x1c\xd8\x023L\xd4Hq\
\x14\xa5\xbf\xa6\xd1\xcc\x97\x01\xeb\xa4\xaf\x08$\xc0\xf0\x90\
\x8d\xd0s\xb8_\x91T\x0b\xc3\xdf~\x92\xea\xee\xf8\xcb\
_\xe6Rwz\x01\x83\xc4\xb9\xd1[\xc5\x17P}1\
\xde\x00\x07\x87M\xac'\xf8\x9fU\x81\xff;\xf5\xach\
\xf77yW\xc0\xfd\xc5\x037Bw9|\xdf\x0b\xf3\
\xf1}a%\x14\x07^x\xb6F\xc86[#\xd7\x11\
\x17\x8a\xba\x9f*\x14\xd3\x12A\xc0\x06\x96m\x9e\x86\xe9\
\xe3(Nv\x98N\x0d2\xc7\x91|\x05d8\xf0\x14\
\x8d\x90m\x8aFV\x96.\xbe[\xfd\x06}\xb3\xfa\xc4\
\xb1`\x9b\xca65#\xab'\x15\x04\x10i=\x89\x8a\
\x17\x22\xa2U\xc8\xc5M\x5cn\x89\xf5\x8a\x15\x001\x97\
\x87\x82\x91|\x03\xe0\xc0\x1e\x81\xebq\xb7<\x15W1\
\xdd\xf9z8]\xba\x87\x13\x0f\xfa\x08\xd9\x06}8\xf3\
\x1c\x8eSx8\x0ey8\xd8\x19`\x9b\xf4\xe1\xcc\xa9\
\xc7\x9cb=\xe6\xd0z\x0c\x9b~\x97\x9frLG\xd7\
\xb9\x8d$\x82km$Ap\x8d\x07|\x84l\x03>\
\x92\x1bF\x17\x93\xd3ci\xd3\x17\x0c\xd4\x91\xf1h\x8f\
\xd0\x09\x99\xe7\x1f\x16tr\xa5#\x10\x89\xfe-\xf3\x15\
\xd0\xbd\x85Gy\x84l\xa3<\xb2\xd6\x8c\xe2JN\xda\
\x8eA\xd7nV\xab]\x5c\xb8\xc1\x13<B'X\xc2\
\xdc\x95b\xbe@>t\x85\xa4\x0c\xe8\x91+ K\x80\
\x07y\x84\xcc\x83<\x8a\xb2\x1e\x85\xc9\x0e\x02\x046\xfe\
\x0e\xaf\xf1/h\xbcp\x0b\xa9\x82.E\x15\xc4\x13I\
B\xb6\x89$y\x83\x0f\xfd`R\x87\x8cx-\xda\x1f\
C\x8f\x05\x9b|\x87\xd7\xe4\x17\xa4\x9e\x9c\xa2\xd9^\x0e\
1\xdb+\xc43GB\xb6\x99#\xf9\x1a\x0c\xfarM\
\xad\xc1\xa0\xee\x98^\x83\x81\xae\x18\xb6\xfal\x83F\xf2\
\xe8\xa5\xd0\xea\xf7\x0b\xa6j\xf6\x09\xde\x06\x1e3\x12\xb2\
\x8d\x19\xf1\xe7\xf6\x94\xfd\xb9\x1ce\x9f\xf4\x93\xf1\xcc\x91\
P\xb0\x9a\xffb\xf7\xd2/\xf4.}\xca\xb9\xc4\x93F\
B\xb6I#\xd9\xbb)\xe0\xd5L\xbd\x1b\x82_\xa3\x9f\
\x0d\xe0\xd7\xe0\xe9\x22\xa1\xe0\x1dLM\xeb\x00\xbf\xc8\xbe\
\xf8\x84y\xc1CEB\xc1k\xeb\xe9\x22\xb0_4\xcb\
\xcf\xc7\xa3\xfcB\x81m\xbd`ek\x15v \x146\
\x1e\xe0@\x12OD\x09\xd9&\xa2\xa4,\x1a\xb2\x10h\
\x8c\x1f\xae\x01&\x9f\x03\x05\x8cm<\xdb\xdc\x93\xec\x91\
\x17\xab\xac\xa9wN\xaa\xae\xb5\x98R]\xd8\xe4\xb3\x0d\
;\x99v\xf3\x8b\xc6h\xe4n>1IC;\xf9\xe8\
\xa0\xb0\xd1g\x9bq\xe2\xcf\xc1\xd9\xf2\x0b([>d\
l\x05\x1e\x1cmb>Z\x10\x83\xfc\x1dFW^\x1e\
\x9f\xbb>|s\x06W\x9c\xe5\xb7\xd4r\xe5f\xa3\xdd\
j\xf4\x88r\xb3\xfa^\xb3\x85\x0a\xceR\xe0\x10c\x09\
Y\xb0\x1c>\x1e\x9c\x7f~\xf4I\xfa-\x8f\xf1\xd8v\
\xf9E\xd5\xfc\xd6jT\x1b\xab\xdb\xe4\xb4v\xf5\xcdV\
u\x155\x1dK\xb1\x03\x8chq\xfb\xe8\x091~\xfd\
\xec\xf8\xdcU\xd3D=8\xfb\xec\x04\x16\xf9\x95\xb8\xae\
\x9eI:w\x1e\xf5\xd7\xaa/\xaa\xa3\xe9\xef\xda\x81x\
\x18\xc8\xe2\x9a\xf9\xe8\xe0\xa2\xea\x1d.h\x07\xd3U/\
]\xd7\x9b\xb7\x1d\xac\x13\xe3f0)\xb8\xc0\x98\x04\xcb\
\xe1\x9c\xfb\xe7\xe8\xc6\xab\xc9\x07\x04:\xa3\xd4\x8f\xdf\x88\
\xb6{S\xaf\x08uC\xa9/G\xe6\x1dm\xd9\xdfQ\
\x88u\x02\xc3\xf8\x06\xa9\x01\x8e>\x9e1OI]\xbc\
\xf3w%\xbc\xc1\xb5\xf3\xb6\xc9\x1aR\x0f\xec6\xccc\
\x92\xe2\xa6\xb4\xf4v}\xdd>]\xa3\xb6[W\xb0\xd6\
\x9a@\xd9\x85XA0Lr\xf8\xc2/\xd8\xf5]\xf1\
\x0b\x97|\xa7_\xb1\x12\xe8\xa4\x94e\x0c`q\xff\xff\
\xf8\xf4\x0f\xa3\x1b\xcf\xc6\xe7\xff9zN\xf4\x8av\x95\
\x87)\xff\xab\xde\xcc\xe6vA7Z7\xaao\x22\x7f\
M\xca\x8c\xd5\x1b\xc3\xe4\x86\xa3\x83\xdf\xa4VHO\xe5\
\xcd;\xd5\x00p\xfa\xe4<>\xdd\xa9\xac\xd5B\xfa\xe3\
W\x1a\x1b\xbd\xae}\x5cb\x1c\xa7_\xda\xe8\xda!\xf9\
\x18\xd2\xe2\xc1\xc0\xf1O\x0f\x07\xdf\x9d\xa1Z5\x1a;\
\x0dz\x00q\x07\x8e\x1f\x96\x12b-\xcd0\xee@\xda\
\x97\xe1\xa5sS\xfe\x80\xddGS&FZ\x9d)m\
\x86\x5c\xb4\xdd\xd8\xa8\xb2U\xbb\x8e\x0e\xb1\x8ef\xe0\xd5\
'w\x0b\x1cFrS\xf0Q\xa4_\xb0\x1fF\x19k\
a\x06.\xfd\xe0\xf2\xaf\xc3\xdb\x0f\xf1+?\xb5\xdeP\
\xd6\x9e|\xdc\xa7\xfa\xf8i\x97\xb1\xaa\xe5\xa0\xd1\xa7\x97\
\xc8\xdc\xa9\xa2\x1e\x9f\xfc&%Wk\xae&\x1fy\xb1\
vc\xdc\xe5#\x81`m\xcc\xc0\xa4?\xf9\x5c\x80_\
c{.\x94W\x93>\x19\xe0\xd6\x94\xb1Rf`\xd5\
\x9fD\x05\x98\xccvT0\xbb\x91\x81\xb2;\xd2e\xac\
\x96\x19\xd8\xf4\xc6\xd2\x14\x99\xff\xdc\xd0\x14\xfb\x01qL\
;\x02e\xac\xd788\xcb&\xceI\xc7\x9e\xe1\x1c\x81\
q\xcd\xb2\xb9gDv\xa0\xdej\xe2\xec@\xe0\x05X\
\xd9q\x10\x97\xa7\xe36@\xbd\x9b\x0a\xda\x08\xce]\x12\
\xb2E\xf6\x9b\x16`\xc5\x17\x84\xdc\x015\xbel\xb31\
5u\xd9\xb2\xb8\x1a\xdd\xb6\x00+:\x06\xba\xb2D3\
~py\xf4\xf4\xfa\xf0\xe2il\x90$\x92=y&\
\x9bE\x0b#\x9a{\x9bMl\x96\x02\xac\xdc\x18\xa8\xc9\
\x89? \xd5\xd9\xf0\xf7?\x90?\xa0\x9a\x18\xd6\xb17\
\x10\x01\xc1\xb1\x02\x0b|^W\x19\xcc\xad>\xe1'\xc3\
\xb1\xd5\x99\x93\x0c\xb2\x1a\x01v3\x19\xf6\x92+\x14y\
K3l\xc8P\x22N\xf72\xe3\x9e\x0c\xfd\xdd]\xd8\
\x95!\xc5v1\x22w\x19\x8e\xb3\xfd\x88l6\x13\x9e\
Rj1\xd1!a\x0b\x13\x08\xdeC\xc2\xf6e\xf6\x90\
\x08\x03\x93\x9d\x1121>61\xfe\x0a\x0b\xa0I3\
3\xb8\xf8\xcc\x5c\xbf\xc1\xfeg+\xac\xdc\xdaT\xb7\xd3\
\x0b\xd8\xa9o\xa3\xa4\x802:U\xf5-\xbb\xd3\xe6c\
\xab\xc3\xb0Q~&\x11\x15\x0ab\xec\xdeL\x22*\x14\
\xe4\xf8=\x9d\x89J\xbe\xd3\xb4#\xc3\xb6\xc7g\xb7=\
\xe0]M\xdb\x1e\xf8\xa2\x12\xd3\x03\x1e\x94\x8fM\x8f\xcf\
R\xeb\x94\x10\xf2\x9e\x07\xb4{\xa0\xd9\x98\xaa\xe7\xe0\xd5\
\x03\xcd\xb5\x98\xc0\x82\xad\x11\xc30\x8ci\xe5`Oy\
\xcej\x06\x94\xed\xcc\xd4\x02\xc8u\xfa\xd8\x161\x8c\xbc\
\xc8\xa2l\xac\xe2\xf2@\x9bPn:\xd2\x86\x8a\x0d\x1b\
\x1f\x86\xb1\x15\xc3\xdf\xff9|\xf7\xca3\xb1\x0dp\x9c\
{\x1dy\xa7<\xe3\xbe\x10~s'\xf9\x0a\xb8S\x0e\
\x86\xe1\xb0\xeb\xe7B\xb33\x1d\x0d\xd0v'\x8d\x08\xd0\
\x01aS\xea\xf3%\xa1\xecT\xb4,\xe7\x0c\x08h\xe9\
\xe7\xf6\x0c\x87\x87m&\x03\xb9\xd6\x96\x10$Z\x82l\
\xdeMAgP\xea\xe3\x80\xd6 \x89\x02\xdbM\x06\xc2\
\xadI\xa5\xcb?\x07O\x9e\x17\xa1K\xd3\xe9\xea\xaf\xdd\
\x8c\xd8D\x81\xabo\xd6\xbb$6lp\xbc\x80\xf1\xda\
aL\xf9\xe5\xa3pd5\x0f\x84\x03\x1b\x1b\x8f\xc5\xd8\
\xcc\x01c.\x14$\x08lg\x18(\xa9_\x8c\xbf|\
T\x88\xa26\xc7\x83\xa9\xd4H\x10\xd8\xd20\xf0Qg\
\xcaO$\x18K\x11\xaa\x00YR\x89\xc2\xd8\xb0\x92f\
\xa0l\x9a\x00\xdb\x15\xc5o&\x0f\xb3\xd5\xb7\x8bq\xc5\
q\xfa=\x84\xcc\xc5:\xcee\xa9z\xe6\xd1\xb6\xbd\xbf\
\xa32\xcd\x1aF\xed\x1d\x95\x842\x0c\xba;\x5c\xfc\x82\
\x5cFO\x0d`\xc8\xdd4$\xbe\xf6\xd1\x90\xec\xf8\xe1\
00\xb5RU\x0c\x7f}A\xff\xea\x82\x10\x1c;e\
\x0c\xd4\xac\xa3\x83\xefF\xbf\xff9\xba\xf0~x\xeb%\
\x06\x10\xab\xb2\xbf\xdaF\xd3Ue\x7f\x02J\xdc\xecR\
g\x80\x1f\xb8\xcb\xfd\xc0\x11\x90\x99\xa7\x0d\x81\xa4o\x1a\
@q\xf0\x8bf\xe03\x1d\xffz[\x9a\x13\xd3j\x0e\
hY\xb5\xcav\xad\xd7oP\x94\xacZ\xad\x8f\xb3\x99\
\x0e6\xe9\x0c\xf4\x98\xe1\xef\xef\x87/o`\xe9\xa3\xed\
\xde.){\xb4\x8bE\x17\xd8%fh\x8f7\x9dL\
\xfe<\xb9\xb1\xbc\x9d\xc9\x9f7G\xd6\x89}:G&\
\xf0\xc5b\xe8\x94\xcf\xb2\xcc$\xae\xa9<3\x8dG'\
\x9a)8\xd8\x03fh/\x1f<yq\xf4\xf1L\x01\
\x1a5\xc1d\xb7Q\x04$\xda\xa5q\xe0\xe7\xc2\xd0a\
npd9\xb0\x22,\x9b\x85\x9b\x1d\xa3\xdd\xcd&\x85\
\x06\x1br\xe1\xf1\xd5b\xe7xBS\x15\xd99\xdf\x90\
\xae\xcc\xd2\x8f\x08\x1b{\x8e\xfe\xedy\x93\x18\xf3&0\
\x0a\x92\x17\x02{\x00\x1c}\xdb7\xde\x1c}\xa67\x8b\
V\xcd2-\x1aD\x95J\x90\x09l\xf9\x05\x8b\xe5\x97\
\xc6~.\xad&\xad}\xb1N\xab\x91:\xcd\xc5\x0d\xdb\
.\xc7.\xca\xc7\x7f(<\xdf^\x22\xc1tU\x22F\
E_\xeb4\x96\xae|[\x04\x922F\xc2\xd1>s\
\xe1\xe8\xe3U\x12\x86\xe9\xcc\xea\xd1\x18j\x1b\x14\x84\x00\
C`\xc8\xe9\x7f\xf8<\xbe\xf0\xbb|\x22\x83\x8bwI\
 \xad\xbfw\xd6\xd53i\x15(\xe6V\xa7\xda\xa2\xd0\
\xf8\x18\x0d\x83W\xf6\xf6\xfc\xf8\xf5{\x85\xe6\xb7k$\
\x9a~\xa3\xb2\xbd\xb1\xdeP\x80\xe2\x02@\xfd\x8djL\
\x01\xf20\xa0\xc5-\xcd\xf8\xd3\xfe\xd1\x87\xb7$\x94=\
\x1d\xb9T\x0a\x94\xd7^\x93\xc2\xe0b\x0c\x8b[\x13\xc3\
)\x1d\xbc\xb808\xfb\xac\xe0P\xda*\xf1\xba\xdb+\
\x02\xd3\xefWv)8\x0e\x86\xe3p\x84.\xa3_\xf7\
\x07\xe7\xdf\x1e\x9f\xfe\x91~\xfa\x95\xed\xaaI'\xc7\x95\
\x02\xfbX\xab\xc6\xe4\x1d\x13\x18\xd0\xe2\xc6e\xf0\xf5\xbd\
d\x86\x19\x84\xd2\xdeN\xc6\x96\x11\x18\xf460\x84\x00\
\xb7\xfb\xbb\xe1\x0aW~\xd5NY\xae$\x9bf\x01Q\
\xb9\x82\xd7\xccJ\xd9B,v\xc8\xe1\x98\x0c_\xfd\x88\
%W\xdai\xadN\xd2\xac\xabk\x84\xf0\xd8\xf614\
\xf2\x9bA\xfaX\xf8lP>%>\xde\xf0 e\xc4\
v\x8fc\xe5\xe2\xad_\xc7\xdf|\x8f\xc5\x8f\x1a[\x0d\
zKJ\xb4E\xc8\x8e\xad\x5c\xc8\x15L\xe5[\xa3\x01\
\x02\x1dIM\xec\xf2\xc3Hv\xdb\x11\x81\x05\x1b\x07\x86\
M~\xc7w\xbf\x1e\x9e\xbf&_\xc2\xf8\x1d1v \
\xe9(\xd0\xfeG\x8f\x82\xd2\x5c\xd3\xde\x07\x82\x82\x0dC\
\xe80\xe5U\x86\x97\xce\x0do\xbe,Z\x892\xc1\x13\
\xab7:\xf5\xde\x5c;Q:q\xdc!_\x0c6\x13\
\x1c\x0b\xfe\x9e\x9d\x1e\xde\xbb\xa0xT\xaf\x1e``}\
\xd5\x9a\xd3l\xb4%&\x0aJ?jv0\x10\xdcy\
\xec2t\x1e\x0f_}\x1a\x7f\xfa\xe5\xf8\xee\xdb\xe3\xaf\
\x9e\x19\xe7\x0ap_w\xd5\xadk5\xda\xb5\xd5^3\
\xab\x96\xda\x09\xb0\xbbk\xad\xd5&d\xc0\xba\xb8%\xd4\
\x0d\x02\xf6\xc2\x8f\x0d\x8b\xad\xe4c\x87\x92\x17{\x00\x16\
|8\x0cM{\x83K\x1fF\xb7\xbe\x1f\xdcy\x96\xac\
\x8f\xb5\xa3\x894\xabz7Y\x1e\x0b\xa1D\xad\xdd>\
\x06\x82\x9b\xf5\x5c\x9f\x83\xfcb\xd9=f\xc3b\xdb6\
f\x87\x93m\x19\x03x\xb0\xb3\xc2\xd0\x9f7\xb8\xba\x7f\
|\xfa\x82\x09\xb0(\xbax\xbf\xa7R):\xba\x22\x19\
\xe3\xfd\xfe\x06\x01\x05\xbb.\x0c\x0dy2 \x19\x9c\xbf\
\x8bA(\xde\xbe\xa6\x81R\x00\xfak\x84\xf8\xf8\xb93\
\xb4\xe1\x99xJu\xe2\xdd\xdb'A\xf4\x1b\xcd\x86\xd1\
\xc3\x18E_\xeba\x84\x03\xbb1\x1c\xfb\xa8>|\x96\
v\x1f#h\xfd\xbdZ\xa0u[UBv\x1c\x97\xfb\
\x5c\x19`G*\xca\x8c\xc1R\xa8x\xd5\xb73\x1a\x0b\
\xa1~\xf5\xf7b\x02\x19v\xc8\x18z\xf1rdy\xa3\
\xe7<\xc8\xa6Z>\x0b\xd0\xadQ\xe8\xb0\x8f\xc6\xd0\xa2\
7\xfc\xfe\xec\xf0\xe0\x80\xbas\xd2}!\xaf\x5cD\x88\
\x8e-#C\x0f\xde\xf0\xde\xa14\x8bG\x87\x87X\xfa\
fc\xb7\xb1\xb7N>\x99\xe6\xee\x1e\x06\x80[\xf1\x5c\
o\x85\xe5f]&\x0a\xbe\x86y\x97\xa4J@\xd54\
\x8e`\xd5\xd4\xc5}v.C\x9f\xddL\x05\x0b\x95}\
\xa7\xcbW\xb0\xf6k\x8aW\x00\x07\xb6\x1e\x0c=u\x93\
\xd7\x08\x80\xc8\xaf\x11D`\xae\x11\x02\x80\xcd\x06\xc7\xc2\
\x874W\x0d\xa4\x9fHR\x03\xe1M\x82\x1a\xc8^\xc2\
\xb2\x97\xf8\x0a\x87\x99n\xa5\xdeBZ5\x9c\x99\x8e\x84\
\x9e\x86*\x1a\x9a\xf1H\x00\x1a\xb6\x88\x1ecM43\
\x88\xf3@\x9b\xa0uR\xb0\x9a\x14,l\x0e=\xc6\xd6\
\xf4\x22XY\x83z1$\xdd\xa4NB\xc26\x90a\
sE\x06\xa9\xe8\x12f\x90\xe6\xbb\x80\x1a\x16y\x01\xb1\
}\xe4\xd8X1QV\x04\x80fj\x8a\x00GRQ\
\xb4c\xc0\xdd+.C\xf7\x8a73\xcb\xca\xdeo\xef\
\x9d\xe0\xdd\x82\xc6{/#\xdd\xae\xda\xc1\xe00\x8ba\
\xd4c~\xcf\xf4\xbeY\x8c'\xbbg\xc9\x9aY\x0a\x92\
\xbed\xbaX\x820a\xeb\xc9\xd0\x8f3\xfc\xf1\xdc\xf0\
\xce\x0b\xd5\x0a\x9d\x0f\x17\xb2\x83Z\x951\xf0N\xafR\
\xebe\xa3\x85 \xa6\xd5\x9dJ\xadN\x1d\x13\xb6\xa7\x0c\
\xad9\xf9Ha\x0b\x8al\x90\xb0]\xf2\x88\x10\x1a[\
\x1b\x8e\x0e\x9c\xc9\x10\xde\x22\xf7L\x08o\x97\xde\x84\xf0\
@|\xac\x829ZRt\xd5=\xcf\xe0\xdbA\xa8\x92\
\xfbD\xfe\x1e\xe2hu\xda\xd4A`\xad\xcb\xd0\x99\xf2\
\x85C2\x83\x9c\x02f\x90C0\x83\x1c\xdc\x86\xe20\
\xb4\xa1d\xea\xa9h\xa6[\xae\x9e\xe6\x1c\xe9ft\x14\
\x9e\xea\xe6\xe0!\x82\x0e\xc3\x10\xc1\x93\x99G\x00\xecD\
\xe6\x91\x02\x95&\x1f\x11\xa4\x00C\xe2j\x83\x1c\xdc}\
0\xbc\xf83\xc6c\x82\xafz\xaf\xb1\xaa\xb5\x16\x85&\
\xda\xadS`|\x0c\xc6_F\xf7\xa0\x1d\x0fl\x1d\xa4\
\x90\xe5\xbd\x83\x08\x9c\x87\xc1y\xbcT\xce\x82\xf74\xcf\
3\x22p\xb8\x18\x87\xcbW\x1fFw-\xad\x0f\x93\xb7\
l\x8b\x10\xdf\xc1\xe2;|\xad\x05@\xfc\xbc\xb5\x80\x92\
_w\x17 \xf9\x05\x96_0^\xa3\xff\xfe\x8fyn\
Rg.\x9d\x9c|\xcd\x0e\x08\xf7z8\x1c\x83\x1bs\
;i\x9b\xda\x98\xd9I\xfb\xc4\xc6\xe4\xe3\x0d\xbb\xe0e\
,xy\x09c\xd0\x00\x06\xdb\x004\x04(\x1d{\x86\
\x10\xe1\xbb\xb5\x84B6\x823Y\xc8\x86@L\x1d\x1b\
\xe0\xc0\xe3\xf5\x1c\x8e\xf1z3m \xf6A\x87'\xda\
@\xd0\x94\xc3\xa4\x0b\xc4>\xe4\xd0\xc1\xb3\xf6\x1c\x86Y\
{\xaa(0\xb1d\xd7\x0aD}g\xd2\x08\x22\x1c\xfa\
{\xbb\x04\x12\xfc\x5c\x18&\xea}A\xcen\xaf\xd0C\
\xdb+\xc4\xccv)\x1dv\xb1\x18\x86\xe6e\x84&t\
\x8f\x12B\x13\xbe>\x84\xe4\xd8\x9f*\xf3\xb1\xab\xed\xbf\
\xb8O\xfe\xe0>\xf5{c-\xc41\xff.Mc\x03\
\xc1\xb346\x92\xbd\x8aG\x92:x@\x9c\x13\x84\xcb\
\x98s1x\xff\x07\x1a\x805\xc5\x11\xd9i\xb4kp\
\xfcU\xc2\x12\xd9\xa9\xd81\xe1\xeb\xcf\xd0C3K\x0c\
\xb7\xe3\xb1\xcd%F\x88\xd2\xb1\xc4\x00\x0d\xf6\xc2\x19\xe6\
\x93\x99\xd3\xc9\x07\xaf\x93C!\xf4\xf9LL`/\x1a\
\x09\xd1\x8a\xa9q\x17\x0e\xee\x0fr\x18\xfa\x83f:\xfc\
\xc19\xcd\xb6\xf7\xc3CJ\x9a\xfb\xc1!\xe1\x0e!\xc7\
_a\xac\xb4O\x98\xbe\xb9X\xfb\xb3\xa6\xb0\x90\xbe\x9f\
\xd9Dxj\xb8y\xc8\xf1\xd9\x8a\xa7\x13)S\x0c3\
\x89\xe2'\xb2\xa6\x14\xb6\xc8\x8cc\xc7\xb8\xb0\xb5\xf7\xcb\
\x9cF\x93B\x94\x98\xceB($\x10\xac\xfe8F{\
\xe5\xd6\x88\x00\x92\xd9\xa4\x02$U\xfaH\xb07\xe0/\
#\xbb2\xe7\xa3\xf2\xff\xe2\x9b\xf2\x0b\x9f\x14\x8e\xf0}\
\x87\xaf\x9b\xa2\x18^\x96\xc4'\x01E$\x16\xac\xd49\
Z[>~yt\xf8\xa2xH\xce\x8eT\xeb\xdaJ\
\xcd3,g\xa7EN\xcbqJX\xb9\x97V\xb8-\
\xf0\xf8\xf5c\xdb^\x80\x13\xb6w\xad\xd2\x00[\x01\x12\
\xb3\xbb\xd6\xb5\x83\xc1j\xae\xc4\x90\x03\xb8yot\xe1\
\xe9\xe0\xec\x87\xe1\x8b[\xea\x8c\x9e<\x1f|\xbc}\xd2\
\xe8\xf6\xb6z\x91nkW*B\xcd\x97\xaa\xdb\xa1\xf4\
\xb7\x22et\xbbu;\x14\xac\xe8J\x0c\xcd\x93\x87\x87\
\x83w?\x0f\xef\x1c\xca\xb8\x19C\xd9\x93\x8a@\xeb\x05\
\x1d8\xd3h\xf6jq\x9b@\x83\xfd\xbc\xd2\x12\xfc<\
k(q\xe2\x96\xa1\x90\x22\xb9c \xa8(\xe1\x84k\
\xc9\xe5.}\xe3\xa9\xd3\xde_\x98:\xed\x15L\x9dv\
p\xcf\x98\xe3\xb1\x10\xbcF\x9f\xae\xe7\x0d\xe0\xf6u\xa7\
\xca\xaa\x9e\x92\x07\x93\x95a\xe0\xc6\xd3\xea)]\x82\xa9\
\xd9u\x80\x87u\x80Wf&\x19\xd8\x91\x9c \x19@\
$\x19\xc9\x00a\xc1J\x80\xa1\x07n\xf4\xf0\x0f\xe9\xb9\
a\x1c\xf2u\x986P(\x7f'\x22d\xc7\xfe\x8d\xc7\
\xbb\x07\xa0\xf0\x18\xfc\xa2S\xf0\xc9C\xc0\xba\x8b\xa1a\
l\xf4\xf0\xb3\xa1\x9d\xa2-\xc0z\x95\xf1:\xb9\x01\x98\
:\x05\xac\xad\x18\xda\xc2\x8e\x0e\x9f\x8c?_\xc3\xc27\
\xa5\xa7\x12\xf5\xda\x94\xf0MJx\xec:r4\x80\xbd\
=\x9f4\xde\xdb\x85W\xd1s\xd2z\x0f\xa5\xefW\x09\
\xe9\xb1\xb3\xe8\x89%\xd4\xed\x01\x0ck\xdd\x1e\x02\xca\x8b\
\xf6\x00\x15\x1eq\xe7\xb8\xe1R\x92\x01\xf6U\xac8\x0d\
\x80\xf7\xb2Nd\x00\xac\xbbY%\x04\xacp\xdd\xc5\x15\
n^\xa4\xb0c\x9a(O`\x10\xba<\x81\xc4\xc7:\
\xd7\xf5\xb9+F`{\xc4t\xc5\x08o\x8fHjF\
\xf6\xed\x11\x0e\x1eA\xe8\xb8\x1e\xebx\xac\xc2\xfbU)\
\xd8\xf6\x9b\x8e\xc6Bg\x8250\xc3@BE\xb2\xfd\
\xed\xfb\xd1\x87\xab\xc37W0\x18E\xadm\xa8\xb9~\
\xba!\x1fC\xe9\xc4\xcd&\x81\x04+4\xb6\xb1~i\
\xe1\xa8\xf0P\x92\xa5\xf7\xd4\xa9$_\xb1\x83qp\xdc\
\xeb\xf0\x0e\xf7\x01#\x0a\xa7\xbap\xd1xB\xd3\x84k\
\x9fM\xe8\xe0\xd9\x84\x8e\xc3W\xaa\x07\xa3.\x1dz\xd4\
\xa5C\x0cUt\x1c\xec\xa2;e\xeeY>\x00\xc0\xd4\
 \x1f\x04#\x99\xe2\x83``c\xe1\x04\x8cc1\xec\
\x00\xf2\xde\x15$\xbd\xee[A\xb2c\xfd\xeax\x1c\x8b\
G\xc7\xaf\x9fb\xd9\xa5\xbc\xf5\xde6!z\x8d\xba\xf6\
X\xa1:\x0c\x1b`^\xbcM\xbcB\xbb\xe8\xd2\xa5M\
\x9cB${\xb3J\xc8\x8eU\xa8\xc3_\x15\xb2#\x98\
\xad\x0a!\x1cIQ\x08 \xc1\xc39\x1d\xb1\xc2\xbcY\
Hu\xd5\x16\xaf\x15\x92n\x06\xbdR\xa8n/oa\
.\x83\xc3\xc0e\xb0N\xde\xb7\xc1\x013\xf7+\xd4\x0a\
>\x84\x08+&\x8ea\x9c3[\x85\xedp\xa6\xf7\x09\
# \xc9\x1aa\x84\x03\xbb\xb3\x82\xdd\x9d\xa5\x06rM\
z\xb4\xd4@.\xe3\xd2\x82\xe9O\x0e\xe6\x028\x0c\x5c\
\x00\xe92\x8d\x9e}3\xbcw\x98\x8d\x8c\xc0\x15\x04\xe5\
6i6S3\x9f\x1dA\x15\x11jk\xcd>UD\
\xc04\x01\x87\x81&\x90M\x7f\x03Wmb\xf4\x1b\xba\
gz\xee\x1b\xbaeX'\x8b\xa5\xc4\xe9v\x14\xd68\
\x1d\xe1\xc9\xc3t;(\x81I\x03\x82cv\xa5\xe6\xff\
\x0e\xce\x9e?\xbe\xf1M\xb2W\xf4\xdcu\xeb\x0a$\xa5\
\xce6\xd6\x93v\xedm\xbdR\xdc\xba\x02I\x8f\xc1\x88\
\x9bv,!\xc6\x122M\xaf<\xfe\xf3\xce\xe0\xc9k\
\xbca8\x19`\xd9\x92\x10\xbaIN\x14\xed\x1a\xaem\
\xb4\xbap\xd7\xb0\xc0\xa38\x05\xc7(\xcew?\x1f\x1d\
\xfc \xd5\x9a\xf4\x80q_\x88\x8e\x9a\xd6\xa5R\xeb\xac\
S]!\xb5(\xea\xc0\xae\x10\x81\xd9\x01b9\xec\x80\
\xf9\xb6\xbdN\xbf\x9e\x82\xb5\xafI\xe5\x1a\x9c\x94\x87\x01\
z|\xad\x06\xf48\xde\xa29\xa3\xd4\x94Q\x81\xb9\x01\
\x82\x81\x1b0cp@s\xfa\x09SC\xb5\xa7'v\
\xc6\xde\x9a.0W@pr\x05\x0a{?\xd6\xea\xf3\
4\x7f\xac\x11\x06S`\xda\x80\xe0\x18ey\xfe\xee\xf0\
\xd6K\xd3\x17\x01\x96\xba\x19Z`\xbf\xd16]\x11h\
\xa7\xdbZ?\x82\x0b\xdd\x04\xa6\x0a\x08\x06\xaa@\x1e\x88\
\xd95r\x1e\x88aU\xacC1\xa0\x881_@\x84\
\xec\x8a\x18l\xde\x9eV\xc4\xc4\xce\xedD\x15\xdbWn\
\x0b<#R0\xcc\x88<\x01\xc5\xba\x8cr\x1a\x0a\xdc\
B\x99\x00\xb1o\xa0\x14x`\xa4`\x18\x18\x99\xb1e\
\xb1)\x99&\xccb\xeba8\xb3\xc0p\x84\xd8p\x84\
\x1ek\x8f\x9am\xfa\xcddw\x9a}\xf8\x8d\xe9K\xeb\
\xdbe\xc7&#ty\xd7R\xdczI\xcf\xc50Y\
\xf5>\x9e\x88\x91|\xa1n\x07\x82\x8d\x05\xc3\x90K\xd3\
\xc9iXY\xe3\x07\x97mMM\xa6\x81\xd3p\xad\xf6\
\xb4\xdb\x08(\x98\xc9W\xbav\x18\xd8P0p\x80f\
\xaa\x07\xc7\xef\xaf\x0e/\xfc\xab\xa0z\xa0*:\x91\xdd\
|'\xe5\x83\x1d\xbb\x96\xc24 \xc1@\x03\xca\x82D\
P\x96\x9a\x08\x12qMj\x0f\xef3\x17\x98\xfa#\xca\
\xcb`+\x03\xb3w\x82\xad\x8c\xad_\xcaU\x06\x06\x10\
3\x80\x04\x03\x03hr\xc0\x12p\x0d\xf3\x01K\x94O\
hf,\x01\x97\x10Sj\x04\x0f\xa5Fi\xaa\xd1\x8d\
?\xa4\xd1\x1b_}%\x0d\x08\xda\xf9\xa5b\xf7SJ\
\xf1j\xa7\x0a/\xff\xea\x9cj\xd9\x15o\x19\x1b\x8d\xb2\
\xc7\xbd\xca\xc4\xb4\x0a\x0c\xdf\xbc\xc3\xdd\x98\x09S\xc54\
\x0a\xd4\x89~\xcc\xaa\xe9\xc5\xaa\xdb\xf5W\x19\xdb\x932\
\xef\x86\x16\xb2p\x98c*\xaa\x1b*@T\xe1P\x94\
\xb1a)3\xe4\xba\xce\xbf\x1f\x9f\x7f\x8b\x93\xf7\xda;\
Y\xa5J'k\xab0i/0\x97K0p\xb9f\
\xe9\x0dv\x056Cl\xc0\xea+\xe14\x00\xed\x15`\
k\x12\xac\xf0-\xcb\x01\xd6$\xdf\x94\x83\x8d\x89^\x94\
\x03\x8c\x09f\xa6\x09\x06fZ>\x9e\xd6~\x04\xf9`\
Z\xfc\xeb\xeb\x84\x1c\xfa\xed\xb1\xe5\x08\x18\x16\xc5\x7f\xf7\
v\xfc\xe8R!\x9bD\xfa\x85sQ\x14\xa2:\x15\x88\
c:\x9d\xe0\x18I}x}\xfc\xe2\xd1\xe8\xc5\xf7\x94\
\xc7\x1b\xf5\xa4c\xd2\x91\x07A\xfb\xbbQ\xb3C\xf9\xbb\
\x01\xb6\x84\x01\xc3F\x99\x1f\x0f\x06\x9f\xbf2(^^\
\x1f\xddx8\xb8\xf8\xa3U\xcf\xaa\xbd\x91Z\xcc-U\
/\xd1i\x9f\x0aP\xb4}\xf3\xbdN\xd3\xaeg15\
P0P\x03'\xdd\x13\x10\xd1\xe6\xee\x09\x8cf\x8do\
\x02\x82\xd9\x00\x9b\xbe\x80!\xfbv\xf6_\xa3\x1b\x12\xc0\
7\xa6{\x94\x8a\xca\xb7USu#*\x88\xcbu/\
/\x82\x82m^\xe0p\xb9Y\xc0KL\x1c'\xcaE\
L\xbfb\xf7\x111}Q,\x87\xbe\x08l\x06\xeeX\
\xc46d\xa2c\x11X\x12\xccX\x14~\xc8\x99l\xf8\
~x\xeb=N6\xb4+\xed\x0d0=E\x19\xf1\xb6\
\xdd\x90`Z\xa2`\xa0%\xe6\x04m\xe3\xf2\x8e\xcf\xdc\
\xa0\xd9\xd9\xc6\xdfU\xf4\x10\x82\x9c\xad\xbe\xd4\xb2\x97D\
09Qp\x90\x13'\x17\xc6\xfd\xf1rp\xf8\x8e\xee\
)\x93Fq\xd3~$\xa6\xab\xac\xbbi\x07\x81\x0d\x09\
\xc7\xb4\xf3\xc9\xc68\xbbw2\x05\x02;(\x06\x04\xf0\
P\xf0\xd8s\xe13\xb6\x8f\x0a\x9c`\x9f\xcac\x09\x22\
\xc5\xae\xf3X\x02g\xd9\xf1\x9cs\xe1/%\x82z\xf2\
tx\xfeZa\x04U\xad\xe8\xaa\x0e\x19AU\xd7\xec\
\x88\xb05ab\x84\xe6\x87c\x7f''\x0e\x07\xbf\x95\
\xecx\xd0s\xc1!\x15\x03%T\xfe_\x18Z[>\
\xa4\xd6\x9e\xa3\xf3\xf5\xd8P\xcdl\x9b\x1aSKd\xeb\
\xd4\xff\xa4\xa5\x07\xd5\x82\x84\x1d\xa6\x86\x0a\x06j\xe8l\
\xa9\xba\xa8_%/.\x145\xab\x98\x12\x03t\xf9K\
\xd8b\x96\x18-&1r\xacU8q\xac\x85\xdd\x19\
\xccq\x15%\x8e\xb4]r\x1e\xc4n\xe2\xe4\x18\xa8\xb5\
\xc4D\x1b\x94\xc0\xccVQ\xe2\xa4\xf0\xdb{\x1f\xb2\xdf\
\x1f\xb6=\xe8\x1f\x1f4=\x94\xb0q,1\xcet\x07\
|\xdcLv\x82\x87\xab\xa5\xb7\xb3p\x05\xa6\xae\x0a\x06\
\xea\xea\xf1O\x0f\x07\xdf\xe9\x06\xc7\x0b\x97\x87o\xde\x0d\
>\x9e\x1e\x1e^\xb3\x91\x0awt\xe2D9\xbfu\xa5\
v\x1b\x8a\xf2b\xab&\xec\xa8o\xd57\x81r\xc2F\
\xa4\xc4\xd8\x0c@\xe4\x7fL\x1b\x00\x91\xffY\xc3^{\
\x09[\x8d\x92`\x5cJH\x0fE\xc8W\x13\x16ME\
\xa0&<\x08\xbc/Cx+\xdc\xeca\xba]f\x8a\
@L\xb5\xcd\x18\x0a1RQ\x98\x0f-<\xc6!\x88\
\xd6\x90*\xa1N\xe0\x80*\xfd\x82\xdd\xf3\xc5\xf4g\xc1\
@\x7f\x9ea\xda\x17\xadD\x9f \xdb\x93k\xd1c\xaa\
\x8b\x09\x93\xa0\x05\x03\x09:\xab\x1b\x82\x0c\xcaD\xdd\x10\
&Ot\xd9\x10\xa4N0\x0dZ\xb0\xd1\xa0\x93\x82\xfa\
\x1c\x81HQ\x1c\x82\xc3\x10\xcc\x82\x16\x9e\xb7\x84\xfd\x12\
d\xd1\xed\xe4\x96\x89\xc2\xfa[\xbem\x02\x96\xe00W\
Zx\x9c\xe6\xd1^\xd9\xc9\x0c#*\xech{\x08\x0a\
;\x98)-\x18\x98\xd2\xd9\x82w0Y#\xdf\xee\x8e\
Fj\xe8\xd5\xee\xf6\x81\x1a\x02\xf3\xa4\x85'\xf8*9\
\xb8\xe9'/\xe6P-?\xd5>\xd1\xf2\xe3b\x13\xe8\
\xae0:\xe5w\xf6\x8f\x1f\x1dB\x8f\x5c\xf5ht\xea\
\xbd6\xf2\xc8\xed{F\x05\xa6t\x0b\x06J\xf7,/\
\x01\xf4W\xcf\xb6\x89\x12\xfd\xd5\xa6I\x14d~\x5cl\
\xff\xdc2\xa3\x87n\xaf3g\x1e:.0k\x07\x1d\
\xd4\x961\xfd\x5c0\xd0\xcf\xcdRQ\xa22\xab\xd7\x89\
\xd25Y\xa2\x22\x8b\xc9\xe7\x82\x83|>3\xe3\xc7\xae\
DO\xb8\x1dH\x99&>\x07P\xa7\x98}.\x18\xd8\
\xe7\xb9:E\xec\xc8T\x9dBz\xe4\x06!;\xb6b\
\xae\xcb<\xff\xc6~\x8f,\xf3o\xd0}\xca\x07\xe0\x80\
;\x85\xed\x9a\xcb`\xd7\xbeV\x03\xbd\x86\x077\xb0j\
mK([\xbd\xa8Gk\xd7\xf6\x16\xde\x1c.0\xd3\
\x5c00\xcdg\xea\x80 ^\x9d\xad\x03\xe2\xa85)\
\x04\x82\xb8\x15S\xce\x05\x03\xe5|f\xdc=\x08\x90f\
\xc6\xdd\xe3@ib\xd8=\x08\x960\x11]0\x10\xd1\
gv%\x028S\xbb\x121\x98dY\x22\x02\x82\x0d\
\x07\x03\x15=s]q\xbc\x97y\xafD\x9c\xa7\x1dX\
\x14\xe59\xd8z8>w\xff\x1b(\x0bLu\xbe\xe1\
\x92@\xd2\xf3\x06\x0a\x02\x98Y/\x18\x98\xf5\xd9Q\x80\
\x87\x9e\x9d\x03~\xe1\xfa\x18\xd0\xfb\xc6\xc6\xc3q\xf9H\
]\xb3thr\xad\xae\x7fr\xcf\x1b\xda\xaa\xebg\x83\
\xee\xec\x11\x9e\x83\xcd\x89\xe30\xb6\x02\xccIWs\xd2\
\x1d\xf4\x14M-\xfd\x12\x88<\xf0D\x01\xe1\x88\xa5\x8c\
\x91\xb5j1\xc8\xc1\xc3\x1a-g\xe0\x01\xa5\x86G\x0c\
\x08\x86\x11\x03Y\x92\x94:\xa9\xc9\x0c)qH\x14\x8d\
\x10\x8f\x17\x10\x22\xe4\x9b\x7f[p\xdf\xd2\xe1\xb7\x04\x88\
\x88\x02\x81\x0d\xa5(s7\x8eb('\x86bc8\
\xd9Dl\x00\x08\x1bL\xc1\xdc\xaa\x01\xd1L5:P\
XL\xab\x03\x84\x82-\xa7`\xc90\xca\x18%\xc90\
\xd2wL\xc6*\x15\xbfP\xa1%iH\x88\x06\x9bO\
\x86!\x09\xe1D\x86\x11\xa3\x09\xa76\xd4c,a\xba\
\xa1\x1ea\xc1\xd6Tp\xb5n\x90@\xe6z)\xf4;\
\xc1\x16S0[\xcc\xc2h\xd2)\x8e&\x1d\x22\x9a\xf4\
\xf1\xb2.\x9fcY\x97t\xf4\x07\xe7\xef\x0eN\x13\x8c\
\x97\xcdu\xc3.\x8c\xeb\x95\xa2\x16\x80M\xdd\x99a\xed\
\x01\xf0\xf1f(\x9fe3\xd4\x04\x104\x95t\x1a\x08\
\x1eM\xaaQXGI\xfax\xd9\x82\xcf\xb1la\xea\
8\xec\xfe\xfe\x0c\x0a\xec\xf1\x1b\x18V\x87\xdf\xc7+\x09\
|\x96\x95\x04\x93\x87q\xf6\xb5\x8c\xf2\x8b`\xf4\x1b\xaa\
Y\x06\xa2\xe8Gv\x14>F\xe1\xf3\xa2\xb0;\xfc3\
(\xa0\x97oPX\x1d|)\xaa\x8bQ\xb8\xbcW\x0a\
*\xdd\x13@\xb0\xeaM\xb0t\xed\xea\x0a\xf6\xc9\xf9\x1c\
\x9b\x13f\x8e\x04\xf7\x09\x9c<\x18\xaaU \x85d\xed\
\x15\xf0\xf1\x06\x05\x9fc\x83\xc2\xd4\x01\xc1\x5c\xc5\x0c \
\x22ca\xc0\xd8S\x16>\x1e\xf0\xebs\x0c\xf8\x9d\xc2\
b/\xed\xce\x00A\x95]\x83\xc2Z\xd7\xf5\xf1\xac0\
\x9fcV\xd8$\x080\x03\xe1\x84M\x84\x95\x93\xc4$\
\xda\xf5\x17\xf4\x1b}\x8e\xe1Z\x938@\xe6e\x06\x07\
\xce\xbf\x18\x18\xd6\x04\x8c\x8f\x87Q\xf9\x1c\xc3\xa8\xa6\xdf\
\xbc\xb5\x96;\x03\x03\x15t\x0d\x08kE\xd7\xc3\x83A\
<\x8e\xc1 \xc6\xef5S\xe8\xd4q|\xf7v\xf8\xfb\
\x1f\xc0\xf5\xd5S\xe8\xf4\x1bo\xd7\xd7\xad\xbeoM\xc5\
\xeeQ\xdd\x8eC`\x1c\x1c\xb9\x95\x8b\xca\xf9\x0d\x85\x01\
a\xcf\xe6UR\xdf7\x14\x09\x0c{N/N\xbe`\
\x07\x12\xe0\x03\x09BV \xc0E\x99\x05\x02}\x94\x14\
\x88\xd5K\xf10\xdb\xc5\xe3`\xbbL\x01\xb1\xe7\xb9f\
\x81\xe0\xf4V\x8a\xc4\x9a\xdc\xf20C\xc1\xe3a((\
$~(\xb0\xbf\x95#\xf1CA9\x5c\x9d8\xf9B\
\xdf\x0a\xc4\xc3G\xe2q\x1d\x89\xa7\x81P\xd5\x87\x14\x8b\
\x97\xbc\x13\x5c\x84\x88\x93\xafX\x8d\xba\x87\xbbQ<\x8e\
n\x94\xe9\x1bF8]\xb3\xf7\xac\xc0\xebJ/\x1b\xf0\
\xbb<\xdc\xe3\xe1\x09\x97\xf9\xe1\xd8\xfb\xaeg\x01\xc1\xf6\
\xeb\x14\x8a\xb5\x03\xdb\xc3\x15H\x8f\xa3\x029\x09d\x9e\
\xeb\xe6\x14_7\x87\xbcn\x0e\xben\x8e`U\x03\xf3\
\xc0\xf1\x8b\xe1\xf8$\x1c\x81OG0_3{\x8b\xfc\
\xec\xd1\x10\x9d\xf2\xe9\xd1t\xed6\x13:\xc6\x1eG\x86\
\xd8@\x19^:7\xbc\xf9r\xce\xc3\x89\xeb\x8d\xc2\x09\
\xb4\x9d8\xeeP\xc7\xe3cL>\xd7m\x13\xda\xd7\xbf\
7~\xfd\x98\xbai\x9a\x1f\xa6\x9a\xbe\xec\x8b\x85b\x1f\
\x12\xc8\xa4\xac\xf8\xd1\x08\xc1\x09\xa3\xf0\x92\xf9\x85w\xcc\
\x87W\xcc\x0d`U\xc5|\xb4h7\xc5\x99o\xd5\xfd\
:\xd8\x1f\x7f\xf9\xe8\xf8\xf4\x0f\xc4b4s\xb9\xa4:\
\xae\xd5z\xddmz7Z\x5c\xabu\x91\xe7\xef\x06\xf0\
\x82\x99\x8f\x16E\x94b9\xfa\xfchxf\x7fx\xf1\
\xf4\xf0\xde>1z2\x03$\xdd\xcd~\xa3\x99<\x1f\
r\x00e\xad\xdb\xef\xeb!\xce1\x00\xe8a\x80\xde\xf2\
\x00\xc2d\x13\xc0H%\x9dr\x8c\xf6\xc4\x93\x1b\xc0\xa4\
\xbf\xf9\x88\x0bd\xd6\x8f8\x0f\xbc\xac9\xb1\x00Z\xd4\
\xa2\x80\x09\x0cL,\xed\xf4\x80\x03\x0e\x8f\x0e\xf8\xe1\x13\
\xe7f\xf3\xc4]<\xf3\xd9\xe5\x98\xf9l\xd0\xcd\x96j\
\xed]s\x06\xdaL\xb5\x96\xe8\x9f\xab\xd5\x92r\xad\xb5\
\x85\xce\xc5\x13\xa0]\x8e\x09\xd0\xd9\xb9e\xadZ\xf3\x5c\
\xc8\xa4c\xab\xe0:\xea\xa6-p\x1d\xf1,h\x97c\
\x16t\xfe\xce&\xc6\xc1\x0en_\x18\xbcx@\xc0\x9a\
\x19\x0c\xdblT@G\x7f\xadk\x86\xc3\xa2#\x0b0\
\xb6`\x19\xb6\xcd\x0e\xccf\xdb \xa6\xd4\xb8!H>\
\x86\xc4h\xdc(2O\x8e\x83\xe4\xf2H\x18\x98\xcb#\
\xa5-a %> \xf2\x90F7\x1e\x12+\x222\
0\xea\x94\xf4\xb4 jUD\xad[\xef\xa0\x81\xf7.\
\x9e\xd6\xedrL\xeb6P\xd4\x7f.<\xcf\x1b:\xc1\
\xc2\xbd\x14\x8c\xfe\xe3T/Q\x14\xc4\xca\xbd\xce)\xad\
&\xaceR\x17O\xf1v9\xa6x'\xc82Lv\
\x8f7\x83\x93\x80!\x5c\xdezG\x83\xb1\xbb\xbcx\x86\
\xb7\xcb1\xc3;\xb7\xc0\x87\xdf\x8e\xcf\xdc\x18}\xba>\
\x8f\xf9\xad\xf7Z\x09u\xb4\xc0\xfc\xd6[\xa7\x08\xeb+\
02F\xdf\xa2h\xbc\xde\x04\xac\xe2\x11{\x1a\x13\xea\
\x97pE\x88\x1d\x8ap\x85\x1bR>\x9c\x92\x9c\x041\
\x03/i\xd6-\x1a\x09\xa1p\xea\xa6]\x90 sq\
\xcd\xc2\xe5\xa8Y\xd8m\xb1R\x8b\xf7\xe7\xb7\xc5\xf2\x9f\
V+\xdb\x94-\xae\xaf\xda\xb1a?\x83e\xd4\xf9\xeb\
\xf1\xcf\x9f\xc9$\xc6\xaa|St\xe2b\xb5\x0f\xd3\x16\
.\x9eo\xeer\xcc7?\xe9\xfe!^\xce\xac\xef\x07\
\xe99\x89\xdf\xb7a7\xbf!\xf6#B\x7f\x19\xe1\x15\
<\x17KxE\x9cQ\x1a]\xc1c\xc2nE\xc8\xee\
VL\xd0*\xe6u.2\x8f\x9dp06\x9b\xd8\xc5\
\x08\xb1\x8b\x11rP\xa0\xef\x8c.\xbc\x9f\xa3.\xd0\x9d\
c\x06N\xa7K\xea:\xecQ\x84\xee\x12|s\xa2A\
\xd1\xe2\x9e\x93\xbd\x8a\x89\x87\x8e\x22\xaa\x10\xbb\x17\xa1\xb3\
\x04#<\xcf\xd3\xca\xec0\xfd\xb4\xea\xd4\xd3*cK\
\x5c^Y\x92\xdbd\xaf\xe4\x02\xb7\x09\x16t3\xb7\xc9\
Z\xd1u\xf1Xu\x97c\xacz\xae4^}\x1a\x7f\
\xfae\x1e\xa3\xbb\xdbXK\x1a\xb2\xb1\xb5\xdd]\xc3\xc6\
\xb6\x8c\x8dmy)I\xdd\x0f\x87\xd6\x11\x09\xf6\xc0\xb7\
\x0d\xa6#\xa4\x91\xaf\xdd\xb7-c\x03\x5c\x0e\x96\x13\x5c\
\x81\x00\x18\x04W(\x10\xceb+\x10\x09\x97\xb1).\
\xb3\xe7\xab\x93\xdbW\x9c\xc55\xb7\x0f'o\xd5\xe7v\
\xfdW\xc6&\xaa\xec-\xe15\xa1\xb1\xb3'^\x13\x1e\
<\x9b\xbc&\xeb\xf8\x14\x17\xcf\x8fw9\xe6\xc7\x1b@\
\xb9n\xb0\x07\xf4\x06M\x8a\x04\xc6\xf1\xb5\x9a\x06\x02\xa2\
\xf82\xb6Legy\xa9\xe7\xa2 q*\xf5L\x06\
\x8aI\xee\x19\x84\x8ae\x1c\xfd\x96\xc5r\xc2\xa7\xc2\xbb\
7\x13>QW\xd0\x84O\xe0\x0e\x06\xd8\xf8\x06ly\
\xf5\xa9\xb8\xd0>eE\x03\x9b\x01\x05\x07\xae\xd4\x0c$\
{\x9d\x0e7\x84\xb9,\xf3\xe7-V\xd7\xdaMuR\
O\xe0~\xaaTQ\xb4\xed\x170\xc0f7(/#\
F,J\xa4'\x96\x89J\xa0k\xcb\x04\x92\xcd\x016\
\xb9\x01c\xcc;\xbb\xb3\xa1\xe8\x9cfj:\xe4q%\
5\x1dt`\xd8\xf4\x06\xfe\xb22\x81\x05\xe8\xa6\x5cZ\
\x12\x9b\xf1i\x114l\x85\x03oI\xd0\x0a\xb3\x81\x93\
\xd0\x0a2\x82\xa7\xb0\x9e\x0f\xb0=\x0e\xb8\x92\xd1\xf9\xfa\
\x0a\x5c\xd3\xd1\xee_\xbe\xc7\x02\x97t:z\x91\x05z\
d\xd8(\x07\x5cFy&\xbb\x09:}\xcdAM\xe5\
4a\xb3o\xad\x96$3#{\x8e=\xc0\xb68\x10\
\xcbP\xeeEw/w\x9d\x88kg\x9c'\xfb\xad\xf3\
\xb1\x05f\x18\xe1?\x93P\x02\xfd\xfd\xb3i$\xdc\xe0\
\x9fd\x91v\xec\xa7\xe3c\xd3\xcb\xd0\xc2\xacv\x8c\xc8\
\xc0\xfd\xf0\x87\xe1\xeb\xdfqg\x8c\xf6\xfa\x942\x8f\xeb\
\xdbE-1\xfd~\x04\x99\x88.\x9e\xe0\xefrL\xf0\
?\x91\xea\xb3\x0f\x84\x999\x19j\x22\x0c\x1e\xa2\xe2\xe2\
\xf1\xfd.\xc7\xf8\xfe\xe3_\xee\xc8\xa73x\xf2tt\
\xf7\xb6'p&B\xcd\xba\xa8\xd5t\xa2h\xa7\xd2\xf6\
\x04\x95\x8a\xe8\xd7\xaa;\xe6\x1b\xf6\x5c\x84\x8fm\xac\xef\
/G\xbf\x91\xbdXS\xfa\x8d\xee\xc3JT\x1c\xbav\
\xd8\xc2\xfa\xde\x12\xbc=\xd0\xcfx\xc2\xdb\xc3\x1d\x8d\xa9\
\xbbgmit\xf1\x94\x7f\x97c\xca\xff\xac]\xa52\
\xcc\x16\xebZ\x90lNl,L7\xfb\xd8\xca\xfa\xcb\
h'+,\xf8N\xf4\x92\xe1bo\xd4\xc2\xb5^\x1f\
[X\x06\x16\xa39\xad\x99J\xe1\x1c\x07v\xb2\x5cH\
\x9fZR3\xb4\x1f\x9b\x13\xc2\xea\xaf\xf9h\xf1.[\
\xb5\x7f\xf0\xdcu\xcc\x0c\xd4\xca\xa1^Q\xabGib\
`\xa7\xdeD\xc4@)k\x88a,no\x8f?\xfc\
\xc3`\x00e(}$\xcdd\xb8\xa8\xbd\xeeT\x87%\
')a\x80\x85\x0fX\xcf\x00\xa4\x91\xa7\xcf\x00'\x90\
\xcd\x11X\xd3\xc7RT\x1f\xa3\xf0y\x8f\xc0\xf2\xee\xa7\
\x8f\xc0\xfe\xde\xcd\x19\x00\xe9\x05\x96^0J\x0f\xba\x89\
r\xe9q\x07\x11\xec\x1er\xc2\x00_\x7f\x86LO\x22\
\xba\xbd^\xde$\xc7\x19\xc3\x02\xb9\x14\x0c\xdfz\x86\xdc\
G\xfe\x8b\x83]\xa1\x13\xbf8^\x13\xdaDS\x5c\xa5\
\x8c\xf8\xc20\xc4_\x89\xec\xf6\x98+\xbd((\xcej\
\xa2\x18\xcb)\xc3\xeea\xf3\x11\xc3h\xc7\x83\xfd\xe1\xbb\
W\xd2J'\x03\xab\xec\x8eb\xbdW33\xfc\xdbQ\
\xc3\xd81\xcaO\xac\xd7:Q\x84\xdcD)\xb8\x8f1\
\xf9L\xe3*%,\xe3&\x1a\xe2\xcb\xe1\x13\xfb\x9d\xd2\
\x16\xbab\x1cE\xdd\x9b)u\xe96\xb8[\x9d\xdaf\
\xd3|'\xb2\xc3\x12\x18\x96`\xda\xbf\xf9\xc5\xff9\xfa\
x\xfb\xf8\xf4\x05|R\xc9\x06\xceJ=\xda\xee\xf5\xcd\
\x904\xea\xa8\xa2\xba\xfcf\x1f\x9f\x15\xb6\xd3e\x06;\
=\xf8\xee\xcc\xe8\xc2\xa5\xf9<\xe0\x9dF{\xa7\xd2\x98\
\xdb\xfd\xdd\xd9\xa1\xdc_)=\xbe\x84\x0c\xd6o\xf0\xf1\
\xc7\xe1\xab\x87\x05\xc3\xb9\xb4B\xab\x14vW\xc4\xb8Y\
]\xca\x8a/\x1d\x07\x19\xfe\xf0P\xaa\xe3\xe1\x9d\xc3\xf1\
W\x9f\x92e\xa9\xef\x87\xbf\xfd$\xe1\x1c\x7f\xf9\xcb\xc9\
\xa5\x0c\xf2-\xe9\xa9PR\xdd%\xad\xd0\x1b)%k\
\xa3\xb7j\xbf\x80{\xb5\xd8\xac&\xdd\x887V\xad\x10\
a\xe9\xde|\xb4p\xa0r0<\x7f\xf5\xe8\xe3\x8f\x83\
\x7f~\xab\x00\xbe\xf9\xc5\xa6)\xd4cjhO~K\
_\xbe\x9d\x9e]ID\xfd\xb5-\xb4\xba\xcb)c\x0b\
Zf\xb0\xa0\xa3\x0b\xcf\xf3\xc4\xb3\xbda\xf8\xd4d\xba\
\x99\xe8\x16>\xa5\x93\xcd\xd6fa\xa7\xec\xe3\x97\xe3\xfb\
|&\xc9h\x85\xe3?\xef\x0c\x9e\xbc\x9e\xc70%\x9a\
\xa1%\x11u\x0b\xd3g\xd2B\xf57Z]\xac\xf7`\
\xe4o>bqvd\x80\xac7\xf7\x1e\x8c\xdf<\x86\
\xfeNMsK\x8d\xc7cE\xd2\xd4{\x5c\xec\x17\xae\
\x84\xb5CI\xb0\xa2(\xf0\x93k=\xdaS\xaeAW\
\xb9\xeca\x0f\x88a\x8fQ\xb6\x0b\x1a?\x9al\x134\
\xfdf\x22]\x88\x07o\xc6\xc3f\x94a\x1c\xc3TR\
\xc2\x0eb&\x0bA\xe00\xf9\x07\x84\x03k0\x86\xad\
?\xd9\xdb/j#\xcd_}A\xf7\xa8|\xe7\xb8w\
T\xca\x8cU\x99\xe7/\x03\x8e=>8\x01\x07\x87\x0a\
) \x10.\xc0}@\xe6\xa3E\x1f\xfc\xcd\xcf\xd2\xab\
9\xfa|\x7fx\xf1\x09\xd9f\xb9\x96\xf96\xab\x95\xed\
\x22v\xfcZs\xb5\x0e\x9b,\xa5\xdcX\x871\x8c\xfe\
\xc8\xce\xc83\xd3.\xef~\x1a\xec\x7f&\x0e\xc8K\x86\
]J\xcb\xb2\xdd\xb3\x9fO\xf2\x15\xbb]q1\x1a\x97\
\xc3_\x9b\xa8=\x832\xed\xa4\x0b\x80\x0b\xb4\xda\x01h\
\xda18X\x99\xb1\x0c\xfbP\xa3m\xb3AR\xd4d\
ky\x0c\xe9()b\xa0u\xad\x06\xa7YK\x81\xb1\
s\xc9\xb0k \xbb]\xbe\x10T*,\xbd]\xbe \
g\xfe\xc8\xcb\x95|\xa3o\x07\x83\xb53\xc7\xbe\x81\xe9\
\xd7\x0f\x0e\xe6\xe4\xd3\xc7G\x93\xbc|t4X\x971\
\x8c\xec\x9f2\xfc\xf6\xa72i\xf8\xe1K1f\x1f\xbd\
\x14\xecE2\x0c\xee\x9f\xbb\x16\xf1\xd7J\x10t\x01\xa2\
\x0c\xa7\xf5\x9b\x8f81\xd9}\xca\x194\xd0\xab48\
\x80W\xe9`=\xec\x08\xf6w\x0f\xd6\x22\xcd\xbc{\xb8\
\x15)}\xf6\xf6\xc4lY`\x0f\x99a\x22\xbf\xe9E\
\x1b\x9c}%\xa3\x14|(\xa6\x03-\xc9\xcc\xd6\xa8c\
\x89vk\xc4\xb9\x08l[D\xc8}.\x04\x03\xe6\x84\
J&\xd8/\x99V\x069\x1a\x81\xbdL\x8e\xf9>\xd3\
\xa4Z\xa2\x229C\xa8%\xcb\x90\x86S\x8bt\x80\xc0\
\xaaYx\xdc>\x19\xb1\xcet\xc6-\xa3\xb6\x99\xa6~\
\x19r3\x05Vk\x1c\xd3Uf.\xde\x1c\x90\xfc9\
 \xf94$\xac\xe3\x04\xbb\x8e\x03\x1dt'\xf1\x80\xf6\
\xb9\x1c\x8d5\xf2\x0c\xe0\xb0\x11\xf3\x11\xcb\xda\x91\xc1\xd9\
\xf3\xc77\xbe\xc1\x84\x90l\xf3\x88\xea\x06\xda\xc8\x06#\
\x80\xed#&\xff\xbcaGS\xc6h\x18\xb8\xbf\x0f\x0f\
\x07\x1f\x0e\xa9zT\xb2;\x97(I\xe1 3\x80C\
D\xccG\x0b\xaf\xd5LwR\xda-M\xbe\x8a\x12\x18\
\x18\xb3\x87\xb2k\x17\xdd\xc7\xa2\xfb|\xbf;x\x0c\xd9\
\xef\x0e_\x81\xfe\xd9\xd1\x0b\xf0\xb0\xec\x0c\xb3\x94g\x88\
^/\xaf\xabn\x97\x8b?\xda[@\xa6X^\x8dv\
\xc7\xec\x08\xad\x80F\x90\x84\xec\xd5\xb1\x17\xce\x028J\
\xc3|\xb4\xe8\xd3\xbe\xb8?\xbap\x8e\xb4\xf6\xd2\x97\xdc\
i\x14\xee\x13\xea\xef`\x1b\x1f\xc0\x09\x1a\xe6\xa3\xc5S\
\xfb\xc9Z.\xbb'\xa9\xf2\xfa\xd4f\xcaSp\xab\xa6\
\x14O`\xc9\x05\xd3f\xb4\xe3\x9f_\x0co\xdd\xc1\xf9\
<\xb3\x1f-R\xbb\xc4\xd2\x08\xc5>\x85t\xc7\xf4\x7f\
Y\xb3y\x01n\x8d\x0a8\x06c\xdcz9\xbc\x7f-\
\x81a\x9f\xa6*\xef\xd1Z%\xedb\x83\xa3T\xfbk\
-4HU\x0a\x8a\xcd\x1cG\xbd5\xddq\x8a\xfa\xdd\
\xb3\x1d\xa7\xb8\xcd}\x03k(\xdc\x17\x150\xf4E\xa9\
Z\xc3\x83\xcb\x13\xa9a+\x1f\xab\xd9h\xef\xe5\x9d\x9f\
\x88\x88\xd5\xdc\xd3*\xc9\xca\xc3\x92\xc2b+\xc11\x0a\
B\xc6\xb7_}\x1a\x1e^\xc3\x19!y\x91T\x095\
J\x97\x9c\x81|P\xbf\x1d\xc1dP\x00\xe7>\x98\x8f\
\x16\x05Q\xc0!+f\x8ea\xda\x98\x14\x10\x9b\xba\xd0\
c_h\x8a\xa2\xf3\xa9\x85\xa608\xcf\xd7\x99\x02\x05\
\x1bb\xf3\xc60\xd7\xc1\xf4\xd7\x9a\xb4\x09\xd6L\xa6\xb7\
6\xcb\x9cP\xea)j\xad\xf5\x09\xfd\x84\xed\x5c\xc8\xb2\
\xfa\xd7,\xcc\x05\xefB\xed\xfd\x8d\xd6\xa9'A\xbe\x08\
l\xe9\x18z%L\x97\xc4\xe0\xfc\xdb\xe3\xd3?b\x1e\
A\xd2\x1c!\xff\x12\xd3\xd3\x83\xe2v\x1c#\x0a\x81\x13\
\x94\xb1\xa9c\x98<1\xd9\xb3\x8d\xf3\x09\x93\xfd\xdaT\
.!\x99\xfdiO%\x04el\xf0\x18&M\x8c\x9e\
\x9d\x1e\xdc{X\x84\xa4\xdf\xe8\xf6\x8aq\xf4\xbb$\x0e\
\x1c\xd1\xb1u\xa9\x14\x9e\x88\xeaR\x99\xe3@\xfa$\x10\
l\xc4\x19\xa6J\x0c\xce~\x18\xbe\xb8E(*\xdd0\
\xd4 \x15T\x8c\xd5S\x19[n\x86\xc9\x112\xb8\x93\
. \xd5Z[Q\x0e \xd5^\xbb\x86\xedD\x19\x1b\
=\x86)\x11\xf9bU{\x87\xd3\xe4VU\xd4\xdd\xa4\
7\xaa\xda{\x9b\x822\xb6r\x0c#!\x8c\xa5\x06\xa2\
\x1b\xeb\x8b\x84N>\x05Rcs\xc61\xffa2d\
\x80\x9e^\x1e2`Go\xad\x85\xcdZ\x19\x9b5\x86\
!\x0f\x83'O\x877_\x0e/\xbf8:|jl\
\xf3\x09\x0c\xd5J\xa7\xdek\xf6T\xe5O\x1bg\x0b\x80\
j\xa7\xb9\xa6,\xb3\x15@\x80U'\xc3\x90\x80\xd1\xcd\
{\xa3\x0bO3\xbd\x83\xb8\x97\xbd\xad^\xae{H\xe6\
\xe5\x16f^J\x81\xb1\xf6\xe4\x18\x10\x90\x86\x0e\x13S\
\x93.P\xd1C64\xc9\x1e\x89\xb6\xa35\x1cN\x07\
X\x97r\x8c\x02\xb8wa|\xe1w\x19\xd3\x0d^=\
\xc0\xcfCZ\xb4\x8e\x8c\xe4\xda\x05C\xb8\xa3\x0e\x9e\xc0\
-\xa5\xc5\x91PP\xe2\xcb/\x01\xa3\x90'\x97\x90Q\
\xd0\x89%`\x14\x02l\x14\x02\xe6\x2288\x81\x89\x22\
8\xfe\xfd\xc9\x9f\x1f[\x06\x86\xe1\x04\x83O\xaf\xc6O\
\xbf&\x0a\x93z\xbe99\xea7\xea\xe0\x84q\x80\x0d\
\x04\xc3,\x02\xe3h\x8f_\xfc9x\xa2o\x90\xd4\xb5\
\xe7\xaf\x01G[F\xa3\xab\xba\xf7\xb8ZYS\xb6\xda\
\xeaiwV\x11\x99U\xca\x8b\xed\x04\xc7\x00\x02\xdd\xae\
;\xbcwyp\xf1\x11f\xf1$M\xba\x1b\xbdS=\
\x92\xc8\xd3\xdf\xd88\x05\xa9<\x81\x8f\xa3\x1f\x8e\xc1\x03\
:\x90\xcb\x12\x1c\xb8V\x97\xc4ri\xaa\x83(\xd5\xc5\
m\x9d\xed\x00\x85\xba\xc0\xc71\x10\xcf\xf0\x81\x89|\x93\
5i6\x9doBI3\x93n\x0293\x1f\x1bq\
\x86\x91\x03\x83K\xb7\xe4\x8d\x1a?\xbad\x5c\x10\xaa~\
ZQ\xb7J\xd9\xeeh\xbd\xa8~Z\x8f\xa8C\xc1\x96\
\xdcg\x89\x83\xc6\xa7\xcf\xe0<\x81\xf2EZt\x86\xc0\
\xc4\xd5\xf6\xfc\x00\xee\xd1\x0f\x18z\xf4\xf34\x8d\xbdq\
*K\xd3\xc0\xae\xa96\xdcQ \x05\xc4&\x8fa\x8a\
@VJ\x01)\xf0\xb4\x94\x02\x13\xe0\xba\x96\x02\x12\xe0\
\x985\x10p\xcc\x0b\xd0\x8a\xe9\xf8\xf9\x9f\xc7\xcf\xdf\x16\
\xa5\x02\x12\xddd\x0e\xa08%\x10\xb7\x93\xd53 )\
\xe0c3\xc80,`\xd2\x0d\xc1O{\xd2\x13!\x9e\
\xb5\xf1E\xe0\xab\xc6F\x90c\xd3\xf1\xcc*\x02\xb4\xe3\
q\xb2|\x8a7<\x9a\xb2)\xf0\xaaJX=\x95\x18\
\xb8DW^J\xd7\xdc<\x94P\x080|G\xb5A\
4U\xd1N=\x18\xf95<|\xa7\xdfl%_\xb1\
?\x9c\x12v\xd1K%\x86Y\xe8?\x8f\x9e}\x937\
\x16\x80\x81cz8\xa1~4\xa6\xc3\x80\x185\xb6\xa6\
\x9b\x0c@\xf5\x023V\x02o\x85;\x06$\xab\xda\xb3\
a Q\xdcNBA\x10\xa2c\xfeJ\xc0\xc0_1\
\x8amt\xe3\xcd\xe0\xe23r\x1ep\xa2\xd5\xaa\x12E\
\xd5\x9c\x16\x9dB\xafV\xd7\xb0\x8d\xf4\xb0\xc7\xe21\xa4\
\x1d\x14\x9a\xbb\xe4\x01)\x18\xad\xa2mE\xd5\x16u,\
X\x09x\x01{\xfa\xca:\x16i:}\x05\x06\x22\xad\
\x11\xae\x0a\xe6\xe0\x04\x0c\x1c\x9c\xbc\xfb\x03\xda\x95<@\
'\xac\x8a\x8e\xd1\x91Q\xc1\xac\x9b\xc0\xf3xy\x9d\x94\
\xcd?\xf5\x17\x1a<O\x91\x0d\x9e\x81\x87\x1d\x19\x8f\x81\
\xfe\xf8\xeb\xed\xd1\xaf\xfb\xe3\x9f\xce&a/\x9a\x0c\xb4\
]\x95\xba+\xd6E\xcb\xd5u\xd2V\xd6\xaa\xf1*\xb6\
\x95\x1e\xf6^<\x87\x89\x99O\xbb.\x86\x94_\xe0\xb8\
\xd4\xa9+\x86\xfd\x16\x96\x05\xc8\xbf\xa9\x15\xaeB\x88b\
\xbfr;\xdd\xe4*\xc4\x1c+\x90\xe38\xfd\x1e\xbaj\
.\xb6\x96\xee\x0a_\xc7\x0b\xb1<.kz!\xb7\xc6\
m\x10z\xd8\xc5\xa6\xc4-\xb37\x8c\xd0)_:\xdf\
\x8b\xd3\xbd.\xb6%n\xc0\xad\xc4l\xef\xfd\xd4\x5c\x0b\
\x9fN\xe1mORPlK\x5c\x9f\xdd\x8d\x04\xfbh\
f\xddH\xb8\x8f\xc68\x91 \xf1\xebb\x9b\xe2z\x8c\
\xcf\x02\x0c\x06\xcc\xde\x049\x0fp\x03\x17B\x5clA\
\x5c\x97)\x1fD\xf2\xcek\xdb4\x0f\xa5\x8e9\xe7\x81\
\x8b\x0d\x86\xcbh0\xc0c\xce\xad\x05z\xc8\xdaT\xa0\
w\x8c-\x05\x03\xc34+#\x03\xd9'\xcb\xc8Hz\
]F\x06\xd2;\xd8\x1a8\x0cl\xfft\xcc\x07PA\
\x13\x13>\xa0\x02\xd2\x03>\x80\xfe\xc1\xcc\xd8\xc0a\xec\
\xde\x04\xbd\x13\xf9\xa3\x85\xbd\x13\xfa\xc5\x82\xde\x09\xcc\x1e\
\x0d\x9c\x80\xd9\x88Y\x03\xf0i#\x86\xa3oc\xc6@\
\xf0\xed`\x13\xe0\xf8\x8c\xfdD\xf6\xccg\xd2I\x04\xf3\
\x9e\xfd.\xce{b\xbek\xc0\xc0w\x9d\x19\xa7\x82\xc7\
\xdcN\x0fQ\xc11\x9d\x19\x9f\x02\x82:L|\x0d\x1c\
N\xed\x8fZ7S\xed\x8f)\x95\xd8\xf2b\x82k\xc0\
@p-ZkR\xb8\xd0\x04\xaf3\x91\xf2a\xdd\xef\
\x08\xfe\x06l\xab\x0e\x9dn\xc0\x86j4\xe9\xc0\x06\x8a\
\x14SZ\x03\xb1\xc2\xaa\x8b\xc8\xbc\xc0\x84:\xa2r\x03\
m\xaa\x8e\x84\x19\xad\x81\xe0\x1d\xfdB\xcd\xe3\x98\xa2L\
S\xc38\xfa$\x16\x1c\xe7\x88\xc5\xe3\x9c\xa3OWF\
\x8f\xff \x81T\x1b\xdd\xa2\xd3\xa8v)\x00\xd8\xc6\x89\
\x80\x97\xbcn/\x80\xcf\x92\xd7a\x05<a\xaf\xdb\x0b\
\xe0\x98Q\x1c00\x8a\xcd\x0b\xcfM\x85\x1d\x89z\xe0\
\xb9\x9d\xc0@6\x9b\xdaP $\xd8P\x08NCa\
7w\xb9\xa1\x80vN[\x0a`\xe50g8\xe0\xe0\
\x0cg=\xbf\xa0\xb3%\xe9\xf6\xc5}-\x04\x11\x12s\
\x83\x03\xc1\xd84\x88\xcdD\xd24H\x99\x88j\x07[\
\x08\x1f\x0fF\xf5W8\xe6`\x9f\x1e\x1c\xfc\x22\xff\x1c\
\xbf\xdb'\x93GQ\xa3ZiD\x8dVQ\xfa(\xaa\
FD\x22\xdf\xc7\xecf\x9f\x81\xdd<9\xc6\x11\xb3\x9b\
\xa7\xc77\x12\xd4f5\xb2\x11R\x9b}Lm\xf69\
\xa8\xcd\xb3\xa5<{\xeax6\x07\x83\x13\xc7&\x09\x83\
.Y\x80\xb1\x04\x1c\xdd_\x89\xad\x00\xf3g\x92Q\xbb\
x\xf6\x0c\xee\xa2\xf01\xd3\xd9\xe7`:k\xd1}b\
\xb8\x89\x16\xde\xa7\xc6\x9aD\x91\x8f\x87\x9a\xf8\x98\x14\xec\
\xafp\xb5RL\x0c\x9e\xb5\xb6E%O!\x9f9\x8b\
:\xa3\xe2\xb6&\xfb\xaf\x82\xa3p0\x94\xc5\xcd\xc4\xf8\
\xf5\xb3\xe3sW\x93y\xfd\xe7\xae\xdb@\xb4\x92)\xb3\
:y\xdf\xb4\xb7\xf6+\xed\x147\xed\xf2\x0b,\xbf\xe0\
\x9a/\x93\x11\xd8\xecGa\xe6\xcbL\x12\xd8\xd0YD\
\xbb\x9a\xbf\x06\xce\x02s\x84}\x06\x8e\xf0\xc4\xc66+\
\x8alC\x1b\x12^\xaffC\xa2c\x1b\xc1\xb12A\
o\xa9\xc4\xdeF\xb2\x96\x92\xf27\xba\xd8\xdf\xf015\
\xd8g\xa0\x06\x17\xed\xff+\xda\xfa\x87W\xfeI\xf1\xb0\
\x22e \x03\xe7\xf9T\xbb\x1a\x9d\xcc\xa7\x22E\xaa\xf3\
\xa9@\x8db\x16\xb0\xcf\xc0\x026\xec~\x9c\xd13\xbc\
~2\x99\xd7\xd9\x81\xb9<\x1f\x93M}\x06\xb2\xa9)\
z\x86\x05\x03y\xf2\x82gX4\x90'\x8eCj\x1e\
\x8f\x8f\xf9\xa7~(x\xe1\x10S\xc7\xa7\xe1\x90\x83\xc7\
\x13<\xc8i\xc5$T\xbf\xccX\xb9%\xeb\xd1\x93\xc5\
[\xb2\x10]\xa3\xa6\xc1\xfb\x98\xbd\xe93\xb07\xff\xeb\
\xbf\xff\xf7\x7f\x9a\xb1\x96_$3\x9f\xedk\xb4\xb7:\
k\x8dt\xb0eE\x8fLF\x1b\xb4\xf57k\x95\x1a\
\xda\xa1-\xc5\xc6\x0a\x97c9\xf8\x9b;\xc3W\x0f%\
\xa0\xf1\x9b\x7f`7\x5c\xde3=\x09R\xc2\x89\xc9d\
`\xdc\xac\xc5\xd8\x0b\xc7\xa4N\xbf\xcc\x95\xed\xa0\x5c\xd9\
l9\x04R\xc0\xc9^\x08\xa0\x821\xaf\xd3g\xe0u\
\x0e^\xbc\x1d\xbc:+\xff\x1c\xddx\x83\xa7\x89\xcbc\
h\xf6\xe4\x1f\xd5\xa4\xd1\x09\xcf\x13o6\x9bU8P\
\xdc\xc7,O\x9f\x81\xe59\x9b`\x86\x0bl&\x12\xcc\
\x90ik\xf2\xcb\xe8L\xb0ea\xe0}\xda\x86\xde\xdc\
\x9fg\xe8\x8d=\x05\x95N\xbdY\xb5C\xc1V\x85c\
\xc7\xf7\x0c\xe3\x10\x0e\xbe\x99n5\xc5\xc3oL\x9f\xa9\
\xbd\x04\xe9\xe3\xb5H>\xc3Z\xa4\xd9H\x03D\xdd'\
\x22\x0d\x1c\x7f\x9bP\x038\x8e\x98\x0a\xea\x07\x01\xe3\x10\
\x13\xed\xb2\x8f\xcf\xdc\xb0\x0fJ\x9f\x1aZ\xad\x02A\xfb\
\x9c\xf4tju\x0b\x1c\x0cV\xc1\x1c\x5cP\x1d\x87S\
*8\x09\xc1I-\xdc\xdf\xa0\xb40&\x81\xfa\x0c$\
\xd0L\xff\xc2\xa2X\xaazqA\xac\x8a- f\x81\
\xfa\x01\xd7h\x80\xa3\xcf\xf7\x8f\xef<\xc7\x9bv\xb3H\
D*\xa9\xbe\xc1\x82\xfb\xfd\xe3\xdd\xd5>Z\xb6+e\
\xc6*+\xe0O(\xd8g \x9e|\xe6x\x18b\xf2\
\xce\xed\xe3\x10}\xccF\xf4\x19\xd8\x88\xbe\x10\xa3\xdf.\
\x0c\xef\x7f\xa5\xa0\x5c\xb8<|\xf3n\xf0\xf1\xb4\xd4\xc7\
'\x00\xc9/V\xf3XqW-x\xa846+\x0d\
\xa5\x94-\x98\xd4\xd7U\xdc\xb8[\xdf\xb4\x9bzLJ\
\xf4\x19H\x89\xc6\xc8;\xc5\x0d\xa7\xca\xcc;\xf3t\x9a\
n6\x1d\xb2\xd1\xd4\xc7\x84>\x9f\x81\xd0\x97\x07\xf2\xf6\
\x95\x8d\x93\x81<^\xd8\xa8Cy\xfb\xbeF\x1fs\xfa\
|\x06N\x9f\x09\x1f\xfd\x09{B\xc4\x8e\xfe\xa4A\xb1\
F\x8e\xc97Zv$X\x9d10\xfc&\x91\xc8{\
58|W\x88\xa4\xab^\x8a}{@\x82\xa4\xbbi\
ER\xc2\x8f\xa4\x142\xa5\x13\xcd\x12\xe7\xf4\xa9\xd8w\
mg\x1b\x9c\xcd\x1b vm\xb7\xaa\xab\xc9w\xec\xda\
\x0c\xf3\xca|\x0e^\x99F\x94\xa5\xacI8\x13\x89k\
\x0a\x8f\xce\x5c#0\xf8\xc9\x94|\xd6\xe3\xf1\xe7:\x1d\
\xbf\xf8p|\xeal\xb0\xdd,1\x17m\xednX^\
\xb4EN\x98\xa9\xd9\x02\x1f\x0c\x13\xe3|o\x85\xd7#\
F{\x83rw\x18\xae\x0cJ\x5ca{\x83\xaa\x8f\x99\
p\xbe\x17\xb2b\x00\xbak\x12\x03\xd6[)\x0a\xa0\xb7\
0\xf7\xcdg\xe0\xbeM\xa6\xee\xac\xe5\xd9\xc9\xa4\x1d\xa8\
\xcbn`o\x18\xb3\xde|\x8f7\xb0\x22\xd7\x1dN\x1e\
D\xf1\x9e\xc3\xf4@\xd0\x9aC\x1f\xf3\xe0|\xcf\xe7E\
E\xcdv\x9eDU8\xd99\x05\x85F;\xfb\x98\x19\
\xe7{\x1e\xef\x8b\xb7\xef=\x9bz-x\xe9Y\xf6\x5c\
\xec\x01\x0b\xa6\xc3\xf9\x0ct8E\x15\xfd\xed\x9aO\xe8\
-\x15;\xc6&\xfaEj\xab\x1a\xfb\x94\xd6\xc2\xf9.\
\xcf\xe1\xbd\x5c\xc4N\x8dI\xe5K\xec\xd3H\x150(\
;`*\x9c\xcf@\x85\x93\xff\x17\x93v\x1d\xe7\x89\xe4\
\x17s\xc3Ne\x89\xd4\x17\xa5a\xc7\x89\x22\xcc\x80\xf3\
\x19\x18p9\xdb\x04\xac7\xcc\xd8&\xd4r\xc3:~\
\x1c\x988\xe6s\x10\xc7\xf4\xe3\xc0YT\xf34\xa8\xf4\
i\x15\xcfQ\xf51a\xccg \x8c\xcdL\x12\x82%\
\xde\xa91B\xb0\xcakf\x08\x01\xd7\x0a\xd3\xc5|\x06\
\xba\xd8\xf8\xd3\xfe\xd1\x87\xb7\xb89`\xaf\xa7\x06AT\
\xc8\xee\x80\xbd&\xee\x0e\xc0d1\x9f\x81,6:\xfb\
d\xf4\xe5oX\xfa\xad\xf5\xa4\xab\x18\xca\xbe\xd5%d\
\xc7\xaa\x95\x83+\xf6\xed\xe3cSa\xb7\xcb\xae\xb6\xab\
t\xe9}\x185Jx\xacK\x19\xc8b&\x07g\x22\
\xd7\xd1\x8d?\x8e\x0e\xce\x8d\xaf\xbe\xb2%G\xb24\x9c\
\x09M\x95\x9d8\xa5f#\xe8\x7fgm\x8eN\xbex\
\xaaew\x111\x8d\xcc\xe7\xa0\x91Md\x18T\xd7\x95\
\xd4\xb0:\xfbS\x98g\xd0\xff,\x15n\x96\x0c\x222\
\x0eq\x14\xef\xda\xb1\xe1\x08\xc4\x09\xf9Z\x98\x88\x19[\
i\x17\x135\x5c\xabE4B\xe0\xa5\x8b>\xc3\xd2E\
K\xf5\xcd:\x84\xe7D\xf5\x0d\x8c\xe1I\xaao\xe0\xa2\
a\xe3\xc7@\x9a\xcb\x1b\x070Uw\xb2i\xa0\x80\xaf\
k\xba\x06 g\xd7\xc7\xdc9\xdf\xf1\xb9{\xaaa\xdf\
h\xdeP\x0d;GM350\x85\x98G\xe7;\xcc\
1\x07\xe8\xf2\x9bpta\xa3_\xe2\xe4\x82^?\xcc\
\x9f\xf3\xb9\x17G\xda\xcb#'\x96,\xa2\xdaH\xc2S\
\xb1\xbb\xea\x98J\xe7;\x0e{\x93>1~#\xbfS\
\xd4\x00\x0es\xad\xa0\xd6\xc2\xb6\x92\x81\x5cw2\xd7;\
\xbc\xb3\x7f\xfc\xe8\xb00\xd7\xdb\xd4\x03N{m2\xd9\
\x0b\x22\x0fL\xb3\xf396G^\xdd\x1f^:3\xfa\
\xf0\x9b\xbc`\x83W7\xf1\x83\xd9\x5c_\xab7\xfa\xbd\
\x8d\x8aT^Tk\xef\xe6Z\x7f#\xc6\x8f\x063\xed\
|\x112\x19\xfd\xdc<\xda\xb5qn\xf13+Ii\
\xe48\xd6\x86\x12\xe8cL\xb7\xf39\xe8v'Y!\
\x16;ic\x85\xd8\x0deJ\x0b\xb1\x1bJ\xcc\xbc\xf3\
\x19\x98w\xc3\xf3\x9f\x07\xf7^\x1e\x1d>\xc5@\xf4\xb3\
o\xac\xd5\xe9*\xfc\x86\x99\x18\x060`\xfb\xc8@\xbb\
\xcb;\xb0\xed\x00\xf2\x0el(}\x97\xe0\xb2\x08\xdc\x00\
!XF\xec\x1d\x1d\xfc`\x86z\xd3\xbc\x9ch]\x0f\
\xf5&\x93\xbfQ\xd4!\x80`\xfb\xce\xb1|\xf4\xe4\x88\
uzAS6\x84\x0e\xeeh\xa2n\x14\xb6\xf3\x0c\xf4\
\xc7\xa9A#\xb6\xd9\xde\x93\x83F\xc0d\xef:!<\
\xb6\xee\x0c\xf4\xc7\xa9I#\xf6\xe6\xd2\xc9I#\xa0\xb1\
t\x97\x10\x1f\xdbs\x06\x0a\xe4\x14M\xde\x92\xb7\xca\xf9\
\xf1\xf6\xac\x95a\xc7[\xb3V\x1e\xe6>z\x0c\xdc\xc7\
\xe1\xc1\xfe\xf8\xcbGR\x1b\x11\xe3\x81tSow;\
a\x15\x11\x13\x82t\xf2\xc1n\xde<Lz\xf4\x18H\
\x8f\x06F\xbe\xd0\xd2\xeeM\x19$\x19?\x04\xbaR\xb5\
\x1a\xc1\x11\xf10\xe7\xd1c\xe0<\x0e\xcf|;\xba\xf1\
0#\xab!\xbfp\xdd\xec\xd9\x9d\xa0\xabQ\xaeaG\
3\xd6\x10\x1e\x1f\xe3\xf1\x99\xf0\xe4\x5c)0\xc4#\xc5\
\x939Rx\x05[\x1d\x87\x83\x1e^\x9b\xea1\xacM\
M\xb0\x9c\x98\xfbK\xac\xe1Nq\x9d\x18\x03L.\xe4\
\xee\xa4\xe3\x80A{\x93\x87\x09\x93\x1e\x07a2U\x0a\
\xa6\xbbn\x82\xe8f-X\xe5\x0a\xc2\xf4\xd9eg\x88\
\xcaWRQD\xbbu\xbc\xdc\xd3\xc3$Jo\xc5Y\
*<\xebhJ\x0c\x0f\xb849\xbe\xbe\x1d\x9f\xc0\xf8\
\x04\x1f>\x87j\x8f\xc8a9d\x8b\x84\x04\xe3\x10=\
\x12\x1e&Yz\x1c\x8bX\xcd\x93\xcb\x14\xbb\x9dK\x93\
\xbd\xb0tK1`\xd2\xd4;f9\xb1]y`\xce\
\xa5\xc7\xc0\xb9\x1c~\xff\xf3\xe8\xc3U\xd7\xf5\xf1\x91\xec\
5\x94\x12\x97_!\x8ec\xaf\x99|\x0eN\x03\x1b\xa7\
\x90a\xce\xf1\xe1\x1f\xc3K\xc4\xfa\x9bv\xc5\xacTB\
\xca\xbb\x1dc\xd5\x8dI\xa3\x1e\x03i4{\x13\xf9U\
z\xf3N\xf5z\x9c\xfe\x81x\x19\xa9\xba\xae46\xf4\
?\xdb\x9f\x87Q\xd5\x1b];,l]\x19\x18\xa5\xa3\
?\xaf\xc8s\xf0iV\xe3\xd6zC\x1e\x87_@h\
\xdc\xaa\xf9\x04\x9f\xd1\xc3[Z=\x8e-\xad\xe9\xf1\x1c\
\xffz[\xfe\xcd\xf0\x0c1)!?\x9eZe\xbbf\
\xc6\xa2\xc0z\xbc<\x9eZ\x0d\xf36<\xbc\xaf\xd5\x0b\
\x19\x0di\x9eI\xc2\x93i3X\x13\x06\x86\x18Q[\
\xeb\xd6\x89!#\x1e\xa6\xd3z!\x97\x09\x95WO\xda\
\xcf\x22\xcb)\xef\xden\x81\xb9\xac\xe1\xc8\xcd\xc3DZ\
\x8fc\x91\xeb\xf7?\x0f\xef\xfd\xeb\xe8\xe0\x9e\x8c@\xa5\
j\x1b\xde$v\x06\xec5V\xd7\xf5(z\x1d\x8dJ\
Mg\x16\x95\xe1\x16\xcf\xbd\xd5j\x1cw`\x8b\xa7\x87\
\xd7\xa1ze\xae\x98hjf\x18\x15\x16\xcd\x14\x01\xc8\
\xf0\xc8\xd4\x01\xc0\x93\xc2\xf4Z\x8fe9\xaaBut\
\xf8\xed\xd4\x84aK\xccmP\xd5g\xe6\x0c\xdb\xe3\xef\
Z\xadn&\x0d\xdbCp\xccI\xf5\x188\xa9\xb9\xee\
\xbb\xff\xe0\xf8\xbb\xb7\xb8L\x93k\x08\x19\xf1E\x054\
\x16\xa9\x1f6p\xb1\xc6\xc3<U\xaf\xcc\xd1\x95\x7fO\
\xbe\xa1\xa3\xc3\x1f\xe6\x8b\x92\xd4\x9b\x92\xaf(\xaa\xcc\x17\
\x1eU\xdb\x11\x1d\x1da\xe2\xaaWv\x97q\x03q\xbb\
\xc6\xcc\x0d\xc4}\x1b\xc9\x0d\xb4\xb7nx\x98\xf7\xe9\x95\
\x19\x03\x86lH\x11\xa0\x85M\x84B\xc9\xb8\x22\xcc\x0a\
SAP\x04ia^\x80\xc3\x86\x80+\xadU4\xa1\
%9\xa0\xa29-\xeal`!\xca\xc3\xccO\x8f\x83\
\xf9\xa9\xe3\x1flb\xb3\xc8\x872\xb0u\x9c`\xf70\
\xd9\xd3\xe3 {\xfexnx\xe7\x85O\xd1YV\x1b\
\x95\xed\x9d\x9e_@eY\xdd\xf1\x09\x22\x8b\x879\x93\
^\xc0\xe5\x9d\x9arm\xee\xc9\xd9CQs\xa7T\xc5\
6\xbbW(\x1a\xad\xd5\xaa\xab\xfaf\x81x\x14\xef\xd2\
\xf4\x02.5\x96m\x7f\x07\x1b\xd2\x0c\x9cl\xfb;\x5c\
\x94V\xabExU\x9a\x879\xa0\x1e\xc76J\x932\
-\xf0\xde\xb2\x972\x87\xe3V\xefPn\x1b\xe6\x80z\
>cF>\xcb\x01\x17*\xe3<\x09L\xaac\x9d\x04\
\x06\xea\x18\x13@=\x8e\xad\x94\xd3Y\x1cD\xd8\x99\xc9\
\xe2`\xd2\x8e1\xff\xf6\x0c\x08f~z\x0c\xcc\xcf\xe3\
_\xee\xc8\x03\xca\x91\x9c}\x0d6\x9f\xaa\xe84C\x22\
\xbdj\xb4\xfb\xd4\x94\x1a\xfa\x91\x1d\x0bV\xce>\xa3\xe3\
\xe9\x17\x12s\xf3\xbb\xe6\xcf\xc1\xce\x95w\xcd\xa7\xd8\xb9\
\x1e\xe6\x84z\xbe\xb7\x84\xa8{Nl\x93\x99\xdd\x02|\
I\xec\x8d\xf0a\xcd\xcd\xb1\x1aRg\x12\x89.\x0e\x9d\
F$\xbb7\xf0\xacU\x0f/M\xf4\x18\x96&N;\
\x04V\xafl\xd2!@.Y\xea\x0e\x00\x9f\x0cs'\
=\x06\xee\xe4\xf1\x99\xefF\xd7>\x0eo\x11\x8er\xb5\
\xb2\xbd\xdb\x90\xb7\xa9C+\xe5\xean\x07\xabdL\xa0\
\xf4\xbc\x15\xa6T\xaeC\x1d\x84\xce\xe6:\xe49\xb4c\
\x87:\x07\xcc\x9f\xf4<~\xabb\x8f\x9ag\xad\x0a\x0e\
\x99\x13\xbb\x02\x22fLD\xf48\x88\x887\xef\x8c\xbf\
\xfc\x1d\x9fES>\x8a\xa8G\x9cD3\x22\x8e\x01\x9b\
\x11\x8f\xcb\xc7\x1f\xfe\xfe~\xf8\xf2\x06.\x0d\x98W\x1d\
m\xf7v\xa9\x02\xc1\xeaN\x84\xe7\x1bz\x98`\xe8y\
\x5c\xd5\xdd\xd9\xcc\x12\x15s\xd5\xe7Zb\xa5*\xd6x\
\x8d\x95\x87\xe9\x86\x9e\xc7\x98\x81\x1e\xdez)\x8d\xc6\xf0\
\xcd\x15\xb2T0\xe9S\xaam\xaf\xb5fA\xeb\xbfr\
+\x9bM\xa2n\x80\xc9\x88\x9e\xc72\xd6\xf1\xf8\xe1\xf3\
\xc1\xe5\x8b\x83\xfd\x8fG\x9f\xbe\x9bk\xa1]]M\xb5\
iK\x0d\xdd\x9dgWr}U\xef\x18\x80\xa6\x1e\x13\
\x14=O\xb0h\xe9[\xfb\xf2\xa4\x06g\xbf\xc1\x17\xb2\
]\xe94\xaa\x95M\xb25\xad\xdd\xa9n\xe2K\x88Y\
\x89\x9e\xcbekf\xfa&p%D\xdb\x9d\xd9\x86\x09\
\x5c\x09i\xc7Y\xb7\x84]s\xbb\xd8\x0a\xb9\xe1r\x9a\
B\x08b,\xea\x08\xa18\xb2E\x00\xb1ir\x03\xf6\
\x12|1\xb4\xb90\xd1\x88J\x18Q\x89O)\x1e}\
V\xa5F\x89kxo\x7f\x9eN\x09\xa9\x14\xfb\xd2\xb9\
6\xe9\x03\xa2a\xa2\xdf7\x1b\xd6\xed\x11*\xa6oz\
\xae\xb7\x84\xfcAa_K\x9e?\xa0ZZ\xfa\x1b\x84\
\xfe\xc0F\x8c\x81\xd3)\xb5\xfc\xf0\x97/\x8de.\xe8\
\xc6\xafU\x1a\xc6*\x17\xf5\xe2\xd7\x88^|\x0f\xd3<\
=\x06\x9ag\x96\xd3%Xw\x13i]\x8ax\xd7!\
,/\xa6{z\xee2j\x06\xf3x\x15i\xd9\x80\xf6\
(\x22b-\x91\x87\xd9\x9e\x9e\xc3\x98}3\xe3I\xe7\
y=\xc9\x88\xd2\x82\xd7\xd3\xdc\xc3\xaf\x07\x93<=g\
)\xc97\xca\xa9-\xda\xe5\x95jn\x00\x05\x17\x7f\x1d\
\xae\xe6X\xd3\xb6\x87\x83\xef\x0c\x8a\xe9\xd7##\xf0z\
G\x07\x1c \x04\xc7\x84O\xcf\x09\xb8\x9b\x96\xc9\x0c|\
r*D\xfe]\x9f\x0a\xc8\xbfc\xae\xa7\xe7\xf8K\xe8\
\xad\x9a3\xdf6_\xb97\xeb\xb0B.\xb8\x83\x9d\x05\
\xa7\xb4\x1c\x8d0\x0f\xba)\xbdP\x00\xd0h\x07\x08\x10\
;\x0c\x8e\xb7\x04\xfd0G?\xf3\xbc\x8d\xcc\x05'\x87\
\xdd\x06\xc7]B\x03\x0c\xd9X17\x0b6\xed\x7f\x01\
\x89\x22\xcc\x83\xf5\x18x\xb0y\x0b&uNi#f\
\xc1\xf9\xe8~L|:\xd8\x81p\x04#\x10{\xf7D\
\x0a\x01\xb6Lh\xe1A\xbf\x04\xe6\xbaz\x0c\x5cWS\
\x04\xca8K\xd4V\xc9\xa4\x0e4\xc9_\xa2\x96K\xd6\
4\x87\x09\xb9>\x98\xf3\xea1p^\x87\x7f\xdc4\xb3\
\x07@\x18\xb4Q1C\x07P\xdc\xb3Q\xc3!\x0f&\
\xb7z\xa2\xbc\x84\x90g\xbe\x0cW\x1a\xf5\x14\xe4\xb76\
\xa8#\xc1\x1e\x82\xe0\x0a\xbd\xb3\x1a=\x1aA\x90\xf9;\
i\x99\x1e\x0f\x22\x88\x88N\x16\xccx\xf5\x84\xcf\x1a\xc4\
\x99\xf4j\xc1\x1e\x96,\x94K\x12\xac\xd42\x96\xa4{\
\x0a\x9e\x12\xf6\x10\x04g:a.p\x13\xf5\xc69\xe1\
\xe9z#\x89\x0f;\x08\x0c,\xd9\xc1\x9f\xefH\xc5P\
]\xa7\x15C\x95R\x0c\xd8\x03\x10.\xb7\x87M\xf6\xe9\
e\xe5!\xd8\xa1\xb7\xd9$\x0c\x0e6\xfa\xc2aO\xc1\
\x15\xe7\x0d\xb2x\x81\xc8\x1dlRy{L\x98\xf5\x84\
`%\xc3`4\x93|\x18\x02IJ\x89\x01P\x5c\xcc\
\xa0u\x19\x18\xb4jlO\xb2\xe9\x07\x84\xd6j\x12\x8f\
\xd9\xf0\x03\x83j\xf3\x15\x18V\xbb\x98=\xebr\xac\x0c\
\xfd\xf8\xe3\xe0\x9f\xdf\x16\xcc\x87\xd9Z\xa7\xab\xa7k[\
\xd0%v1e\xd6\xe5X\x13\xfa\xe4\xe9\xf0\xfd\x9f\x83\
K\x87xgI\xb5\x22\xb5\xecn\x8fZVR=\xb5\
\x0bw\x95\xb8x7\xa8\xcb\xb1\x1b\xd4\xf0\x10?|7\
|\xf0\x8f\xf1\xcb\xaf\x867_\x17\xedF\x94\x8f\xbb\xb6\
\xdd\xebJk\x1f'YB\xbc!\xb1Y\xeb\xe29*\
.f\xff\xba\x1c\xabC5\xb2\xe1\x8d\xf7\xc7\xf7\x09\x86\
\xa5\xc1$\xed}\x8d,aE\xbb5\xea\x89\x940\x10\
\x06\x1b?9\xec\xc2r\xc1&\xc6\x5cXoW\x84\xeb\
\x01.&-\xbb\x0c\xa4\xe5/\xfesv\xf6\x8b\xfd\x89\
\xc8\x18qv\xfa\x0b|+\xf2\xbbf\xfe\x0bz.\x0e\
F\xb4\xb85\xfc\x22\xe9Z\xb1+\xab\x8a\x93\xec+@\
\x8a*\xfd\x02PU\x02\x8b.8\xe7\x5cX\x9bT'\
\xe3D\xdc\x9e\xaa\x83D{s\xaa\x8b\xe9\xb8.\xdb\xce\
\xd3|Z.\x99+\x9a\x1c\x98[\x94(23sQ\
*\xc2\xc5\xd4\x5c\x97\x81\x9a\x9b\x9f\x8a\xddA\x9c<\x15\
\xe8\x1f\xeaC\xb1{\x87.f\xe5\xba\x0c\xac\xdc\xe1\xfd\
\xdf\x06\xef\x1e\xe4&\xf0\xf2\xf7\xd6\xac\xb8NCl\xf7\
RC(\xaf\x17H\x89\xc7\xda\x12\xb6\xebv(.\x86\
\xc28\xc4\x86Z\xc2\x9e\xcf\xb1!V\xb0\xd7qu\xd9\
\xc5\xdcH\x97\x81\x1b9\xf8\xfa\xaeT\xb7\x98\x98\xd6\xec\
i5K\xf1\xd1\x9a5HFs1\x1f\xd2e\xe0C\
NM\x11\xb2\x08?5E\xc8.\xbc\xf9\xe9\xed\xc2c\
n\xa0\xcb\xc1\x0d<\x7f{t\xf3\xe7\xe1\xad\x97\x83\xb3\
\xaf\xa9YB\x95v\xeb\xef\xeb\xba\x96O\x97\xed\xe2V\
\x1f\xcf\xd8r\xf1\xd2M\x97a\xe9\xe6\xf8\xe2\xfe\xe8\x02\
\x91\x1e\x95\xb2\xef\x14\x0ca\xee\xef`\x8d\x84)\x8d.\
\x03\xa5Q~yx\xef_\xc7\xf7\x93M)v\x1ew\
S\xd1i\xb7$\x06_P\x0c\xee\xe6\xea\x96\x8f\xa7\x1a\
\xba\x98\xc8\xe82\x10\x19\xb3\xe7\x00J\x8d\xf9s\xc0%\
F\xfd\x1e\xec\x05F\x173\x15]\x06\xa6\xe2\xf8\xc5\xa3\
\xd1\x8b\xef\x87\xf7\x0e\xf15j6:z\x9c7u\x8f\
\x9a\x9d&q\x91\xb0.-s\xe9\xd2\xe3?\xef\x0c\x9e\
\xbc&\x96\x84\x1a\x8d\xda\x92\xff\xednS\xb3d\x9b\xb5\
V\x17\xb6\x97\xba\x98d\xe9\x96Y5\xab\xd5\xf5\xcb\xaf\
\x12v\xfc\xf4U\x02\x8e\x1f&T\xba\x0c\x84\xca\xe3\xb3\
\xdf\xe2W\xd0l\xf4\xc8\x17\xd0\xc4\x0f\x00/\x01u9\
\x96\x80f\xa6\xd8\x1e+\xe4\xa6\x18\x87\x0b\xda\x16\x83`\
!\xc0\xe6,`\xc8k\xdc\xfdt|\xfbw\x82\x00\xd6\
\xdb\xde(R>\xb5\x0d\xe2\xb7\xc7\x06\x8c\x81\xb9\x9a\xff\
\xf6@\xf3L\xfc\xf6H\xf1\xd4\xb0\xde\xc1\xbcU\x97\x81\
\xb7z|\xf3\xf3\xd1\xc1\x85\xf1\xd3o\x0b\xf6\xab\xcb\x9f\
\xbf\xa3\xb7!l\x17\xadW\xef\x10\xed\x8e.\xdeW\xea\
2\xec+5\x8d\x0b\xf9\xc8Td\x8eu\xbbB65\
\x15\x1b\xe4==6\x15\xd8c\xcc\xc4u\x19\x98\xb8\x83\
\xcb\xbf\x0eo?\xc4\x0f\xfa\xd4z#q\xea\xf0\x83>\
\xd5'\x1e4\xb6\xc7\x0c\x94\xdb\xc1\xd7\xf7\x8e\x0e~\xc0\
\xdbY\xdazb*\xbd\x9c\xa5\x1d\xc1\xe5,.\xa6\xd9\
\xba\x1c4\xdb\xac\x9f\xd4~\x81&G\x11\x82\xabC\x8c\
!t1\x03\xd5\xe5XAze\xff\xe8\xf3}\x82%\
dv\xdd\xd2\xfc\xa0U|q|l\x09\xfc2_\x82\
\x82*\x99\xce\xd5a@\xf5\x17\xb8\x98:\xeb\xfa\x8c\x06\
\x01\x83\xc8m\x02\x01A[\x05\x08\x01\x9b\x05\x06\xc6\xac\
4\x02\xc3\xef\xdf~AE5\x1b=y\xf5+tH\
\xb3\xd1\xa9P!\x0df\xc7\xba>\xe3N\x83\x9c\x1dk\
_b\x9bm6\xc8h\xb1x\x95\xad\xdep\xa0;\xaa\
\xed\xfbl]\xcc\x88u\x19\x18\xb1S\xab3\xc8\xa4\xe4\
\xcc\x02\x8d\x82\xb4d\xb6C\x03&&}\x1c\xfe\xf8\x0e\
\xef\x9e\xdeBb\xd3\xc4\xee\x99\x22VS\xb2v\x06\xc3\
\xc2\x96\x84\x81\x04<\x03\xcb\x9e\xa49\x01\x08\xe4hR\
(\xf6{\x87w\xf6\xba\x0c;{\xa7\x88gz\x8f\xb2\
\xad\xb22\xc16K\xb6([\x8b*\x86hVk\xd9\
K*xU\xaf[bY\xbc6|\xf5#>\x0e\xb5\
xm\xadN\xf6\x85\x13\xb3\xf4]\xbc\x9a\xd7\xe5X\xcd\
{\xf3\xde\xe8\xc2\xd3\xc1\xd9\x0f\xc3\x17\xb7\xb0\x85\xef\xf7\
\xb6z\x91\xce\x81\xd3u\xec\xfeV\x14c;_\xc2\xba\
\xb9\xc4\xe0\xde\xbex;xuV\xfe)\xcf\xa3\xe8\xc9\
Ke\xdc\xec\xc9?\xaa\x8dt*:\xf5\xe2\x9b\xcdf\
\x95z\xf0%\xac\xc7J\x0ec\xee\xc3~6y\xee\x03\
\x9f\x8b\xce}\xa0S\xc1\xea\x8a\x81\xefoj\xbf2\x8a\
\x1a\xbcz@\xe4oT\x05\xb8\xa9\x96\xa8\xd2\xb3e\xa2\
N\x13\xcf\x96q1\xe9\xdf\xf5Xv\x99\xa9\x99\x8dY\
\xf9\xce^\x09N\xedcR\xba\x83U\xe0\xb8\xa6\x8bv\
\xa0\x06\x8c\xb9\xff.\x03\xf7\x7f\xca\xe2\x03\xe6\xc4\x8c\xad\
\x87\xdc\x89\xcc\xca\xdb\xd9\x13.\xde\x9f\xec2\xecO\x96\
\xde\xa4\x18<~0\xf8x\x88\xd5\xaft\x17E\xac\xd7\
F\x16p\xcd\xf5\x17\xf10M\x17\x0f1p\xbd\x80\xb5\
\x15\xca~\xb5\xf2V(x\xab\xb2V(t\xaf\xb0\x06\
f\x18\x02`\x18\xa1\x13d\x08\xeb[\xd7\xb5\xa3\xa4\xc5\
\x0e\xbf\xf4~_w\xd8\x81\x97\x8e)\xd7.\x07\xe5Z\
\xf3\x913n\x1e\xc8\xc1%\x1c\xe4\x94\x95\x07\x13q\x9d\
S\x9a\x92\x07Rq\x98~\xec2\xd0\x8f3g\xd1\xa8\
\xad\xc1\xc5g\xb8\x0bg\xcakT\xea\xab\x9a\x15Z\xf1\
\xfa\xc5\xeaj\x15\xf7\xe6\xe0\x9d\xb1.\xc3\xceX\x13I\
\x02>\xab\x89\x11)\x12k\xf2\x0d{\x14\x89)\xd4.\
\x03\x85\xdaH\x0e\x12\xd3F.\x9c\x94N>\xb7k[\
L%v\x19\xa8\xc4\x7f\xfb\xaf\xbf\xe1A\xb8]\xbd\xfa\
\x95\x98|\x9b|\x01\xfc\xe0\xd8\x09\xe1\xe0\xdbN-\xbd\
\xb2j\xa5\xa9\xa5WX-\x99\xadW@+av\xad\
\xcb\xc1\xae}sG\xde\xf4\xa3\xf7\xdf\x0c_=\x1c\x9c\
{28\xa7\xe6\xf5\xd9RY\x1d\xd3\xad\xd2P\x19\x87\
\xda\x86\xb9H\xfa%[S\xebqsC9\x87v@\
\xd8\x0dqBV\x8bg\xcf\xa2\xe4\x16\x0fgO2\x93\
\x07\x92'\x98T\xeb2\x90j'\xe8%\xa0\xe5#\xdf\
\x9a\x0a:>Z\xb8\xe3\x03Sh]\xd6\x9d\xa9Y\x0b\
\xb6\xf5iL\xba\x82\xe64\xf0\xfb0\xee\xa0>\x0f\xf4\
H\xb0Qpx\x93\x8c\xc3W\xe7\xacT\xac<\xc9X\
\xef5\xecl\xac$\xc7\x08\xec\x1a\xe6\xcc\xba\x0c\x9cY\
\xb5\xc7\xfd\xe2]\x821\xd2P\x0b\x9f)\xcaH\x8b\x10\
\x1d;\x80\x0cl\xd8\xc1\xd9gjV\xcd\x95\x972\xde\
\x1b\xbe!X\xe6*\xd7.5\x94\xa2\xf85\xd5ba\
\xba\x04\xbe\x1b\xf7\x9b-l\xf40\x11\xd6\xe5X\x01\x9b\
\xb9\x81\xa0y9\xf1\xff`\xf3rD\x9c\x06\xb6z\x0e\
W\xa6P\xfe\x1f\x09\xaag6u\xfa\xd4\xf7\xe8\xc6\xd9\
8\xfd\x8a\xfdac\xda\xa8+X\x99\x22\xc4\xb2\x8e\xcc\
^P\xbb:R\x83\x81\xca \x98)\xea20E\xbf\
\xc8\xb7\xa1\x9f\xbbn\x0dV\xd3\xf5\xe7M\xab\xbdK\xbf\
\xd1\xb4\xcb\x8e\xad\x9d\xe0*\xa5\x1d}\xbe\x7f|\xe7\xf9\
|\x055i\xf3\xfa\x8d\xe2\xba\xdaj\x9f:\x0fl\x05\
\x19h\xa2iC\xbc\xbd\xaa\x9c\xf4\xbb\x135\xe5\xf4\x1b\
v\xdd\x84i\xa1\xae\xf0\xb9\xee\x12\x91\xf8(\xcaw\xe0\
l\x07\xa6}\xba\x0c\xb4\xcf\xa3\x0f\xef\x06\xa7?\x12]\
i\x8d\x82mHM\xbc\x0d\xc9\xc5\x8cNWxLj\
U\xfe\xf4Y\xe2\xa9\x80\x8b\xab\x1f\x83\xfc\xb1'\x93P\
\xd4k\x88\xd5w\xa9R3\xe6}\xba\x0c\xbc\xcf\xe4R\
\xe1\xf0\xb40>%\x02TL\xf5t\x19\xa8\x9es\x8c\
S\x9ac\x88\x125A\xc9\xc5\xd4N\x97\x81\xda)\xb5\
\xab\x8c\xf1p8\xa1Tj\xa7\xa8\x87\x5c\xcf\xc5\xb5G\
\x14\x0e\xa6s:\x0ctN#\xf5\xf0\xdd\x87\xd1\xdd\x8b\
\xb6\xe0\xd4\x88\xac\x94i\xd4\xb0\xc7\xa3\xf5\xd5n\x04\xa2\
Q\x07\xf38\x1d\x06\x1e\xe7\xf8\xf5\xd3\xc1\xc1\x19zF\
_o{\xb5p6\xdf*nUs0\x95\xd3Ya\
iy\x1c\xec\x7f\xcep\xd8Z\x1e;\xf5\xed^\x8a\xc2\
\xd6\xf0\xd8\xd1\xe2\xdbe\x0f\xb0\xec\x01\xdf\xaf\x0f:C\
R\xa1a[\x88\x16\xdc\x9e\x5cr0M\xd3\xe1X\xd2\
*/\xcb\xf9\xe79\x00{\x95\xae\xab\xa3\xb6\x14\x06\xae\
\xd4u[D\xa7\x94\x83\xd9\x8e\x0e\x03\xdb1\xc7\xa0\xcb\
\xf1\xf0\x10\x92B<\xec\xf2j\xd9ew\xb1\xec.\xa3\
\xec\xa8G\xad\xe8\x97'\x7fw\x07\xcb\xce\xb0\xc0\xfb\xc1\
\xe5\xe3\xd3?\xe0\x87\xbb\xa7{\xf3\x95\xc1\x85/w\xaf\
K\xbc\x5c\x81\x85\x17\x1c\x19\x17u]\xa0\xf0\xda\x81#\
$\xdf\xa8a\xc91s\xd1a`.\x9a\xca\xe7\xf0\xfb\
\x9fM'\x97\xb5\xb0\xde\xab\xec5Z@\xf2\xa8\xbe\xd7\
\x82\x92cm\x19rjK0\xd4&\xf9\xb9\xe1(\x9b\
U\xc8iw\xf0\xceM\x87a\xe7\xa6)\xd7\x8c_?\
V\xd7\xe6\xc5}{\x06;)\xda\xac\xa9\xcd\xa1\xa6\xaf\
\xd4\x9a\xb9^\xdb\xc0\x17\x07\xeb\xc9\x90SO\x92\x14\xde\
\xcc[\xa0\xd9\xbb\x14w\xd7\xc1\x8cQ\x87\x831\xaa}\
|c\xc0lG\x91x\xf9\xdd4\xe3h\x11\x7f\xa7\xde\
\xc5\x8f\x00kM\x06\xaa\xe8\xc4)\xd8w\x16%\xbf?\
\xb1\xa9h\x15f\xb3\x1c\xcc\x14u86g\xa6\xf1\x09\
\xd6\x9bi\x80B\xa8N\x19\xa3`\xdd\x89\xd9\xa2\x0e\x03\
[\xf4\xf8\xdc\xf5\xe3\xf7/e\x04,=}\x8c\xa1\xd9\
\x90\x8e\xbe\x0c\x80\xf5x-\x02H3\x8a#\x02\x09>\
\x0a\x06j\xd9\x84\xe3`\xed\xbaH\xc5\x86=\x17u\xdc\
\xc7\xe3`^\x99\xc3\xc0+;:|\x22/R\x0e\xe0\
\xc9\xd3\xe1\xf9k\xf6\xed\x17\xd9\xaf_\xad\xac\xa9t\x84\
\xf5\x104\x92\xea\x9a\x1d\x09\xbeN\x1cl-\xadHU\
\x0e\xee\xc9sy\xb5@\xec(\xd5\xa8RE]S5\
\x00\x01d\xb7\xdbm\xa2\x9b\x84I[N\xc0i\x95Q\
Ox\x16\xc3\xa0N\xf0UX\xc7t0g\xcba\xe0\
lM\x9a4\xeb\x84\xe3\xdc\x98\x81\xc9\xc6\xab0\x95\xe8\
`b\x90\x13\xb8\xacQ\x8b\xadOg\x22j\xb17\xe8\
\x18\xc7\xbfk\x17\x1d\xeb\x1e\x06V\x90))\xa95\xca\
\xdf\xff||\xfdWp\xed+\xed\xbd\xc6\x9e\xa2f\x81\
\x1b_\xd9\xdb\xeb\xa3\x1b\x8f\x89A\x0e\x031He\x1c\
N\x1f\x0eo|V\xfd\x9d\xa7\x0fq;\x8e\xfc\xed\xa5\
[\xd7\xd0\x99P\xf9t\xd5\xdf\x17\xb4\xe7\xd4\xe2X\xa7\
x\xed\x0d:\x0e\xa6D8\x1cK\xc2&\x10\x81\x04\xf5\
\x0c\x14\x94\xa6\x8e\x89<\xb5\x83\xbb<\x1d\x86.\xcf\xc1\
\xd5\xfd\xf1\xa7\x7f% \xecq\xc2\xe6z\x5c\xd7\x95\xd8\
\x0a\x15-l\xc6x\x04\x96\x83\x9b\x22\x1d\x86\xa6\xc8\xd1\
\xc3\xdf\xcc\xd8\xe8\xe1\x9bw\xf2 d\x94|\xb2\x1c.\
\x01\xa4\xa3\xa2U\xc0\xd0\xb5\x97i\xaazH\xf4\x86\xfd\
\x95\xbb\xd8\xb8\xb9\x8b\x1b7G\x0c\xde\xbf\x1e\xdc{)\
=\xbe\xe4\x91@0\x8ehK\xe3P\xd5\xae_r*\
\x14(\xf9\xf5\xeaFL\x01\xc3\xa7\xc3\xd0]8\xb8|\
F!\xd3J\x80\xea\x93l(P\x89\x0a ;%\x95\
\xab\x08U1\xeems\x18z\xdb\x06\x0f\xaf\x0c/\xde\
,:\x1f\xed;u\xb7{s\x9c\xcdZ\x97<\x18l\
W\x18\xfa\xdd\xa4\xf71\xba\xf1,}\xfaV\x83\xaeF\
uo\xe7\x97\x0c\x99\xf5\xbe\xe6s\x00\xbb\x8e\xfb\xdd\x1c\
\x86~\xb7I\x10\xf8Dfp\x10\x07\x92@\x01\x07\x82\
[\xdd\x1c\x87W\x17c,\xd3\xea\x98\xc2bT2\xc4\
\x82_=C\xdbX\xf6\xde\x8f\x0e\xee\x8d_?F\xb6\
^\x85\x12\xdb:\x89c\xb5\xee8\xd2\xc0\x0db\x0eC\
\x83\xd8\xe8\xe9\xf5\xc1\xf9\xbb\xc9I\xbc<\x18\xbfyl\
9\x063\xcd>A\x11\xe9\xd5+\xf6cXS8\xa2\
\xc8\x8e\x03\xe7\xa0\x18Z\xad<1\xa5z\xed\xf6\xdd\x13\
\xd3\x9a\x17Yx\xf9\xbd\x1aa\xe3q\x83\x95\xc3\xd0`\
5y\x22 y?s\x228\x87o\x0e\x04$\xf1\xf1\
n\x01\x87a\xb7\xc0\xe0\xec\xbf\x06W\x0f\x92\x8b\x85\xe7\
W\xeb\xbd\xa6\xe9\xcd\x22\xa6Vwb\x5c\x84vp\xdf\
\x98\xc3\xd076q\xab\xec\xdb{\xb2\xfb\x84w\xf6\x10\
V\x03\xf7\x899\x0c}b\xd3\xef\xe2\xf8\xfd\xd5\xe1\x85\
\x7f\x15\xbe\x8b\x9dd\xdf\x0d\xf14v\xec\x8f\x1c\xf7[\
9\x0c\xfdV\x93w\x0ad9\xa7.\x14Nu\x9a\xfb\
\x04r\x9d\xb8\xc1\xcaah\xb0\xf2\xe7\xf6~\xfd\xbf\xe4\
\xfc\xfa\x05\xbe/\xee\x02r8\xe6\xbaO\x1e\x8d=s\
8u40}hN\x06\xe4\x0fq\xa7\x8f\xc3\xd0\xe9\
\x93?t\x00 \x7f PzJx\xaco9z}\
\x0a\xc2\x8e9\xe2\x0d\x22\xda\x10\xb8QF04\xcaH\
\x97\xf2\xdf\xfe\xfb?\x94\xf0\xef~>\xfe\xee\xa4\xe1\x96\
\x9f\xafw4\xa5\xd78\x1f\xb6\xd8/\xfbJd\x07\x10\
b\x00\x0cS\xcf\x0f.\x8e\xf7\xcf\x0c/\x9d\x1b\xde|\
I\xf6\xcc$d\x94u\xcdHIw?\xe2\xf6\x99N\
\x1cwp\x03\x8d\xc0\x9d\x1cb\xc5g\x02\xe5\x13\xf3\x91\
s4>='\xb9\x13\xfbxN\xb2\xc0\xed\x04b\xc5\
\xe1>\x1b`8,\x07\x83\xcdGr,m\x00G`\
8\x82k\xb5\xb4a_\x7f<c\x86@\xcd\xb1\xc5!\
\xa5\xac\xec6\xf4X(r\x9bC\x5c\xdb%\x9a\xfe\x04\
\xeeC\x10\x0c}\x08\xf9,\x99\xe2\x89\xd0\xf3L\x83&\
\xea\xc9\x02W\xf7E\xc8\xfb\x80\xec\x8am\xf6\x01A\xf5\
\x96> \xbbr\xc3\x95e\x11\xb2< \xe5\xa4\xe8\xeb\
V\xac\xdc\xa4\x91\xd1\xb7\xacH\xb3\xd5k\xbb\x84f\xc3\
\xf5f\x11\x0a\xd6\x83\xb1\x17\xa7f\x0e\x06\xd7\xa8\x92\x83\
\xb1W\xa9\x04\xae:\x0b\x86\xaa\xf3\x7f\x04\xc2l\xa4\x93\
8F7\xfe8:87\xbe\xfa\xca\x86\xa6\x16\x88l\
#\x9d\x14V\xe9\x83S\xaa\x87A\xff\x0b\x9b' \xbf\
\xafj(\x9dS-\x80+\xc0\xb8\x02v\x8d\x8d\x12\xa9\
'46N\xa5\x1a\x85\x0d\x9c\x1b<9W0L\xce\
5\xfa,{>\xa8,\xa7\xf5Y\xfarpq\xaeU\
\xdb%\x80`=PvX_\x8d=\xc12\xf3jP\
~%y3\xf6\xf4\x8a\xc0c\x5cE\x10r\x82\x90\xef\
e\xf0\xa2\x10\xc4)=\x93\x13\xa38\xd5\xb4\xa3\xc0/\
\x9f\xa1A\xc0\xa0Pn3LK\xe40\x94kL$\
':q\xf2\x05\xfbS\xc7M\x02\x82c\xb2\xeb$\x9d\
\xd0\xb6\xce%\xa7\x13\x82E.\x11!:\xb6\xee\x1cs\
]gF\xa1\xda\x01\xcc\x8eB\x85@\x92Q\xa8\x08\x8a\
\x87\xa1x\x8c\xe38Qu\xa4p\xa9;\xb1\xd1]\xe0\
\xae\x01\x11\xb0\x1as\xd2\x08\xce\xbc\xebB#\x98\xbco\
h\x03}\x1c\x12\xfb+\xbcs\xed\x88\xd9J\x13s\xed\
\xf0p\xa5d\xae\x9d=1!pS\x84\xf0CV \
\xf30\xc3\x8c\xa8$!,\xf9\x0a\x88N\xf0\xf8T\xe1\
\x97y\xcf\xe5\xeck\x19~\x15bQS\x84\xa3u\x02\
I\xdf\xee\xd5\xe3\x11\xaa\xc2\x0fx\x81h\xaaL!\x90\
\x841C \xa9\xd9M:\x9e\xa4*|\x9f\xf7\x86\xdd\
z?\xfc\xed'\x95P\xfd\xf2\x97B<\x1b\xa9BP\
}\xd5\x80\xe4\x9d|3\xdeX\xb5#\xc3z\xd9\xf7x\
\xcf\xc8\x1eA\x9e8#\x18Bfg\x04n\x1b\xf6\x1d\
\xb9\xa7\x8f\xda\x93I'o\x1b\xca&eH\xec\xb1#\
\x1e8*\xd8\x07\x8e\x16L\x11\xf0\x0b\x87\x08\xf8\xc4\x0c\
\x01\x81')\x0a\x86I\x8a\xe37\xff\x18\x1e^\xc3\xde\
|\xdc\x88\xcc\x0ch\xe4\xc7\xc7\x11\xf6\xe2\xf1\xf0A\xc1\
0|0\x1b<L5*'#\x87\xc9f\xe5\x8eG\
YF\xdc\x91&\x18:\xd2\xa6@\xd85\xf0$\x08\xac\
}S\x14@\xfb\xe2\x99\x83\x82a\xe6\xe0\x14\x0a\xbbA\
\x9cD\x01\x8da\x0a\x02\x18C\xdcX'\x18\x1a\xeb\xa6\
\xef\x13`\xccM\x1e\x05d\xcd\xa5Ga\x7f\xd0\x1e6\
\x84\x9e\xcf\x8b\xc2n.\xa6P@S\x91\xa1\x00g\x81\
\x8d\x9e\xe7\xf1\xa2@\xed\xd79\x0a\xdc\x82\x9d\x80\x00A\
\x89\x87\x93>\x9e\xcb\x0a\x02\xcc6\x99\x04A\x0c8I\
a\xd8'\x9c\x08\x0f\x9b\x08\xcfa\x85A\xd4\x18&\x90\
\x90u\x05\x8ft\xdc=l\xb7=\xc1}\xad(\xa2\xda\
\xd4\xe5\x22\x8b\x0b\xe9\x15C\xf5\x05<\x98S\xb8+L\
\x91\xaf\x17\x8ay\xcaZ^(\x0ajZ\xc97\xec\x9a\
\x0b\xf7\x04\x0b\x97\x85\xabo\xb2\xa3\xea\xadX\xd4V\x9a\
\x17\xd5\xef\xc4\xae\xb3t^4\xb6+,\x17+,\xd7\
cJ\x04Q{\xd1\xd2\x8el\xbc\x9dh\x0f'u]\
\xfc\xc2]\xfe\xea\xa8\xbd\xbd\xdf\x92kG-\xfeI\xaa\
\xdd\xde\xe3/p\xa3\xafp\xb9RA\xd9\xd4\x100\xf1\
.\x073=?\xc4\xce\xe1\xef\xc4\xbbx\xdf\xb2\xc0=\
\xbf\xc2Y\xe1\xcd\xb8_\xa1\xb1$\x13\xfc*\x15\x22\x97\
\x85@`7\xd7\x09\xd9s\xd5$\x8a,W\x0d`$\
\x9f\x03\x1cXG9,\xab\xe1\x07/\xbe\x977k\xf0\
\xdd\x19rGC\xb5\x12\xabV'\x85i\xa7\xd1.\xd8\
\xd4P\x8d;;xU\x83\xc0\xbd\xcb\x82\xa1w\xf9\xe8\
\xf0\xa9\xf4\xd7\x07\x97\xcf\x8d\xa8Y\xb0*s\x1d\xadw\
\x0c\xc3\x87\xb4!kQ\x07O\xa9\x16\xb8\x93Y0t\
2g9l\xc0\xb9\xcas\xd8\x14\xcfJ\xa7\xb1\xed$\
+\x81\xe7\x5c\x0a\x869\x97\xe6\x99\x8c>|\x94\xbax\
\x9e\xaaN\xbc\x9d\xee\x9f *;1n<\x15\xb8!\
[8\x1e\x13\x1ci\xceGwo\x93\xce\xe3\xa4i\x91\
\x90v\x8a\xa6\xe3IP;\x84\x13\x89{\x81\x85\xc3Z\
k\x98\x07\x91/\x8a\xb0\xf8\x94C\x8c[\x83\x05Ck\
\xf0\xf8\xf5OG\x1f>\xe0\x16\x88x}o\xbdM\xf6\
>\xc4{\xb8\xf3\x017\xd1\x0a\x86&\xda\xc1\x93\x17I\
5\xdd\x1e\xe6\xaa\xeeeSH\x87\xfeb\xb4\x8b\x03\x5c\
<\xa6P\x08\x9f\xdb\xaa\x93\xaf\xdc/(\xdd\xfaD\x84\
\x8bG\x16\x0aQb5\xeb`8\xde\xacY\xc7S\xf2\
R\xc3n\x1f\x93'p\xef\xb2\xe0\x98`\x98\x0d_\x04\
K\xd6\xd3\xe1\x8bx\xc7z\x0cG\xcc\x09\xdc\xb3,\x18\
z\x96\xc7o\xcfJ\xbf\xc4\xe8X\x90\xc6\x95\xe6{\xbb\
Z\xd9!3\xb9k\xd5\x1d\x9c\xca\xc5\x8d\xcb\x82\xa1q\
Y\x1e\xfc\xf0\xf7\x0f\xa3k\xcaa?:|\x02\xda\x7f\
\xe5\x01\xa4k\xe3\xb6a\x03p\xac\x97\xc6\x9d|\xd2\xb1\
\x13\xac\xb8\xc2\xb1\x82H>\xfa\x0b b8\x8c\xfe\xf8\
\xe3\x95\xd1\xdd\xf3\xff\xdf\xff\xc5c\xe8\xab\x0dC\x9ej\
m\xdbg\xf8T#\xf5\x89M~G\x04H~\xf5\xd1\
\x82\xf2\x1f\x1d\xdc\x93\xc6Lw*\xdd=\xfax{\xf0\
\xe2\x87\xc1\xc7\xd3'\x1d\xdbm\x95\xf5\x94oX\x11\xd9\
t?Y\xb4\xddS\x906\xadAmu\xa3\xbe\x16U\
7\x01\x1c\x1f\xc3\xf1\xd9\xe0\x8c\xee\x7f\x96\x8f\xdav\x22\
\x93X\xf6z\x0d\x89\xc6~&\x12\xc4^\x1d\x1fJ\x09\
\xa3(q\xa2\x18~x4\x07\x8a\xadJ\x1b\xa3\xd8\xc2\
(\x1c\x8c\xc2\xe1Dqt\xf0r\x0e\x14jG\x03\x86\
\xb1\x01`\x84e\x08C\x7f\xb4 \x0c\x93\xe41\xcb|\
l\x18\x92$\x8fZ\xe4c\x97\xbd\xb9\xb7\xd9D\xa2\x97\
\xb0\xe8\xa5\xc5EW\xcf\xfa\xdeC\xd3):\xfa\xfd\xcf\
\xe3\xd3\x17l\x00\xd4\x8f\xdf\xedem\xa2jsI\xbf\
\x87\xeeS\xbd\xbb\xd6o\xf6\x11\x1c\x0f\xc3\xf1x.\xd4\
\x9bw\xa3\x9f\x7f>\xfe\xf3\x0e\xbaM\xf5\x8a\x1e\xa6/\
\xaf\x11\xbcJ\xf5~\x0b\xc9\xef\xc2g\xad?Z\xf48\
\xce>\x19}\xf9\x9bM\xf2\xad\xf5F\x17\xfd\xe2[]\
,\xad\x87\xa5\xf5\x16\xbe\xf7\xdf>>\xfe\xee\x8cM\xda\
\x9a\xfc}\xbb\x8du\xbb\xb85(.\xd6\xfc!\x87\xe6\
\x7f\x7f_e\xf6\xffx9\xd8\xbfd\x7f\xa6=56\
I\xf1\xe8\xc03\xedv7\xb0\xe8%,z\x89G\xf4\
\xe3\x1b\xd7\x80\x964\xa2\x93\xfa\xb1\xd9\xdd#\x84\xf7\xb0\
\xf0\x1e\x9b\xf0\xa3\xbb\x17I\xe1\xa3\x06\x14=\xc2\xa2\xbb\
Xt\x97Mt\xf2\xca\xa8\xdf\xbd\xf7?\xf9\xd5\x1d,\
\xba\xc3&\xfa\xf0\xce!)\xbar\x9f\x91\xec1\x90\xbd\
\xec\x8b\x10\xc8\xae?ZP\xf6\xc1\x8b\x0bG\x9f\x1f\x99\
\xd8kp\xf5\xfa\xe8\xcaK\xe0u\xea\xec\x83\x89\xc16\
T\x1c\xdc\xc6\x1eg\xa5\xdf\x8c7\xfav\x97S\xca\x1c\
`8\x01\x0f\x9c\xe1\xbbW\x83{\x7f`/AcQ\
\x99T\x15\x15c_\xa1\xd2\xef\xc4\xd0[\x90\xd2z\x18\
\x88\xc7t.\x07\xa7\x07\x07\xbf\xd8\xe5\x8f\x1aU\xf0\xeb\
GU\xab\xc0\x1e|\xbf\xfa\xa3E\x05~\xf2t\xf8\xfe\
\xcf\xc1%\xeb\x0b\xa8VNU\xda\xbb\xe0\xe1VO\xed\
\xa2\xdf\x18\xbb0e\x0e\x17F\xaf\x0c9:\xf8p\xfc\
\xf8\xb6M\xeadMH\x5c\xefu\xc1\x0dY\xed\xc7\xc8\
\xc2\x96\x05\xbe\x1f\x82\xc1!\xf8xe\xf0\xd1*\xb5z\
\x97u\xc2\xe1\xc2\xf2\xbaX^\x97A\xde\xf1\xdb\x8bH\
\xde\xa8\x07\x1c\x18\x18\x89K\x99\x1c,\xae\xc3 \xaeT\
\xe9H\x5c\xa9\xcd\x81\xb8\xe86\x04!\xfcu\xf5G,\
\x89\x8f\xe9\xf6\x8c\xe9\x94\xc7\xf4gy\xaaC\xfd{\x9b\
\xbc\x8e(#y\xd5G\x0b+\x8b\x1f\x06w\x7f\x1c\xfc\
v\xcd\xfa\x0b\xf7Tn)F?q\x84,e \x5c\
(\xb3\xfah\xe1\x80\xe7\xb7\xe1\xbf\x9e\xaa\xcc\xcc\xc1\x0f\
\xc0F\xea\xd2\xc9v\x12\xbdE\xeb\xd8B\xc6\xdb(%\
#%\xf51\x08\x9f\x07\xc4\xf8\xf3\xbd\xf1\xd334\x08\
\xd5t\xda$\xcd|\xbc\x1d5!\x88\x12\x06Q\xe2\x01\
1<\xf3\xad\x22\xf4\x91 T\xd2\xbb\xd5\xa0 \xd4[\
\x10\x82\x87!x<\x10F\xd7\x1f\x80(#\x91\x9f\x0c\
3\xe2m\xe8\xf0\x06\xc2\x09\xa0\xf4N\xc0$\xfd\xe1\xfe\
\xe0\xf4!!\xbd|\x07zl\x18\x12\x7f\x0d\xbfd\xc7\
\xc1\xe2;L\xe2\xdf\x95/\xf9\x16!~\xc7\x90\xf6\xa1\
\xf8\x9d\x0e\x14_\xac@\xf1\xe5G<\x8a\xe8\xe2\xb3\xc1\
\xc5\xbb\x84\xf8UMeE\xc2W[X\xf8\x10\x0b\x1f\
2\x09\xff\xf1\x90\xbe:z#\x15uwv\xf1\xdd\x11\
\xf8\xea\x0b\xa6\xab?<\x7f\xed\xf8\xe6g\xf2\xea\xebJ\
z\x05\xbf]\xe2\xf2\x0b|\xf9\x05\xd3\xe5\x1f\xbf\xfdf\
p\x91\x02\xb0\xdb#n\xfe.\xba\xf9\xbe\xef\xa2\xcb\xa3\
?Z\x5cv\x15\x14}\xbe?\xde\xffA9\xc0\xe7\x9f\
C\x042@\x92\xee\xbb>\x06\xa5\xfe\xe1C\xe8\xaf\xae\
\xc1\xa7 E\x0e0\x9a\xc5\xaf\xd2\xe7G\x12\xc7\xf0\xd6\
\xcb\xe1\xf7\x87\xb6\x09\x92Zx\xf9\xd7S\xa0Gf\xad\
\x7f\x0aH\xedc\xa9\x17\xf6 \xe4\x97\x07\x1f\x0e\x07\xef\
~\x1e=\xfb\xc6\x9e\xec\xd0\x1b\x9eum\x0ag\xc8\x9a\
\xb55\xfc\xa3\x97\xb0\xf8\x0b\xfb\x0e\xc3;\x87\xe3\xaf>\
\x0d^\xbc\x1d\xbc:k\xb99\x8d\xb6n\xaf\xaa4\xad\
\xf4\xbav\xb3\x09D\xf6\xb0\xc8\x1e\xc3=\x19\x9e\xd9\x1f\
\xbc\xb808\xfb\xccvOT\x8c\xaaZ(mw\xa4\
_\xd9\x05\x12\xbbX\xe2\x85\xc3\x91\xbf\xfd\xd7\xdflW\
\xa3k\xb2\xe7\xd6%\xec\xf868XP\xa6r\x12Q\
HBE$,\xae\xc0\xe2\x8a\x85/\xef\xbd\x0b\xe3\x0b\
\xbf\xdb\xc4\x8d\xa4\xbb\x02B\xe8\x08+k\xa7\x0c\x85u\
\xca\x9c\xcazp\xf5\x12,\xc9O+\xeb\x8e\x89\x9dp\
q^*\xecN\x84\x11a\x85\xcd\xe2\xf6\xe6\x88\xae?\
\x1b\xde{8\x0f\x22\xf9\xcf\xd2\x9d\xc1h\xe2]\x8c\x06\
+r\xc7\xe7D\xe3\x091\x0f\x14\xf95\x8c#\xf9\xd0\
\x0e\x04\xebG\xc7c=\x16\xdd\x17<\xdfE3\x8d\xc1\
\xc45\xdb\xc1x\xb0\xf6t\x5cN<\xc3{\x87\xc7g\
\xce\xcd\x83\xa7\xd9\x88z\x18K\x93x2X\xc1\xb2\x84\
Z\x19\x16\x7f\xbeK\xe6S\x97\xcc'.\x19\x0c\xba\xf4\
G\x9c\x97L\xaf\xd8\x9d\xeb\xed\xa7\xcbu\xffG\xcf_\
`_Z\xb0\xfa\xd2\xaa^r\xf8\xcb|\xaff\xbd]\
%\xeeY\xa7\x8a\xd0xX\x07x\x8b\xeb\x00\xd3<\xab\
z\xa6\xecQM\xd2=\xab\xcc$\xac\xc1\xf5\xb1\xa5\xf4\
\xf0\x83\xf7\x16\x7f\xf0Fx_ \xa9}a\x15\xd7\x17\
@V\x81e]\xd8\x05\x91Z\xde\x5c\x7f\xcb\xf8\xe2|\
\x97\xb4ud\xb1\x88\xed\xbe\xa8\x87\x1f\xae\xb7\xf8\xc3\xcd\
\x08\x87\xf2Z\xc0\x15H\x09\xd5P\x1e?\xb1\x06\xa9\x93\
|\xa3oCQZ\x81\xafU\x7f\xb4h\xb7\xca\x95\xfd\
\xc1\xe3\xafL\x87\xa6m\x1b\x8fn\x14\xd2\xdd\x996\xc9\
\x9bq\x0b\xc8\x1c`\x99YR%\xbf|yt\xf8\xed\
\xf8\xcc\x8d\xd1\xa7\xebP\xbd\xd4*\x8dzO1sN\
aEY\xab\xb7N\x81\xc7)E\xf51\x8a\xc5\xdd$\
\xdd\x0c+\xa3t\x196\x82-f\xea\xc2\xb4\xd1\xfa\xb2\
~\x1b\x08\xedb\xa1]&\xa1\xf5\x0aE\xa0\x0e\x95\xdc\
f\x85\x22P\x87Q\x17\xe5EJ!\x0c\xd1\xf5G\x8b\
\xaa\xc3\xcb/\xa55\x92\xff\x13\x19\x9dYc\x9d\x864\
A*\xcd\x00|\xb7\xa8\xdalB\xc9\x1d\xf8J\xd5G\
\x8b\xfe\xec\x1f\x7f\x1c\xfc\xf3[#\xb9\xa5\x01\x5c>\xd3\
\xad\xf5\x86\x96\xdc\xd6\xfc\xbde\xcf.H\xc1\xf0\xaf\xed\
,\xfekk\xea\x86\x0c\xd0@B6\xa1nt\xb2U\
\x07\xa0\xd3,\xea\xc4\xf8G\x17\x18\x80\xe0\x01`\x8a\x11\
\xa0\x1a\x94`H\xeb\x11\xb8\x1eT\x8b\xd6b{=\xa8\
T\xc6Z\xa6\xbc\xb8\x961\xe3\x84\xad\x0d\xa1\xe9\xe4`\
\xd0\x02\x8a|\x96\x12n\xc4-q4\xe2~\xf8\x07x\
\x9e\xfa\xa2\xc0\xc7Y\x87O3\xc0\xc6(\x10\x1c\xc9V\
\xb5\xb7G\xba.v\x8d\x98n\xecY\xc7\xb9\xe2~\x14\
C\x8d\x88\x83\x8f\x12C\xf0\xa1\xc7\xd2\x5cJ\x0a\x9e\xf2\
\x96\x9f?\xb0\xbe\xd4\xde\xf6FR\xf1T\xb7|\x17\xb6\
\x0d\xd76\xea-\x18v\x94p\xd8Q\xe2\xe87\xd3P\
\xcc\xf4\xa6/\x1c{D\xa8\x81\xe4\xd3\x9b*\x0e\x8a\x08\
k\x1bq\x9c~j\x83R\x82-8\xfa\xa3E\xa1|\
}\xef\xe8\xe0\x07\xdc\xca\xddVZg\x9d\xee\xe0nG\
\xb0\x7f[\x8a\xe8b\xe99\xb2\x0c\xe3\xf3\xff\x1c|}\
W\xeaO\xbb_\xa6\x12$\xcd\x9eN\xe5\xdb\x5c\xb2z\
\xb3\x06\xc4v\xb0\xd8\x1c\x09\x055[\xe0\xcc\xcf\x83\xc3\
w\xc4\xc4/\xe5\xc6o\xa2a_M\xab\x86\xf7V`\
\xcb\x8b\xfe\x88\xc1\x1b~\xf3n\xf8\xd5\x8f\xe3\x9fnB\
W\xb8\xae\x5ca\x9c\xc8\xa9\xd7Q\x1a\xc7\x0ba\x9e\x5c\
\x7f\xc4\x15D\x8d~\xbb0\xbc\xff\x95]\xed'AT\
5\x99\xe8\x80\xec\x95\xfa\xca.\x84!0\x0c\x96\xcb#\
]\x053\xb4\x1f\x9e\x81\xea=J\x86\xf4\x83c\x88\xe2\
\x1a\x92\x1f7\x85z\x1cM\xa1O\x9e\xcb\x10p\xf8\xe3\
\xc1\xe0\xb3\xf5\x0c\xba\xba[\xb1Q_\xef#\xf3\xdb\x8d\
\xebH\xdfx%\xe8\x1b\xeb\x8f\x16\x95\xfd\xec\xeb\xc1\xd9\
g\x83k\xe7\xe5\xdf\x00\x03\xac\xaf\x8d\x16\x1e8;\xfd\
]J\xfa2\x96\xbe\xcc'\xfd\x8b{\xb4\xf4\xa8\xb3^\
\xca\x1ea\xd9},\xbb\xcf$\xfb\xcd\xaf\xa5\xb5\x1a>\
{4\xf8x\x15\x8a\xaf\x93\xe2\xd1\xfa\x16\xe0\xa7\xf6w\
;\xd1V\x07@p1\x04\x97\x07\xc2\xf8\xd3\x87\xf1\x9b\
\x7f\x1c\x1d>\xa5N`W%B\xf4\x98gt\x0e\xbb\
\xf1\x1a<\x08\xe8\xc6\xe9\x8fXP\x8c>|\x06E\xbc\
\x14B\xeb\xef\xa8\x96\xd7\xdfmu\xb0\xec\xf8\x01\x08\xa6\
\x070\x99L\xc3o`\x22\x9df\x7f\x08\x1d\x5c+\x92\
\xb2\x06\x18F\xc0\xf6\x8e\x87o\x7f\xa1\xdf\xf1^\x0f^\
\xa0\xfa\x1e\x16\x1e\xbf\x02\xc1\xf5\x0a`\xebN\xf6\x04p\
\x92[\xde~x\x810?\xc0c\xe2\x07\x5c\x7fn\x86\
\x9d\xda)\x02[\xdbf\xd4)\xe8\xfb\xdd\x8a\xa1\xfet\
\xf1\xb3u\x17\x7f\xb6\xe3\xfdC\xd5|\xa1\x1b\x7fO:\
\xf9\xbd\xedJ;m\xf8\xb59\xf8\x95\xb5\x08\xc8\x1cb\
\x99\x19\xac\xed\xb3\xd1\xb5\xaf\x86\xbf\xbf\x1f\xbe\xbc1\xfe\
\xea\x13\xf8\xcd\x8d\xbe\xecE\xaa@\xad\x12\x98\xf8\xd7\xdf\
\xdd\x8dv\xdb\xf0\xf7w`\xd9]\x7f\xb4h\xee[\x8f\
\x93\x1f\xddx\x03\xfa\xc5\x93\x11\xf2U\xe5\xfc\x80k\xdf\
9U\x8d\xb1\xf0>\x16\xde\xe7\x11\xde\x84Y\x84\xf0I\
\x9c\x85\xa4o\xd6\xb0\xf4%,}\x89\xe9\xa7\xbf\xb2\x7f\
\xf4\xf9>!\xbd\xba\xfe\xab\x95m$}}\x15K\xef\
a\xe9=\x1e\xe9\xcd(:B\xfal\x06\x1d\x92\x1f\xe6\
J\xa4\x90\x0e\x96\xdf\xe1\x91_\x85+/\xaf\x92\xf2\xeb\
\x1a-\xfe\xfd\xe3>\x96_`\xf9\x05\x8f\xfc\xc7\xe7\xae\
\x0e.\xdd\x22\xe4W\xa5\x9f\x1a\x9c\xfc\xd09\xd5\xaaC\
\xf1\xb1\xdew\x16\xd7\xfbF|\xe9\xef\x0c\xcfSzG\
\xfd\x85hu\xec\x9c\xea@wS\xc0\x9c\xb2\xfeh\xd1\
\x14\xed\xcd\xcfG\x9f\x1f\x0d\xce??\xfa\xf8\xbd=\xda\
53\x06T\xbap\x1b\xb7(\xb4b,\xbe\x83\xc5w\
\x98\xc4\xbf\xf4at\x8b\x14_\x06\x5c\xf0\xee\xc7\xfd\x08\
\xa5l\xdd2\xcc\x98\xe8\x8f\x165\xc0z|\xf5\xe8\xe9\
\xfe\xf0\xc1\x99\x7f\xff\xbf\xff\xfe\xbf\xecyN=\xbfZ\
\x15\x846\xb67\xfe\x17\xcaq6\x9b\xe9\xa7v\x18\x02\
\xc3\x10<0\x8c\xef3\xbc\xff\x19\xd5W\x0c\x90\xd4\x0d\
Z\xa5XC\xb5\x8d\xb5h\xd5^cq\xcb\xce\x0a\xc4\
\xe2,\xfe\x9e\x1f\xfe!\x1d\x22\xfbKnH\x1f\x08\xbc\
\xdf\x08\xfe\xf2\xd0q\xd0\x1f\xb1\xfc\xf2\xe33?\x00\xdf\
-\xbd<\xbd\x88\xc8\xf37\x09\xe1\xf1\xedw\x98\xb2\xb4\
T\xc3WL\xb7z\xc5\xb8\xd1\xcb-\xc3\x1c\x9b\xfe\x88\
\xe7\xc6\xbf\xbc:\xba{\x9b\xf8\xdd\x95\xbd\xdd\xc1?|\
\x1f\xf5\x0e\xba\x01\x0c\xd3\xf5G\x0b\xb7\xb7\xef\x1f?:\
\xc4Q\x96\xaaFtT\x19\x94\x88\xb4\x9a\x1d\x18iI\
\x11},\xbd\xcf#\xbd\x9e\xdfu\x91\x92\xde\xcc\xefB\
\xd2C\xce\xb0\x8b\xabt.O\x8b Q\xd4\x9a\xa7\x9e\
EV\xb3\x5c\x9c%t\x19\xb2\x84\xa3?\xaf\xa8\xc1\xd9\
z|+\x98\x8aS\xebm'\xe3[\xc1p\x9cZ\x7f\
\x03\x0b_\xc2\xc2/\xce\xea\xb8\xf5\x12w\xca\xea\xb9\x15\
\xa8\xa6\xd2\xc7*\x12\xa74]\x8e\x94\xa6vl\xa8.\
\x17\xe5\xd6Pm.-\xd8\xe6\x22\xe5s\xb0\xe8\x8b\xfb\
6z@\xa3I.\x80\x0e\x00\x19\x0dF\xb8\xed\xbd\xbe\
\x1a\xa1\x90\xca\xf5\xb0~\xf4\x18\xf4\xe3\x9bwj+\xd5\
\xe9\x1f\xd03\xad\xab\x99D\xddm\xea\x95\xd67\xba\xd4\
3ua2D\x7f\xb4\xf0\x5c\x90\xab\xd2\xa3\xf7\xd3.\
L4B\xac\xd5\xf0'\xda1\x01\x8e\x96\xfa\x0e<\x08\
\x17\x1f\x84\xcb\x90O\xd68\x867\xcf\x8f\xae\xc8\x10\xeb\
\xdd\xe0\xday\x0cE\xc7\xb6\x7f\x97z\xbf\xbe\x8e\x90\xf4\
[u\x14%\xba\x0e\xcc\xb4\xe9\x8f\x16\xa7\x10\x1d\xbf\x7f\
98\xfb\xd5\xe8\xee]\xdc\x9b\xd1Tq\x8aI\xb0%\
k\xc0\xa9\x06\x8df\x14u\xf0\xc1\xe0\xd1\x0c.\xc7h\
\x86\xb3\xe7\xc7\x9f\xef\x0e\xce\xbf=>\xfd\xa3mz\xb7\
\xea4\x8d\xeb\x8d\xd8:\x81\xb5\xdf\x8cc\xab\xcc\x98\x94\
\xeb2\x90re\xa88xx\xe5\xe8\xfdY0;J\
U\x83j\x09K\xa2\x87\xe6G\xad\xad5\x91\xf5rV\
\xa0\xf5\xd2\x1f-\xfa\x93\xa7\xe1\x95;x\xff\x1a\x84X\
\x13\xb1\x95\xdb&\xc72\xc8\xf0\xcam\xdb\x03,)\xac\
\x8bq,l\xd2FO\xfe<\xfa\xf8\x83\x19h\x0d`\
\xc8\xcb_\xef5\xf4Lk\x8c\xa0S\x8f\xf7\x10\x00\xe8\
\xfb\xeb\x8f\x16\xf6\xe0\xd4*\xe2\xf1\xa3K\xf28\x8e>\
\xde\x06}=f\x15\xb1\xa9\x94J#\x87\x9b{N5\
\xebQ\x84roN\xe8\xa1g\xac?Z\xf4I|\xf7\
VO\xb5VC\x89\xc1YH\x85$/\x95\x9eI\x8c\
\xcf\x22\xaaWw\xc0Y\x84^\x09\x03(\xf1\x008\xbe\
\xfe\xeb\xf1\x8dk\xa0\x0bX\x0f\xe4n\xef\xf5\x80\x97\x11\
\xd5\xfb{\xf8\xc7w\xb0\xec\x0eO7\xa7\xd9\xa6C\xf6\
t\xea\x85:\xa8Q\xa6\xb6\x0b\xa5\x879\x1f\xfd\x11\xcb\
/\x8f\xa7{\x98_\x9e\x1e\xee\x11\xd5\xe1|\x03'\x84\
\x0e\x92\xfe\x88%\x0a[)\x88\xc1V`\x04\xb6\x22\xb0\
\xdc>\x96{\xf1\xd8\xf7\xe2\xf7\xd2-\x1d\x7fe\x1dX\
\xa7Z\xd9\xba\xdb\xe4D\x89\xcd.\xf1\x83\xbbX\xf0\xc5\
gO\xbd{\xa5&\xd0\xdb\xdd\xe9t\xc8^\x0dz\xd3\
RBA\xfc\xe4\xf8\x99:\x0e'5\xc8\x5cz\x92\x1a\
d\xee=\xc1\x0c\x8a\xea\x00\x04~\xad\x0e\xd3k\x1d|\
}\xf6\xf8\xdei\xfcZ\xdb\xeb\x8d~\x0f=\xd56\xb4\
Qe8\xceC\x7f\xb4\xe8\xef\xafW\xc4`C\x9bm\
\x88!\xadl\xdc\x89\x08\xf9\xcbX\xfe2\x8f\xfc2\x10\
\x1b_\xfe\x89\x94_\x05bx\x9a@\xdc\x89\xf70\x80\
\x00\x03`\xa8\xac?\x1c]x>\xb8\xf4a|y\x1f\
\xbd\xde\xda\xa9^\xd4\x88pq1\x8a\xb0\xec>\x96}\
\xf1|\xd5\x9dO\xc7g\xbf\xc5\xf9\x93\xd5JC:\xfb\
D\xfed\xb5\x09\xf3'R\xbe\x12\x16\x9di\xf44n\
\xa55\x03\xa8\xe9>\xda\xad.l\xa2\x95\x22zXz\
\x8fA\xe1H\x0f\x19\x90\x9c\x94\xb6\xd1\xf4\x0f;\xc7)\
\xaa\xdb9NR.\x17\x8b\xec2)\x9a\x83\x97`\xa6\
c\xf6P\xd5\xb058\xdc1\xeelt\xf1O\xee`\
\xf9\x17O\xb8\xdd{yt\xf8\x14\xfc\xe4U\xdd\xec\x88\
~\xf1\xea\x1a\xfc\xc5\x05\x96X,\xde3\xa5\xf7\xff\xc1\
\xd7\x99\xf5\x5c\x10\x0f4\xde%\x1e(\xf6!\xcb\x8b\xfb\
\x90\x89b\x87\x9c\xb8\xec\xbe\x14\xb1\xe2\xe2\x0ed\xc59\
\xb8|\xe8p\x94\x0f'\xd6\xe4\xd9\xdb\xed&\xb7\xe3\x81\
\x96\xbb\x18\x8e\xc0p\xca\x02\x1f\x80`:\x00j\xcaZ\
r\x00\x85s\xd6:8\x0e\x09p\x0c\x18,\x1e\x03\x1e\
\x1d\xaa!Yf\xdc\x94\x0d\xc2\xde\xba\xee\xf8JFN\
\xd9\xa5\xdf\xab\xc5m(=v\xcd\x02\x86Ik\x87\xd7\
\xc7/\x1e\x8d^|\x7fR\xc3\xf7\xe4\x9b\xed\xd8\xc7M\
E\xcd\x8e]V\xec\x01\x07\x8b{\xc0\xe3\x07\x97e\xe4\
t\xfc\xf8\xeb\xc1\xd9\xf3\xf8\xca(\xff\xab\xab\xd3\xc9\xba\
Y\xaa]ts\xf6\xba\xad>qw`\x0e\xd6a\xa8\
\xe2\x0e\xde=\x1b~z\x01B\xaafO\xad\x92\x82\xf1\
Ts\x8d\x88\xa7\x5c\x0fz\x06\xea\xa3\xc5\xb9}\xc3\x8b\
7G\xd7\x1f\x003\xab\xf6\xee\xea\x99\xa6\xd0\xc4\xd6\xba\
{],\xbb\x8bew\xd9d\x1f\xdd\xbdK\xcaNp\
q\xa5\xf4\x1d(\xbd\xbb\x02\xa5wWx\xa47\xc4&\
3\xcb\x1fcH\xc9Mf\x96?B\x12\xd7\x9a1\xc6\
R\xc6X\xca<X\xc8\xac\x82\x01R\x9c[\xa8u\xc9\
\xec\x82\x8b\x83+w\xf1\xe0*\xb9Q2L\xf9\xee-\
\x06!\xc3\x94\x08\xd9\xdfZw5\xc2\xb2\xfbXv\x9f\
\xf15\x9c'_\x03\x1e\xd4V\xc3\x9bD\xa4\x84%,\
|\x89\xe9\x02\xddzytp\x7f\xfcn\x1f\xcb\xaf\x96\
@4Z=$\x7f\xbf\xd3\xc2\x00\xb0.r\xf9t\x11\
\xe0\xaag\xbf~\x0b\xabQ,\xba\x83\x15\x91\xb3\xc2\xf6\
\xdb\x0f\xce\xbe6k\x8d\xc9\x9f_1V\xcc^cx\
\x08\xfd5|\x8d\x1c\xac\x87\x1c&=\x84[\xa9\x12m\
J4RI-\x0aew\xb0%v\x16\xb7\xc4f\x10\
\xd6\xe0\xee\x83\xe1\xc5\x9fQ\xf7\xa9\x99\x85U\xef5V\
+\xdb\xb8\xfd4\xea\xd4W\x89\xf6S)\xac\x8bq,\
\x1e\xb8\xa7\xdb}GO\xaf\x1f?:\x84\x85,\xb3\xda\
ws=m\x0e\x03\xb5\xac\x8d\xeaf\x07\x14\xb3\x1c\x1c\
\x0c8\x0c\x05\xa1\x09\x1c\x80y\x96\x83\x80\xcc3%\xff\
\x1e>\x08\x81\x01,\xde\xca\x7f\xf8\xc7\xf0\xd6\xbe\x040\
8\xfb\x0d0\xca\xedJ\xa7\xa1\xc4\x87\xd6\xb8-\x7f{\
\xc2\x1a;\xd8Cr\x18<\xa4+\x0fM\xf3/^\x18\
\xad\x1e\xb2i\x03&vE\xebt\xa7mS\xb4\x81\x10\
b\x08\x8b\xa7\xcb\x7f<7\xbc\xf3\xc2L\x03\xc6\xbb\x8d\
VUc\xaa\xd1\xadx\xb3\xd1\xeaN\xbf\x0f7\x1bI\
Y\xcb\x18F\x99\x07\x86I=\x17\xc1H\x12\xd0\x14\x90\
\xce)\x0aH\x80\x81\x04<@L\x1f\xdf\xd1\xe7\xfb\x83\
3?c \xa6\x9boU5\xf4!k\xb1\xba\x13\xb5\
V\x09(>\x86\xe2\xf3@\x01\xfd\xda\x06\x01\xec\xd5^\
\xdd\xf1\xa9G]\xc2b/\xde\xf6y\xb0?\xfe\xf2\x11\
\xd1\xab]Q\x91\x0e\xdd\xaa]\x83\xad\xdaRBl\xa3\
]\x86F\xf3\xb7\xe3\xd7\xbf\x1d\x9f\xbb<\xfa\xf0\x0f\xfb\
\xcf.\x85W\x9b\x04T\x96\x088\xa9\xab5\x9c\xa2p\
\xb0\x8f\xea,\xee\xa3\x16\xbd\xdf\xc2\x97K\xbf[l\x8c\
\x19\x86~\xeb\x02\x06m\x0aL\x19\xa3\xc0\x14\xd4)S\
\x80\xddlgq7;\x93\x5c\xed\x92\xfd\xf0\x116j\
\x18\xd9\xa51\x88\xb7\xa94\xb5\x04\xd1\x8f\xf1Er\xb0\
Us8\xe6\xd0\xca\x07|\xf4\xf1\x8c\x8c\x15\x1crB\
pe{\xb7\x11a\xf7\x22\xee\xefF\x94{\x81+\x06\
\x0c\x1ce3\x0e\x0d\xaf\x92K\x87\xa2\x11\xbb\xe4\xeaM\
\xb8K\xce\x11%\xe8\xdc\xa9\x8fX\xfa\x0f\x07\xfb\x97\xd4\
p.\xba\xfdp\xa3'\xc3\x1e\xaa\xf7p\xa3\x06\x1cl\
\xe1\xc1\x07\xa1>Z\x10\x82<x\xa2#Z}Z\xd0\
\x0c\xad\xbf\x02+\xaa\xc2\x0b\xb1\xf0\x8b;v0i]\
\x94\xa4\xc6\xda_\xe0\xeeB\xc1\xd0]\xf8\xeb\xed\xd1\xaf\
\xfb\xa6I\xd8nx\xb7\xab\xbdJ\xd2'\x0c\x0co5\
&\x84\x0f\xb0\xf0\x8b'\xe6\x9e\xbd:z\x7f\x0d\xdf\x96\
\xa8\xd7Z/\xb8-Q\x8b\xba+>\x16\xdeg\xa0\x8d\
\x8c/\xef\x13\xc2\xab^\x8d\x22\xe9#Jz\x0fK\xef\
\xf1l_\x19\xbe\xfa4\xfe\x04\xc6\x8d\xebj\xd8nc\
\x0d\xb5\xfa\xc7\xed\xdd5,\xbb\x8bewy\xba6\x8e\
\xff\xbc3x\xf2\x9aZ\x1b\xae\xcaL=\xb8=\x1c\xab\
x\x9c\x80\x10\x8b' \x06\xef~\x96*\xbe$\xe0\x84\
\xd7\xf5\x12\xca\xa1G%\x81e\xc6fi\xf1\x9c\xc3\xd1\
\xa7\xef\xc6_\xfen\x9fs\x86\xe8\x5c]\x98p\x138\
\xbd \x16O/\x18\x9f\x12_\x8e\xcc\xa1$n\x87\xf4\
'\xf1\xed\xc0\x99\x05\xc1\x90Y\xd0\xd3\xad\x87\x87\xd7\xc0\
\xb3L\xe6[\xab\x04\x09|\x98\xfdv\x84\x1f&N(\
0,\xe6\xc4\x03>\x0a&{\x10Z\x10'\x0e\x04K\
eH\xfa\xbb\xc3\x1b\xef\x8f\xef\xa3\xfc\xfen\xa3Vi\
\xd4PV|\xb7V\xc3\x92c\xeb\xc3\xb0>\x94\x1a\xe6\
^4\xc4\x1d\x8fpw\xf0\xbeP\x87a_(\x9e\xbe\
C\x8e\xddi\xe2\x1f\x19\x17\x1e\xc4\xe2\x85\x07\x92\xdcW\
L\xeb\xf3IG\x16\x13\x99\x04\x03\x91I\x87\x10\xc3W\
\xe7\xf0bV\x1d@\xd4U\xe9\x0aG\x11\x1b5\xb4\x95\
\xd5\xc1\x13S\x1c\x86\x89)I\x08\xf4\xe4\xf9\xf0+\xab\
[\xab\x85WC6\xeb\x88s\xb2Q\xeb\x22\x1e\xa2X\
\x81JE\x7f\xc4E\x22+&\x90\x91\xdc1\xfb\x0f/\
%\xf4\xb1\xf0>O'\xfe\xf0`\x1f\x8c\x164m\xf8\
\xb5\x0a\xb1\x82\xaa\xde\xa9\xe1\xa9\x82R\xc6\x12\x16\xbf\xc4\
\xc3\xf7\x19^:7\xbc\xf9\x92\xe4\xfbH\xff\xb6S\xef\
!\x00q\x07\x8b\xef`\xf1\x1d\x86m\xdc\xa3\xdfn\x8d\
n\xfe\x0c\xb6q\xaf\xad\xb7\xfe\x8e\xf6\xb3\xaf\xb5\xa0\xcc\
0\x03\xa6?Z\xd8\x12\xa9\xe2\xf2\xe0\xf2\xb9\x91}\x1c\
\xa8\xa9*w\x0c\xe7\x13\x04\xcfQ\xa7\x89\x85\x0f\xb1\xf0\
L9/\x90\xb4\xce\xb2]0g\x1d\xc3\x94\xb5\x14\x0e\
\xeb\x18\x06n\x15\xa4j\x90\x0c\x0d\xc8\xcf\x902\x09,\
.G^K\x0d\x86 \xb2+=3B\xaa0\xcd\x82\
;\x01E\x08G\xd8\xe9\x8f\x16g6+^\xf9\xb5K\
\xa0--6]\xc8\xeb\xa6\xb7\x91\xe8M\x8b;\xdd\x0e\
\x86\xe0b\x08.#\x84\x8b\xc5\x10\x22\xd8I\x0dC;\
\x11\xc2fL\xfd\x11\x8b\xfc\xe4\xe4\xdb\x1cB\xc1\xec\xdb\
\xb8C\xcd\xbe\x95\xd2\xfa\x18\x88\xcfv\x10\xc3;\x87\xc5\
\x07\x01{\x03\xe5I\xc0\xc7\x80\xe9J\x82\x81\xae4\xb8\
}a\xf0\xe2\xc1\xe8\xfa\x83\xa3\xc3_\x81\x97\xd3lT\
:\xf5\xc6^O\xcd\x8c0\x9b\x9f\xed\x8eN\xb3\xb3\xd7\
\x07\x9e\x0ef\xcf\x08\x06\xf6\x8c\xc1\x90u#\x00\x00y\
+\x82Uv\xc8\xb9\x12\x98G#\x18x4Fx\xe9\
\x1c\x0f\xff\xf8\x84\x85\xd7\x04\x7f$z\x1d\xdf\x1d\xec/\
0\x0c\x7f3\xa2\xe3\xad5\xa9\xe8\xd4\xee\x1a)}\x13\
K_\xc6\xd2/\xac\x83\xfe\xcf\xf8\xcbGV\xc7\xb2\x86\
\x9c\xc9\x1a\x16\x14?Q\x86\xf14\x0f\x0f\x87\xf7\xfeu\
|\xff\xb1o\xef]o\xac\xae\xb7\xb7\xe4\xd3\xf4Q\xf7\
\xfa\xea\x96\x0f\xd5#\xe6\x9c\x08\x0e\xce\x09\xa5\xe1\x0b\xf4\
:\xa9\xd5\x83\x12\x8c=\xd4G\x8b\xf7@\x8c\xfe\xbcB\
&fT\xdc\xb4\xb5^\xb8d\xaf\xb6\x8534RR\
\x0f\x83X|R\xef\xf3C\x19u\xe3<\xcd\xa6\xca\x9b\
6\x0a\xc6$ova\xc6F\xca\xe8b\xf1\x17wq\
\xde_U\x1c\xec\xc7\xca6\xd9\xc4\xdf\xd1\x9eAE\xd3\
\x80Q\xe6`\xa7\x0eY\xc0\x22\x80\xb5S\xfd\xd1\xe2\xc5\
\xbcc;I\xacV\xd9\xee6`k.\x966\xc4\xd2\
.>\xd9\xfc\xe0\x17\xd0\xd4]\xad\xc0f\xeej\x0b\x0b\
[\xc6\xc2\x96\xd9\x922j\xf9(\xb1\x16\xd0\xe4e\xf4\
\xfaQ\xb0\x1c0R3\xb4\xedTN)h\x801\x04\
|9_*\xe3\x0b\xf2\xbd@^\x1f\xcb\xcbT!\xc5\
?x\xcaf\x87\x1c\xe5\x88\xfa\xa5\xb1*_|\xe4\x0d\
\x9e\xb3N\x0eX\x87\xe3\xd5\xa5LXi3\xd0\xbd\xce\
\x1f\x0cn~\x8d\xf6\x0atp8\x0dWPH\xa9\xb0\
\x9a^\xbc\x82{|\xf6[\xbbS\x82\x1cm,\xa6\x83\
\xc5\xe4\xebO\xa39\xf6\xd4\x15\xaeSWX`\xd9\x05\
Ci\xeb\xf8\xf6\xefh\xa9\x1fv=6\xe0O\xedb\
\xd3\xb7x\xd9\xd6,l\x85\xb9\xa1-4\xe9tm\x0b\
\xcb\x8b\x8d\xdf\xe2\x85Z3\x08\xc0j\xfc\x88\x95G\xd5\
5,-\xd6\xc4\x8bg\xf5\xc7\xfbg\x80>\xd3\x85Y\
\xa8\xd0b\xac\xd0\x5c|y\x19\x86\x16@\xae\x0f\xc5\xf2\
\x81\x1c\x1f\x11\xe0P+`h9\xd4N'\xe8\xd9N\
<N\xd8\xb4\xbdS\xf7\x89\x80\xc5\xc1\xb7b\xf1\xc9\x04\
Fn\x8f\x94\xdb\xc3rS\x81\x16N\xc5\x06\x0c\xa9X\
-\xf7\xe8\xae\xf4\xe8n\x99\xcc2\x01\xa0cJ>\x8d\
,\xc5\x8c\xe0t:k}\x8c\x07\x9b\x99\xc5\xa7_\x19\
<G\x1fo\x8f_?3\x8b\xe5\x09<\x91\xe2\x0d7\
\xf4\x82y\x84$\x8ac\xece\xe3<?\xc3\x00\x80$\
\xfc\xba\xf8lp\xf1.\x81\xa1\xba\x8dw\xfb\xee\xd4\x89\
\x10\x01\xa7\x97\x19\xb8\xfe\xc91h\xd2\xb6\xa1\xed\x11\x10\
\x0cg\xdb0\xf7\x10\x90f\x1cA\xff\xca\xc7\xd6\xd4g\
\xe0Xe%\xe8\xcb?\x0c\xbf\x7f[\x5c\x88^U{\
\x06\xc9j\xf4*\xe0\xebIq\xcb\x18\xc9\xe2q\x9b\x06\
0\xfa\xf1\xc6\xe8\xf9[\x5c\xf4\xd2\xe2Gj\x86M\x8f\
\xac\x7f\xadv\xa2&\xae\x81\xf98g\xee3\xe4\xcc5\
\x12s\xb1L\x93=\x80\xa1\xef\x94j\xb0\xb7\x03\xe8\xec\
Fv\xe9q\xa1\xd4gX\x1aj\xce\xe1\xfe\xe7\xf1\xe7\
{\xf0\x04\x14\x0d\x9d\xf8\xed!\x0d]\x0a\x88\x7fy\x86\
T\xa8\x0e\x8f\x80\x0f\x9fEH\xc8\x85\xdf\xed\x00\xff\xdd\
\xc7\xc6\xd9g\x18\x1b\xf4\xe2\xc2\xd1\xc1K'\x04o\xb7\
\xd2V\x13\xb2\x9c\x10\xbf\xd9\xca\x86\xfc\x14<Y\x5cf\
\xf4\x19\xe6\xe9\x1b\x9ds\xf9\xbb\xf1\xdb\x8b\xf0\xaa\xc4\xf5\
\xdev\xd4[GW\x05\xbbr>\xae\xcc\xf9\x0c}G\
\xe6\x91B\xf6H*;\xa2\x8eH\xc9a6\xae\x84[\
GJ.\xcf*\x80\x0b\xc3;\x87\x83\xc7\x0f@\xe2\xc2\
\xd0\x00`a\xba^\x81<\x00)\xa0\xc0\xb23\xd1^\
|\x01-\xd4\xd4G\xb9Q\x92\xff\xda*,\xd6&%\
\x86%\x88zy\x11\x1e\xa8fT81MM\xda \
\x98\xcf\xf0\xb0\x09\xf2\x5c\xa6\xae\x91\xe3\xb3\x97G\x9f^\
\x10\xc3\x08\x94\xfd\xdcYW>&1\x8d\xa0\xbf\x13\x13\
\xd3\x08\xa4\xb4>\x06\xe2s\x5c\xf6'W\x8b\x1a\xed\xf4\
T\xea\xf9va\xd5\xfb\xb8\xe1\xce\xc3\x1dk\x1eCK\
\xac\x862\xfa\xe9\xda\xf0\xceC\xf0n%\x88\x9d\x0a\xb5\
\xd9\xae\xde\xdfY\xc3\x07\xe1a\xe9=>\xe9\xed\x83\xa6\
2\xe9\xe1\xa0)){\x17\xcb\xeeb\xd9]\x1e\xce\xf2\
\xe8\xf7?\x81Si8\xcbj\xd3\x11v(k\xb5&\
t'=\x07\xdf\x1b\x87\xe9\xde\x98\x09\xf9\xf8\x977\xb3\
\xf1\xd1/\x0f\xf7\xa0K\x01\x1d,\xbb\xc3$\xfbw\xf7\
G\xbf\xbd\xc7\xb2\xb7\xd4\x9dG\xad\x17\xf5~\x0b^y\
<\x91I0Ld\xca(\x1a\x98<5\xc1\xd2 \x08\
T\xfdv\xb4K`\xf00\x06\x8f\xb3\x1aVP\x07\x83\
%0 \xb6\x8b\xc5^\xbcl\xf0\xd3C0DS\x1a\
]8<\x13\x8e\xce\x94\x229X\xda\xc5G\xcd\xdc\xbb\
0\xbe\xf0\xbb\xf4\x12\x06\xaf\x1e\xa0\xb1?\xebR\xbd\xc0\
>\xe4\xa8\xd3\xec`\xd1\x05\x16\x9d\xa3x \x15\xfa\xf0\
\xe5u\xd0)\xa8\x9a\xef+\x8d-\xbd\xf2\x13\xd4\xa4\xb7\
\xa0nqq\xa0\xea:\x0c\x14\xde\xcf87\xafY\xf8\
D~~\x03'\xe8\xf12)\xc1\xb1LJ\xff\xe0x\
H\xac\xf9\xc1\xe9!\xb1\xb5.q\xd3q\xac\xea:>\
\x8f\xf4\xf4\xb8C5\x04\x9c\x1as\x08\x87\x1cJ\x01\xb1\
Nq\x5c&\xd9?\xbe$e\xaf\xf5\x08\xd1k\x84\xe8\
X\xc10\x98Qsi\x88\x05\x99Jtz\xe8J\x17\
w\xb0;\xb8\xd1\xc8)y\xcc,\x99\xc1\xe5\xef\x87\xb7\
\xde\xcf\xc1\x95iW\xda\xea\x15#\xcaL\x1baq1\
\x16\x86\x8c\x87\x12>I\xed\xc1Y{\x89\xe4&\xbfG\
\xcd\xdakoD\x1d8kO\xca+0\x14\xc1\xb3|\
\xf2\xff\xff\xb7\xff\xfc\x1bv\x8c\xcd\x02\xca\xbd\xf5F\x97\
v\x8e\xb7j\xfa;\xd0Avp\xc7\x8f\xb3x\xc7\x8f\
\xe9\x96\x01Y?\xd3/\x83R~\xf5\x16H\xf99\xb8\
_\xc6Y\xbc_\xc6\xb4\x7f\xe1\xcc\x82i\x02#2\x0b\
R\x8b6\xf1\x8f\x8d_3C\x07\x8a~\x01\xaas\xf0\
\xecW\xc4\xddW\x9d\x838C\xdc\xde\xc0\xcc\x02<\x09\
M8\x1cU\x06%>^\xb9\x9a\x88O\xee\x5cmo\
\xc0\x9d\xab\x02\xcf\x0c\x13\x0eG6DI\x7f\xfc\xcb\x1d\
\x19\xd1\xd2\xd2\xcb\x80\x16v~H\xf9a\xd3&\x9e\xa1\
$\x18f(\xf9B\xfc\xdb\xdf\xfe]>\xd6\xe1\x95\x9f\
\x01\xd3v\xbd\xbba\x1e\xec:\xa4\xda\xaa\xaf\xe0\xdb\x8f\
\x1b\x96\x1d\x110\x1d\xc0\xaf\xb7A\xee59\x80\x9a\x99\
\x07\x82~~\xecF88\xe7\xed\x08\xa6\xeb3z\xba\
\x7f|\xf62!}\xb3\xb1\x83\xaf~\xd3\xeaE\xd4}\
\x11\x08\xb0\xf33\xf9\xe8/\xc8^\xb7\x99\xab\xa7\xd7U\
\x07\xc0\xfd\xcff\xf1\xe4\xc9v\xe5u\xe3A\xac\xaa\x5c\
B\xba\xa5\xc0\xd6\xb1\xbc\xb6\xba\xb6\x06\xe4\x0f\xb0\xfc\xc1\
\xa2\xf2\x0f_\x9d\x1b\xbe\xfb0\xd8\xbf\x94\x01\xb1\x98\xaa\
\x86R\x9b\x1b\xbd\x09,6\x9b\xd5\xdd\x90 \x00\x04\x1f\
C\xf0\xd9\x8e\xc0\xd4N\xa8#\xd0\xd5\x13\xfb\xaf\xbf\xda\
\x01\xa2{XtoQ\xd1\x0d\xcb\x1c\xff\xf4\x9aeN\
\xff\xec\x1b5\xfc\xab\xbbXtw\xe1\x8b31\xc7\x16\
H\x9f\xcf\xb1\xa5\x00\xa8Q\xb6\x10\x81\x83\x118\x8b\x22\
0+>\xb1\xf8f\xb9'-\xfc\xa9&\x96]`\xd9\
\x05\xdf\x9d\xb7\xbb\x97\x13R#\x1fS\x0anq2\xa5\
\xe8\xae\xf0\x91\xc6\xd1\x1f-z\xe7\x97\xb5\xed\xdc\x88\xee\
a\xd1\x17\x7f\xae\xbcm\xceZ\xe0R\x08\x05.\x85\x8b\
_\xf1\x8b\xe3\xfd3>\xd8\xc7XI6`\xfap\x1f\
\xa3\x9d\x80\xa5\xe5v\xf1\x0f\xed.\xfcC\x1f\x7f\xfb\x18\
\xf2P\x94\x13\xff\x97\x88(Z\x5c\x07\x8b\xebx\x8b\xff\
\xcc\xa7\x07\x07\xbf\xc8?\x01\x1d%jT\xd5n\x07D\
I\x89\xaaQ\x0b\x0b.\xb0\xe0\x0b\xab\x11\xe6yIZ\
`\x81\x95\xc7\xe2\xee\xca\xb2\xe6%\x19\xc9\xf1\x1da0\
\xf5\x9c\x93\x87\x8c\xb8\xf8f,n`\x965yHJ\
\xeex\x0erL\xf4G\x8b:&o\xde\x0d\x9e\xdc\xc2\
\xe3\x88\xeb\x95\xc6\xa9\x0a1\x10\xbd\x0e\xa6\x11\x1b\xc9\x1d\
,\xf9\xc2\x0e\x89\xa9\x07\x1f\x9f\xfeA\x8f\xf2\xbd:|\
s\x05W\x85\xbbz2H[\xe5\xbf\x10\x90Z\xad\xdb\
o\x12P\x04\x86\xb2\xf0\xf51\xa9xl\xe4M*\x9e\
0\xf2\xcd\x98\x10\x1dt\xe1&\x1f-z\x0a\xbf\xffS\
\x1e\xc4\xf0\xdd\xab\xd1\xe1c\xb0u\xa5\xfe\xffj{\xd3\
\xe66\xael]\xf3\xaf\xf4\xc7\xaa8q;\x90Hd\
\x22\xf3cUu\xf9\xf4\x89\xb8\xa7\x07\x9f\x8a\xee\xcf \
f\x10\x04\x09\x82(\x223\xa2#$\xb9\xa8\xc9\x1a\xad\
\xc1\x92\xa9\xc1\x92%K.[\x935Q\xa4(\xfd\x19\
&\x00\xfe\x8b\xce\x9d\x09\x90\x94\xbd\x9f\x0d\xa8r\x9d\x1b\
7\x5c\x0e\xa7|\xfc\xae\x8d\xbd\xd7\xfc\xae\xd5\xafO\xe6\
#4\x0c\x8d\xc4\x8d\xf8O\xb4Y\x06\x97ep\x85n\
\xd2\xcf7\xe2\xbf\x0e\x8f+\x9b\xf4\x17\xb8G\xf5\xd2\xb2\
\x1a\x8b\x1e\xc3,k\xafP\xbd>H\xbe\xe9epX\
\x06G^\x86\x99\x22\x18$\x00\x01l\x16 \xb3\xc6O\
GA\xa9\x01?w\xbe&\xd2\xfe\xe14\xa8\xf4=\xd7\
\xeb<\x12jPg9X\xa1\x0aDzGFZ\xf1\
\x8b\xfe\xcd`+\xc3\xd3V\xd3\xadL\x8f\x9bUl\xf6\
\x98/\xcdQF\x0f\x1eA\xc5\xea EY)a\xc9\
jP\xaf\xac0z\xd6\xaa\x02Q\xdf\x87\x0b\xd1\xc6W\
0\xe2}\xa9\x9a\xf4>\xf3h\xf7\xa5 $\xd8\xb4\xc6\
m\xf2)\xeb\x05zy%\xfa\xf06U\xa7\xdcB\xaf\
^@\xa5\x9a*Tc\x0f}\xa3\xd2h\x07\x03\x16\xc5\
aQ2+\xa5h\xe3\xf1\xe8\xd2W\xe3\xb3\xcfFg\
NQ\x1c\xd8m\xaa\x9d++\xb8\xdd\xa3\xdb\x1d\xac0\
\xfa<\xa3\xcf\xfc\x92\xa3\x1fO\x0c\xffqq\xf8\xf5\xe6\
\xde\xf6\xcf_\xe8\x16c\xf6\x83\xa6\xda\xa7\x9a\xbc\x82\x9a\
~\x17f\x10\x0ej\x08>\xc7\xe0\xb3\xc7*I\xa7\xd9\
x\xf7it\xf6\xf1\x17Z\xbf.\xe94\xebw\x14\xb9\
G\x0f\xbe\x11\xb4+\x08\x1e*\x0c\x93OY\x9f\x80\x9a\
v}+\xda8\xbd\x7f\xf5k\x98v\x9d(Ou\xf2\
5\xc3\xe4.}\x85'\xc5\xef1\xfe\xcc\x89\x848t\
\xd9\xbf\xa2\xd8\x17J\x90\x8f\x9b\xd1\xc5\xeb_\xd0\xf8\xe8\
fg\xb5\xdfL\x9c\xbbN\xb7_\x83A\xd2\xaba\xab\
\xcb\xbf\x04+#\xab(s\x8d\x0eZ\x90\xe1\x1a\x1dt\
\x1fkoQ\xd2y\x0c\xd8]\xc6\xee\xca\xa4\x8bS\x09\
\xd2\xea\xf8\x174\x9a4\x15cZ\x1e\xaf\xc1\x84\xd2F\
\xd0\xe2\xd7l\xb1\x22\xb5\x04\x92\xf6\xcf\x86w\x8e\xf3\xcf\
\xa0\xfc\x07\xd3\x8f\xd0j\x99~\x04\x9b\x91\x0b${\x9e\
\x0c\x7fy4|q\x0a\x8e?q\xe5\x96\xfb\x8d~\x93\
O>\x5cn\x18\xce\x9dM@\xf6\xe88z\xf71\xba\
x\xf97}\xf8\x9a4\x8a2\x00\xa5\xdf\xb6\xe2k\xe9\
\xfa\x93F|\x90\xc5bY\xb2\xc7\xcb\xcf/\xc7\x8ei\
t\xf6\xfbX5\xc5\x12\x81Q[R\x0d\x8e\xc9\xec\xcf\
R\xac\x9b\x94Hl\xdd\x96z\xad 0\xfc2l\xdf\
\x04B\xe6\xed\x07\xb1\x1c\xb1~\x8d\x7f\x99\xe1\x8d\xbb\xd1\
\xc6\x19\xfd\xbb(-\x07jyLr\xbb\xd2\x88\x01\xc5\
i\xc5\xc6zPGqrl\xf1r\xbe\x80\xae\xda{\
\xb7\x916\xcc\xee?|:\xbc~S?F\xb9\xd5\xec\
\xa7\xbd\xb3j\xf7m\x93\xe6\x00\xd4Z\xbd\x15L\x92\xc6\
p\xd9\xf6\xe5<\x99\x07?\x99 z\xeb\x9f\xc3\xdb\x0f\
\xff'?\xfb\x03\x96\xf7z\xb5\xd9&O<\x5c.\x0f\
\xd6\x0d\xd2\xb0\xfd\xcb\x9e\xde8`\xae\x18\xa59\xca\x5c\
\x99!Lc`\x16\x86\x0d\xa2@\x9e#)]\xcf\x12\
&\xad^\xcf%\xccZ\xcd,\x0c\x9b\xc4\xec\x09\x8f\x09\
w}\x860\x13\xfa\xf7\x5c\xd2\xac4\xcc\xd2\xb0\x99\x14\
\xc8~\xdc\xb8\x12\xff\xf9Y\xd2\x04\xb1\x99\x9fK\x94\xa0\
e\x16\x85mf\xf6\x04H\xfc\xab\xa86\xd7D\x14v\
\xe1c)\xd6J\x87\xc2\x98=\xf9\xc6Zy`\xf0\xe5\
9\x07\x92\xcf\x9e\x03Ik\xc7*\x1c\xbf\xa5%|M\
k\xc7J\xa1\xadA:j\xb1\xdcXc\xf4l&\xa5\
*\xdf\xa9\xd17\xa1O\xcd=\xa1o\x05\x84\xde\xf2\xd0\
*\xaaOY\xafR2{4m\xd1\xe5TH:\x81\
4\xed\xd05\xa6BZ\xbdr\xc0\xa9\x10\xcb\xf3X\x14\
OF\xf7\x0e\xbf\xdf\x8a>~\xc5\xad\xba\xa9\xeemT\
'\xb5\x0a\x16e\xad\xd6\x18\xb4\x0c\xa2\xb8,\x8a+d\
\x137^\x8d\xef\x9cgk\xa8\x9c\xad\xd5e\xa6@\x0e\
V\x09}\xce\xc7;\xa5>ev\xe9_*\xe2\xf5\x8c\
E\xeb\xb1\x87UO\x1c\xc6Y\x8b\xd6WJ\xb4h=\
\x15\xc5cQ\x84\xba\xe9\xa2\x9d\xed\xbd\x8f\xf7f<\xee\
\xce\xc0\xf0\xba\x07\x0c\xbf\xc8\xf0\x8bB\xf07w\xa3g\
\x1fM\xf0\xe3\xf8\xbc\x87\xc4\xc2\xc5r\xbd\xc7\xf0]\x86\
/Q\x5cW\x0d\xebO\xcf\xa4r@}]\xb5\xc1\x96\
:SQ\xa0\xea\xd2.-\x96Y\x08\x87\x85p\x04\xbc\
u55/ilH\x8b\xc0<\xa1)\xf1\xd9\x93h\
j\xd2\xec\xa0\xaa\xc23\xe64\x85A\xd8]l\x95\x0d\
7\xccf\xe9l\x19M5\xfaxu\xff\xc6K\x93\xa6\
R\xd9\x9f\x92AU\x19\xdew\x9e\xe1\xe7eb\xdc\xd1\
\xe5;\xc3c\xb7\xff'G\xb7\xab\xfdf\x0f\xfc\xc0V\
\xb0jx\x1d\x16c\xb7dL\xf7\xf0\x97\x1f\xc6\xe7\x7f\
`\xa3\x1d\xdf\x1b\xb6\x11\xad\x9e\xc9F\xe4\x18|f\xaf\
)e\x16\xf0R\xba\x03b\x81a)]\xec\xaf\xa2\xcf\
\x97c\xaf)\x97\xddkJ\xd1\xa7\x05$\xeeJ\x99\xc8\
\x90V\x90f\xf4\xa7\x0cj\x8d67\xa8\xe4\xd8q\xca\
ew\x9c\x0ev\x17\x8co\xbe\xe3\xad\x05J\x0c\xfd\xb6\
\x82\x06`f\xcb\xe6\x15\xc5\x1e\xee\xde\xd6s\xf3\xc3\xe5\
\x98'~\xba5>q\xb6\x09^f\x9b0~u\x7f\
\xff\xd8wl\xd5\xca\xa5\xa6\xea\xa71\xdb\xb4\xf2\x9a\xc1\
\xa4y\xac\xf4=[\xc6\xad\x88\xcf?\xd6\xfe&\xb7B\
M\x83\xed\x97\xc8\xab\x08\x1a\x8c\x9eu\xbe\x97\x17jU\
>{m\xfc\xfa\x1f&\xf4\xb1\xde\x09\x9b\x04~-d\
\xf0\xac\xf4=\xa1X9\xcd\x00\x9a\xc0O\xb2\x7f\x04?\
\x5cf\xf8\xac\xf6\xbd\x9c\x14|5M*\xfd\x05\xb8\x81\
\xe3P\x94\xfeZ3\xf91\x0c=\x1c\xb1Hkk\x86\
\x16\xad\x5c\x91\xedA\xd1\x17\xf2\xb3\x1f<\x1a\x9e\xbed\
\x12\xa5R2\xcc\xacY,W\xf8=\x17\xf9=\x17E\
\x9c\xb8dRV\xecm\x9b&e\xb5\xb1\x85\xa0Q\x0a\
\xdb\x8c\x9d\x1fD\xd1\x92\xe9\xe5\x88\xad\x00\xec}I\xbb\
8\x94\x11\xa0\xc5/\x8dJ\x8d\x1fs\x91_C1'\
S\xfb\x1a\xdd\xfe\x18;\xcfT\xf2R\x13\x04\xf5\xec\xee\
zm5\xd0\x83v\xd9v\xb9\xd9\x0b\xa5;\x17\xa3\x8d\
\xadts\x99\xc6\xec\xaaq\x12\xa5#[\xcbtv\xb7\
R\x0e\x01x\x81\x81\x17\x04\xa2\xc9\xff\xa6\x99\x0c)v\
\xb6Y\xae@\xc67a$^\xbe\x13]:m`$\
*7\x0d)\xf4\xablo]~\xa1n\xf6\x16\xb7S\
\x97\xf7\x8f\x9d\xb1s\xb9\xbf\x8c^\xec\xe8}\xb5\x8eJ\
\xc3\xc5\x7f\xa2\xdc&Bek\x90|f\x09\xf8\x9d\xba\
91\x09\xfe4S\x82\x92Y\x82\x12K\xe0\xb0\x81r\
|\x19\x9a\x027\x10'4\x05S\xefp\xbd\xdb0@\
\xe7\xe8\xc4\xc9\x9e\xd6\xfdt\x01\xf8_fo\x00/\xf3\
\x0a\xf02\x08\xc0\xa1\x8aS\x14\x16@t\x83y\x8a\x9e\
}\x03G\xa0\xbb\xe4\x96\xd2<\xdb\xf7G\x9bO\x87\xdf\
\x9fJk\x04\xbf\x1f\xf1\xafZ\xdc&%\x9a\xa5\xfe\x82\
\x0a\xbe\xd22\x81n\xe4\x7f\xad\xb1\xb4\x10\x0c@\x16\xd6\
DN\xf6\x8c\xc9\xad\x93{\x1f\xef\x0d\x9fo)w!\
\xd9\x04\xad-\x01\xa6}\x0c\x81\x12)\xa9m\xe2`\xf1\
`\x10\xd4L\xcf\x82u\x92#\xc0\x87\xf9\xd3\xff\xae\xa7\
\xc2\x94\x1aD\x81)\xb1\x05(\xf0\x13\xce\xce\xfaK\x93\
\x9f\xd1\xc6/\xd1\xc5-\xed\x13>\xc8w\xaa\x86\xbd\x1e\
5\xff\x87\xdd$\x11\x0do\xb8\xc0o\xb8P\x14\x96`\
\x0e\x01\x18?\xc0\xe7Dz\xc1\x15\xca7\xfcxq\xff\
\xf2d;\xe5\xf0\xed\xdb\xd8\x95\xa0\xc4CM5\x0cO\
\xc6\x0b5\xfa\x9dFU\x9b~\xa8\x0d*\x8b\x0dH\xfe\
\x14\xd8\x05-8\x12\x8c\x98\xe9:\xbc\xbf\x18\xf7\xe1\x95\
\x0d\x0b\xf1\xe8\x1e\xb16-\xd8\x92\xc8\xc5\x16\xf9%\xb0\
m~\xc0v\xe6\x07\x9c\xa6z\x867.\x0c\xbf\xfeI\
\xbb\xf3\xa7_Zj\xaa\x08K\xbb\xf0g\x09\xbc}\x9b\
_\xac]\x14(\xbb$L\xe3\x1c(\x9c\xe5\x03\xae1\
\xdd\x930tL\xf7\xc4\xe6\x07k\xbb\x92\xe8g\x827\
`\x07\xe8\x1c\xaa\xd8y1]\xa36\x13'Z\xc6\x90\
\xe1\xac\xf5'\xab\x89;\xe4\xf9\xc4j\xa6\xd7`\xbbe\
\xb3\xbf`gO\xb6]x\x16\xdd\xff\xea`\x01\xc9_\
\xb4\xbb\xcfT\xc8;]>\xa2U7\xad$5B\xb7\
\x88}\x04;'\x8c\x7f&|F\xaf\x07\x9f\xe7\x90%\
\x9f=\xa7\x96VW\x98\xdf\x95D+&ZW\xdb\x90\
\x0e\xcc\xb3\xba\xcc{rO\xe0\xf2\x9d9\x9e\x80\x8a\xda\
\x8d\x0f`\xd5\xf0\x00\xf2\xac\x86\xf2r~\xc3\xde\xf6\xcf\
s\x08\x92\x94y\xcd\xa2\x0cL\xa2\xb0\xcf\x90\x9d(\x95\
\x12\xed\x0e\xf6\xd71\xd1\xeep\x85\x9d\x96jg\xa8Z\
\xe4\xd9s\xc8>\x81\x22\x06\xaf\x98\x9b\xcf/\xc6q<\
QO'\xa4\xcdR\x1c\xcbC\x14\x1f\x0e\xb8\xc6\xc8L\
\xaf\x5cv\xa6W\xeaA\xc4\xeegl\x15\xf4}\x97\x9d\
\xa4U m\x8d\x87p\xab1`\xff9\xcf\x86 /\
\xc4\xd2L\xcf\xdfxy\x0e~\x01\xba>!\xf7i0\
\xdf+\x97\x9d\xef\x95N{0\xf0\xdf\xd3\x99\x0f&\x02\
|\xdd\xa0N\x99\xeb\x95\x13\xe0z\xa5\xa3\x14q/\xfd\
t\x8c\xa8i1}\xa7\x16p\x8b\x09\xf3\xbbr\xd9\xf9\
]i\xday|\xe7<T\xaa\xd3\xb4\xf3\xea$\xdb@\
\x89gC\xa5\x9a\x19^9\x01\x86\xd7\x91MA\xc69\
C\x86\x9b\xd3\xed\x99n\x0e+}K\xa8\xce\x1e\x9d?\
5\xda~4\xd3~MH9F\xfb\xd5k\x19\xec\x17\
\xf3\xa4r\xd9yR*\x228\xff\xec\xe0\x87\x80\x90&\
8\x1cT\xa5\x0di\xd2E+\xe0\x8b27*gY\
\xc2\xf8g\xc2g\xf4\x00\x9e\x1d\xe9\xecT\xa8\xd1\xd5\xbb\
\xa33?\x1d\x8cp\xf9\x8bfvU|w\xd6\xfb\x93\
!.\xba\xa3\xef\xa5S\x5c\xe0\xe8\x99\xf9\x94\xcb\xce|\
\xfa\x0d\xfa\x19\xe0\x19;@g\xd5/@u\x9a.\xf8\
N\x87\xb4A\x106\xdd\xf4\x9dNj\xa38\xac\xbd\x1e\
\x18\x021\xe68\xe5rEy1\xe6\x91\xc2 \x04\xc8\
\xc0\xbaT`\xaa\xe5\xaf\x1f\xa2S'Y\x804\x90\xec\
wL\xf0[\xa1\x09=\xab\x9f\xec\x1c\x93I$\x93\xd0\
\x02fZ\x82)1\xc0h\x0aZ\x10\xca\x84\x96\x97\xf3\
A\x96\xc9\xa7\xac\x0b\x1d\xde\xfc8|\x99L$\xd7\x0c\
L\xe8\x84U5c\x5c7)!L>\xe8\xf0z\x8c\
\xd7\xcb\x8ew\xff\xc7\xeb\xfb\xdf\xdc\x1f\xed|\x1c\x7f\xb5\
\xabQ>\xcb\xc9\xf0\xa2\xf6\xdf;\xfaA\xb4\xbdz\xbb\
\xa3\x05]d\xd0\xc5\xec\xa0G;\xe7\xa3\x8dW\xca\xe9\
|\xfeJ7\xaapY\xd1\x16\x82\xc4\xfb\xe9\xeb&\xb8\
\xf6\x06AO\x0b\x1bW\xb6z\x12+[Ug\xd8\xeb\
\xb7i\x7f\xaa\xde\xc66\xd2\x05\x08\xb5\xaa\x0eu\xd8\x18\
\xd4\x00\xb5\xcb\xa8]\x01\xd4\xb1[\x10\xdf\x90\xe8\xe2e\
=j\xe5\x14\xfc\xbdV\xd2An\xb5\x09\xb2\xc3\x90E\
\x16\xae=>\xae}\x84q \xbb^m\xc2+l\xac\
\xe3+t\x81\xff8\xf9\x94\x15\xf0\x83G\xc3\x13?\xea\
FBWJA\xbfJs\xa0+A\x19\xc0\xe6\x19l\
^\xe6BD\xe7\x9fGg7\xf1B$\x04m\xed\x8d\
\x08\xda\x80\xd9b\xcc\x12;\xbc\x94f\xd6?\xbd\xf8N\
\xc4\xba\x99\x1f^c\x15\x1e\x9e\xc3\x97\xc2\xc9~)\x86\
7\xce\xed}\xbc\xad\xbd\xc5\xc9t\xf0\x85\xd22\xdc\xe3\
\xf2\x02\xdec\x87\xaf\x86\x93\xfdj\x8c7OE\x17\x7f\
\x18=\xba;<\xfdQ\xe7\xca..\xf7\xc3>,D\
\xe9-\x86t\xca\x16C\xcenK\x12jk\xf4\xf4L\
\xf4bC\x9b\xc7^S\x89\xf8\xbe\x96\x96[ji\x01\
\x17\xf8\x8c\x0b\xd9\xcf8\x9d\xae3\xfe\xe6\xa6\xcebO\
\x86\xea,\xc5\xfa\x02Lv=X\xea\x00j\x8bQ\x0b\
m\x8d\x1f\xbe}\xa1C=\xa1\xa9\xabX\x07P\xaf4\
zz\xd46\xdb>[`UB|-\xce\x7f\xa7}\
\x82j><<\xbf\x12??\x9b\xed\x9e\x9d\xdd\xee\xed\
\xdf\xdb\xde\xdbz\xae\x85\x1b{B\x09\xc3\x1c \xf7j\
\x06\xc86C\xcen\xf9\x9e\xde\x1e\xbe\xfb\xa0\x85\x1c\xeb\
\xb78\xe4\x02\xc0\x0b\xeb\x06\xc0y\x06\x9c}\x0f\xe7\xdb\
\x17\xd1\xe6\xee\xfe\xcd\x0d}\xa8\xde_ni=\xcez\
\x0b\xb0Z\x8c5\xbbn\xdb\xbc4\xdcz\xa6=\x5c\xd5\
\xb7\x5c\xc2\xeb\x10\xd4\xf1t\xf3|\x1d\xf2\x026\xef\xeb\
\xcd\xe8\xdaI\xb5Z\xe8\xd8]\x8doQZN\xf2\x99\
\xf5\xf8\x7f\xfb\xda\x91g\xf5\x1e\x80\xce3\xe8\xecV\xef\
\xcd\xd9\xd1\xa3c\x00:v\xdf\x06\xcd>!\x0e\x06\x88\
\xd8b\xc4\xd9\xdd\xa1w\x1f\xa3\xb7w\xe2\xbf\x0e\x7f\x85\
\xe6\xf6P\x85~\xc9`\x87\xaa\xb6VUoha[\
\xac\x8e%6\xd7$=\xf9\xf1A\x0f\xcf^\xa3\x9e|\
\xb5vj\xb9\xafm\xc9\xaf\xaf\x01f\x871;\x12\x98\
\xdf\x1f\xd3\xbe\xc1\x04\xf1b\x89\xa2\x91\xfa\x22>B\x8b\
\x1f\xa1%\xa0\x93\xbf97\xfe\xf0!>\xe6\xd1#\xcd\
.\xb2jE\x9d\xf1bU\xcb\xd6\xa8/\x02\xde<\xe3\
\xcd\xee\x11]:=>\xf1P]\x8b\xeb\xcf5xc\
\xa7\xbe\x9e\xa4\x04t\x88k\xf5\x01 \xb6\x18\xb1%\xe3\
'\xefm?\x8a6\x9f\x80\x9f\x9cL]\xd07\xe9\xf6\
\x16\xcbZr\x89\xe7\xe2\x90\x1e\xcf\x15\x18J\x7f\xf5Y\
t\xe5x\xac\x9e\xf7\xb6\xbe\xfb\xfd\xfe\x93\xaa\x1a\xcb\xd5\
K'\x09\xeav\x9f\xac\xf4\x08s\x9e1g\xe7\x13~\
\x7fb\xef\xdd\xd7\xe3\xd3\xefti\xa2\xb0\x91\xf2\xf7\xb5\
\xdb,\xca\x80\xd6b\xb4\x02\xa5\xec\xeb\xd1\xc9[p\xc2\
*\x19\xd7IJat\xc6\xbd\x0e\x9eq\x8eQgg\
J%\x0bl\x01u\xba\xbf\x961W\xca\x80\x99\xc7\xa0\
x\x02cPT\xbb\xc0\xc6\xcb\xe1m\xc8h)\xcd\x5c\
\xee\xeb.FX/\x03\x5c\x8f\xe1\x0a\x94Z~\xd9\xdb\
\xba\xb5\xb7s%:\xf1X\xcf\xeb\x8aA\x97\x93\x8da\
}=\xa9\x8bP\x17\x19u\xf6\xea\xfa\xce\xf6\xfe\x89m\
\xad\xe9S3Y\x02J\x86\xb7\x02\xad\xe1K\x01\xbb\x0c\
\xd8\x158\xe68<\x05\xf7^\x1d\xb3\x8aN\xc9\xc5o\
u\xea-\xc0l3\xe6\xecZ\xf9\xdc\xb7\xb17\xa4\x0f\
\xa0\xaa\x8a\x9aK\x01\xd4\x9a\xe1\x90\xf3\x0c8/A\xd8\
\xfan#\x19]\xf9\xbd\xee\x90\x03\xb5\xbc8,-\xeb\
GT\x86\x80\xd8b\xc4\xd9\xa9)\xa7\x9eE\x1f(o\
\x1f\xfbo\x95*\xe7\x0e\x17+\x83\x1a@\xce1\xe4\xec\
:\xf9\xc1\xf5\xf1\xc7K\xda[\xb1^j\x06}\x0a\xab\
\xd7\x0dO\xcfc\x85\x9c}j\xc7\xe8\xcc\xbb\xe8\xe2\x0d\
-\xe0\xb5\xeaB\x13\xf3\x00k\x0b\x06\xc0\xac\x92=\x81\
A\x9f\xb7\xf6\xdemh\x01W\x92\x148=\xbcJ\xcb\
\x80\x98\xd5q\xf6\xb1\x1c\xc3\xd7\x17\xa2\xf3\xdf\xa6t7\
\xdd\xc3+\x1dP\xdd\xb4\xda\xad\x03v\xdac\x8d\x9c}\
\xd8Z\x1c\x9f\xc6\x0a\x0eB\xebFu!q\xed\xb5\x91\
uc\xa1\xde\x03\xc0\x0e\x03v\x04\xf6_\x0c_>\x1f\
=\xba\xbb\xb7{Q\xbb\xf6b\xad\xd4\x0cc\x0d\xa7O\
(\x93z\xf3\x0a\x0c93\xf7z\xef\xdd\xed\xe8\xed\x9d\
\xfdc\xdf}\xa9\xb9\x15}\x95\x08Pu\xf7Um\xcb\
\xc0\xda*\x00f\x0b\x92}H\xc8$\x10y\xf8p|\
\xe1\x05\x04\x22\xa5\xe5v\xa9\xa9\x0dCJm@\xcc\xea\
8\xfbh\x8d\xf8\x0e+\x17n\xfb\xc7h\xfb\x1f:3\
\xad|\x0b\xb5M\xa1\xaf/\x8d,\xc4\x86O\x8f\xba\xc8\
*\xae\xe8ILe\x8d\xbdz\xbd\xd7\x194\x13\xa7\x9e\
\x9d\xce\xa0GNg\x91\xb5\x5cQbd\xb1\xaa\xf4\xdd\
:\x13\xbd\xbd\x0f\x95\xbe \x89\xae\x97\xb5\x95\xbe\x000\
\xbbl\xfc\x5c_\xa0\x896\xb9\x1e\x0f\xe2G\xa8\xeb\xa0\
M\x17w\xa9\xc4\x96\xf6ztZ-\xb0'._\x0f\
W$(\x81\xfa\xa4\x02\xcc\xe5\xc9\x96\xc1f\xbblM\
\xdc\xec\x94\x89\xaf/\xc6\x87\xac\xaf\x8f\xf4\xd5\x01Su\
\xc4`\xb2]\xd6\x1b\xd9\x87\x1b\xa8\xad\xb3\x9b\xbb\xe0\xc6\
\xa9b\x03\xb9qu\x06\xec\xf0\x9d\xc8>\x10 \xba\xf0\
\xe3\xfe\xb7\x8f\xa1\x9a\x1a{\xc9K\xd5\x0eTS\x07K\
%\x08\x9f\x1c\xbe\x12\xd9\x17\xcc\x0eo>\x1d\xbe\xda\x1c\
^\x7f\xf6\xfb\xa2d\xbf\xdd_\xee\xe9\x8c\xc8J\x1b<\
\x0b\x87=\x0b\xc7\x91I\xb3\x80g\x91\xa6Y\xc8\xb1\xa8\
\x94\xc9\xb1p\xf8\xf6:9\x89Y\xf8\xdfo\x0d\xb76\
t5\xdf\xb4\xdf\xa9\xdamb\xa5:lt;z\xd4\
\x05\xbe\xc2\xd9\x09\xf1q\xe8\x14\xfb\x9b\x14:\xd5K\xff\
\xca\x9b\xb3\xd9z\xd8\xbeL\xd6\x10\xaa\xbei\xce\x90\xf4\
Z\xc7\x00\x99_]v\x0a\xed\xe8\xea/\xa4\x88\x83\xe5\
\xd4\xd6Qe\xd2\xa0\x8am\xce\xb3\xd8\xd99^o_\
\xd0\xb5H\x0a\xbfl<L\xf7\x82\xd3\x16\xd9\x19\xb2\xd1\
\xdd\x0b\xc3\xb3\xd7\xa2\xa7\xbb\xd1\xf6\x13M\x07Q5\x99\
\xa2\xb7\x18\xbb\x9ckM\xed\xfb+\xaf-\x12l\xd6\x1a\
\xb6\x94\xd6H\x06\xb3\x90\xd6\x98\x8ce\xd17I\x82\xd2\
\xc8\xf3\x1b\xccN\x88\x1d\xfezz\xbc\xfb\x0co\xc7j\
\x1f\x13\x18\xbdU\xbe\x1ey\xd6s\xd9\x89\xb0j\xf2\xf4\
\xd37\xa3\xab\xaf\xf5\xc5\xd4\xe5\xf8\x11\xaaiaPL\
mU\x083;\xf7y\x81\xc1\x01\xb7\xa2K\xafb7\
NW7Si\x97\xf5~\xaf\x0f\x19\x8c\xca:U\x1a\
\xf2\xac\xea\xf2\x02\xaa\xeeu\xb4\xb3\x1d\x1bA]\xd6E\
\x1d\xb0J\x85w\x9b\x98x\xa9\xb4\xba\x04\x9bc\xec\xec\
\x9c\xd0\xe1\xab\x87\xd1\xfbcP\xa1\x8c\xdd\xfb\xc5R\xd3\
P\xa1lQ\x85\x92\xa9\xa0\x9e\x00\x15to\xeb\x15\xf5\
\xbb\xb4\x9b\xa6~\x97\xb6AG\xe7Y\xd9e\xdfS\xb8\
\xff\xdd\xa3\xfd\xe3W \x22iV\xd8\xa8T\x18\xb0\xc5\
\x8aN`7\xe1\xbb\xeb\xd1\xb9o\x13\xbe\xd25Mx\
\xbdPm\xc6\xff\xf6\xb2>!G\xe6\xc4b5gI\
,d\x22Wc\xd2\xab\x8c\x87\x1c\x1a|\x0d\x8b\xd5\x5c\
vZ\xea\xfe\xa9\xcb\xe3s'\xa0\xe0\x10?\xbe\xa5d\
\xeb&T\x1cZKTq\xb0X\xcfY\x12k1b\
UG=\xf7\x15\xce\xe07LW\x99\x03\xaa\xec\x04\xd4\
\xe1\x8d\x0b\xfb7^j\x11\xab\x819\x01\xab\x8b%C\
\x95\xc4b\xad,\xb0\xae>i\x8fK'\xdar{\xdc\
t\xa2\xad\xb6Cn\x11\x12\x5c\x16+\xe6\xec\x04SE\
q\xfcp\x01.\xf4z\x7f\xa9j\xa0\xbd\xac\xf3}f\
\xcdl\x09\xcc\x95<\x1fm\x9f\xdc\xdbz0|qW\
\xe3=/\xab\x89\xf1j\xc8\xc9d\xc1\x88\xd6\x81\xee\xb6\
!\xa5\x91c\x15-\xb0L\xef\xe9\x99\xe8\xc3n\xac\xf4\
\x86\x17\x1ei\xda\x96\x1b}5GuyQ\x9fK,\
5Z\x8b\x80\x99\xb5tN`\x88\xd5\xf1\xd8K\xd2\x97\
\xff\x9a\xd5\x96\xa1\xfeg\xd0\xd19\xd6\xd1\x02\xab\xf1^\
\xbc\x88\xbdQ\xa8L\xa9g\xa8\xdcQ*N\xf5*T\
\x9c\xca\xb1\x8e\xce\xbe\x01Oe\x0aNo\x0e\x9f\xbf\x8a\
\xce\xde\xd3\xe6\x0aR\xbd\xa1Xs\xebZ\xd8\xe5\xde:\
\xc0fE-\xb0\xeb.\x81\x0d\xf5\x9eC\xd8T\xf3\xe9\
\x95\xa9\xe6\xc3\xedr\xb9\x9c\xc4\xeaWe\xc7\x8f_\x8d\
\xaf\x09\xf3\xe6\x9a\xe9E\xd1s\xe7*\x00\x9bM\x8c@\
\xc7\xdc\xcd\x0f1fP\xd5\x0b\xa5d\xce8+\xeb\x85\
6)kn\x9c\x13`\x10\x0f_\xdf\x8c\xd5\xf4\xf0\xf6\
\x93X\xf1\xe9\xe6?&\x1a\xba\x91\x0c@\xd2\x93\xd2\xf4\
\xa3\x12chlb\x04\x1a\xe7\xde\x7f\x1f\xa3\x06\xd7t\
jW>\xd37\xcd\xa9\xff\xa7?\xea\xc9\xa7\xdf\x83\x1e\
\x9e;\xf59\xd7\xfa\xec\xf8\xd9\xf1\xf8_\x19^{\xae\
\xd5{\xe9\xf4\xbbdG\xb9V\x87\x84a\x0f`\xe7\x19\
v>+\xec?\x8dO\xdc\x03\xd0\xa5z\x1f\xd1\x96\xea\
\x88\xd6f\xb4vV\xb4\x7ff\xb4\x0b\x06\xb4\x0b\x8c\xb6\
\xc0h\x0bY\xd1Fo\x1f\xeem}\x07x\x13FZ\
\x15!\xd7\x03\x84\xec0d'3\xe4\xa4[\xd5t\x8b\
\x0d\x98{\x8c\xd9e\xccnf\xccI\x01\x080O\x0a\
@\x04\xb9RF\xc8E\x86\x5c\xcc\x0cy\xe3\x97\xd1\xd5\
\xc7\xa6\x9b\xb1lP\x15\x86\xbb\xe11h/+\xe8\xd1\
\xce\xfb\xe8\xd2i\x00\x1d&\xf9g\x84\x1c6\x10\xb2\xcf\
\x90}\x19\xa5l\x7f\xd2\xa8\xf2[\x8d\xfc\xe9\xd7Cu\
\xac\xfe\xb9\x161\x84W\x93O\x22\x88-#b\x0b\x10\
[\x88\x98\x0d\x9f\x95\xd9\xf0\xa5\xe3\x91\xe0Z$\x93\x91\
\xf0V\xb4Zt+,\xb6yVf\x9b\xa72\xfc\xc7\
\xb6\xe9\xf5\xf5\x97c'\xa3\xc9\x8f\x0f\xed\xb4\xc5\x96\xcf\
\xb2e\xee\xc5\xde\xfb\xe3\xb1zf\xf0\x87w\xa4\xdbT\
\x8a\xda G/\xec\x06,\x0a\xdb\x18+\xb3\x8dI\x87\
\xa4\x82\x04\x93\xc5s\x84\xba\xd1F\xc8lb,W\xe6\
\xf4\x1d\xd3\xa3t\xf4o\xd2\xa1'\xc9\xe6\xc5\xcal^\
\x86\xd7\x9f\xc7\xca\xfa\xd3\x7f\xe5`oC\x98\x9a\x16]\
\xab\x89\xae\x1b\x22A\xc4f\xc5\xcalVb\xad\xa5\xe2\
\xc1;\xe7\x7f\x076\xfe\xd2J7Aj\xc0\xaa\x8f\xab\
\x00\x97M\x8a\x95\xd9\xa4\xa4\x93\x89\xc9\x0a\xaa\xa1\xc4l\
\x04\xf1\xf2\xe6\xd9\xa4\xe4\x05L\xca\x93\xe8\xce\xd7p!\
&\xc3?\xe3+\x81\xd7\x22\xc4{\x91g\xbb\x92\xb7\x04\
\xeeEz\xd6\xba{\x91\x1c\xb4\xfeV\x84m\x00\xcb&\
%\x9f\x97Q\x10\xe9\xae\x85y\xd4s\xbara\x86\x82\
\xaesL\x98g\x05\x9dw\x04N>6\xea\xd1\xce\xb6\
\xfeE\xaa\xf0\x1b\x1ed\x0b\xd0\xb2n\xce\xbb\x02h\xc7\
\xaf\xff\xa1\xab\x22\xab\xcb\xd0\x84J\xac\xfa\x16\x00ZV\
\xcd\xf9\xa2\x04\xda\x8f\x97\xc6\x1f\xae\xe8\xd0\x06\xfd\x8e\xfe\
.\xa8ot\x13X7\xe7%t3,M\x8b\xbf\x18\
\xf7\xa5\xa9\xef\xa45X=\xe7}\x01\xc4\xe9\xb64\xfd\
\xdd-\xe9U\x9c\xfa\x06hmV\xcdvN\x00\xed\x97\
|\xc0\xab\xb3Nx\x95\x8e\xd8f\xc5lK(\xe6/\
\xf9\x8cWM\x87\xbc\x8a\xa7\xcc\xca\xd9\x16R\xce@\xf0\
9\xd4\xc9\x06\x96O/\xec\x80\xb2\xb0\xd9\xe9\xb7\x85\x9c\
\xfe\xe1\xedK\xc3\xeb7\x0d\xc0\xcbI\xf6yYO\xd7\
\x06khs\xe2\xcb.\x08Y\xc3$\xfd5\xc3\x08\xea\
\x09\xdba\x9d\x8e\x9b\xed\x9e\xed\x08\xc1\xbe\xf8L\xb7-\
\xec\x10\xf6bu@\xb7dq\x00\xb0\xd9\x00\xdaB\xc1\
\x09T&\x0easq\xa2\x17\xea\x8a\x13\x0986\x85\
vQ\xe8\xb8\xcf\xed\x8c\xcf?3\xe0\x0e\x9a\x01\xdc\xed\
\x80.\x09\x9bD\xdb\x93A\x0d\x11\xcb!j\x0e\x5cz\
!\xc5-6\x1bF[(\x15\xa6V\xc9\x1d\x7ff\xbc\
%\x9d\x01\xdc\x11\xb8\xdb\x056\x90\x05\xa1t\xd8\xe8\xea\
\xeb\x18\xb8\x01u%)\xbe\xe9\xdfd\x85p\xb3\x8d,\
Xb\xf1\xc0\xe8\xea\xe3Y\x1a\x90\xae\x09\xe9\xc0\x02\xdb\
\xca\x82T \xf3\xe0\xe9\xde\xfb\xe3\xa6GYR)&\
\xfd\xab\xec\x02l\xb6\x94\x85\xcc\x96r\xfcf#z\xf0\
h\xb4yC7\x12r\xb9RZ\xd1*\xecre\x05\
\xb0\xb2u,\x08Y\xc78*\xd7\xc1=Z)\x8c/\
\xc6\x0a\x18\x9a\x90\x80\xb3},H\xd9\xc7\xe7\x17\xcd\xc0\
\x95\xa1!\xdc\x03\xc2\xcd\x06\xb2\xe0\x8a\x1dx\x0c}\xd6\
\x81\x0f\xc8\x91\x0aI\x8d\xb0\x89,H\x99\xc8\x8d\xc7\xba\
\xd4\xcd\x91do?)q\xe9\xb3\xbc\xe0q\x17\xd8H\
\x162\x1b\xc9\xf1\xab\x1f\xf6vv(IV]\xadr\
M \x5c\xa5\x9cG\x81\xcdcA\xc8<\x0e\x9f_6\
\xeb\xbd\xa5f\x07\xd4\xde\x12\xa8=\x87\xcd\xa3\x93\xd9<\
:\xb9\xd1\x933\xc3\xdb_i6\xaaV&\xf7B\xbb\
T\xb5B`\xd9&:\x12q#\xa0\x8d\xbf\x18\xe0\xaa\
\xaf\x84\x97M\xa1\x93\xcf~\xb8\xd1\xdd\xed\xe1\xad_4\
\x87\xdbj.T\xf5'\xdbZ\x00\xa4l\xfd\x1c[&\
a\xa7\x83\x9a$=\xf4X\xd5'\x02\xcb\xe6\xcf\x112\
\x7f\xc3\xd7o\xa3\x07\xd7\x0d/\xadQj\xae\xeb\xdb\xd6\
\xc2\xc6:\xc0f\xe3\xe7H\x19\xbf[\xcf\xcd\x0a\xa2\xd2\
\x04\xfd\x80W\x98-\x9f#d\xf9\xd2E\xea&7T\
mR\xd7\xfb\xa0\x84\x9a\xad\x9e#\xd0\x1d\x91\xb4F\xe8\
\xf3b\x13[gL\x8duCJ\x8c9l\xf5\x1cO\
\x067\xa4\xc6&\xb81;\xd6\x0d)7\xe6\xb0\xdds\
|\x01\xcc_\x1aN\xda\x9c\x82\xecb\x02\xd2e\xab\xe7\
\xe6$0\x1bN\x993\x90]\xcc?\xbal\xf8\x5c+\
{\xc9\xf0\x9f\xf1\xfb\x8b\x8em\xdb9\x0d\x07\xa4\x9b\x94\
\x81l]\xf9\xb8\xd1\x0dm\xa8\x1f\xbbl\xf9\x5c\xa1 \
0\x85mR\xd1}\xd0\x1a\x0d\xd0\x1a.\x1bAW(\
Y\x1a]~<\xbcu\xd7\xec\xe5\x13\xec\x90`\xb39\
t3\x9b\xc3\xfd\xdbw\x00s\xad\xdaD\xb05\xc4\xca\
6\xd0\x15\xb2\x81\xfb\x1fnF\x0f^\x19\x8e\xb8\xbd\x9c\
P\xa8\xb5g\xdc\x86\xde\x5c\x97\xcd\xa0+e\x06\xaf\x9d\
\x8c\xae\x98\xees\xf2w+\x90F\xeaA\xe4\xea\xb2%\
t\x85\xe2\xbf\xe1\xf5\xe7\xd1\xc6\xabYI;\xc8\x22Q\
\xda\xceeK\xe8\x0a%I\xa1,{\xe4-6\xb1\xde\
B\xc5Y\x97\x8d\xa1\x9b\xbd\xb7#\xc9\xa1kz\xef&\
\xb9sm\xdf\xdd\xa0FmwE6\x82\xc5\xccF0\
-gA@5-e\x19\xa2\xaaN@\x1ei\x91m\
a1\xbb-L\x8aY\x00{R\xc82\xa0.\xb7\x11\
5\x1b\xc4b^\xa6\x93\x1bP\xa7e,\x03\xe8:\x1f\
5\x1b\xc4bf\x83\x98\x16\xb2\x00tZ\xc42\x80^\
\x1c h6\x87\xc5\x82\xcc\x13\x04\xd0\x93gh@=\
\xa8!j6\x8c\xc5\xecm\xf3I\x11\x0bP'\x05,\
\x03\xe6\x80\xaf\x07\x1b\xc5bf\xa3\x98\x96\xb0\x00\xf3\xa4\
|e@\xddZE\xd4l\x11\x8b\xd9-bR\xc0\xc2\
\xfb\x11\xdbA\xd3\xed\xe0;\xcd\xd6\xb0\x98\xbdq>)\
_\x01\xe6I\xe9\xca\x80\xba\xc2\xa8\xd9\x18\x16}\x19\x8e\
\x82I\xe7\x99/\x08k=\x9f\xed\xa2\x9f\x93J/\x1d\
\xd7\xcd\x0c<\xe2\xa36\xfbkTx#\x1f\xd5g\xc3\
\xe8K\x04\x89\xe3W\xf7\xa1H\xd1\xe8\x97U\xa7 \xd7\
'\x1ae\xaaO\xf8l\x17\xfd\xccv1\xf5\xf04}\
\xd1\xa9g\xa7\xed\x89\x0e\x03\xea\x89\xf6\xd9\x1a\xfa\x229\
\xd2\xd3'\xa3\x17't9\xd2Z\xb5S\xaeR\x97\x95\
n\xfbn\x82\x89\xed\xa0/V$<;\xdc\xda\x9a\x15\
\xb2\x04\x10k\xf5\xc0\x87\xf6\xd9\x14\xfa\x8eX\xb1\xcd\x0c\
<]\x9d\x0d\xc0\xc9\xf9\xf7\xd9\x1e\xfabU\xc2\xaf\xcd\
\xc0\xe3\x07H\xb0\x07\x04\x9b\x0d\xa2\x9f\xd9 \xaau4\
??\x1b\xff\xb0\x11=\xf8}\x89\xb0\x1e;\x1eI\xde\
Q\xf1\xc0\x17\xb4\xcd?\xf5J\x08U\x00\x9fm\xa2/\
\x14!~\x91\xcf\x998\x15\xb5O?\x1f\x9et\xf2A\
\x0f\x9aM\xa2/T$\xfc\xc26\x83\xb6\x09\xb4\x0d\xa0\
\xad\x1c\x1aD+'d\x10\xbfp\xcc\xa0\x1d\x02\xed \
h\x8bAg\xb6\x86N\xf4\xee\x95\xf2\x994\xdd3N\
'\xf5\x98\xa0o\xc6\xe9\xc03\xb4\x98Gme\xe7Q\
\xc7\xe6{x\xf6Zl\x0fu)\xa6F\xeck\xf4\xc3\
\xa6>\xb5\xd4X\x83f\x0e\x8b\xa9\xd4Vv*\xb5\x02\
\x9c\xc4Zz\xc0\x93P\x0b \x0fj\x04\xb9\xc0\x903\
\xdbD\xdb\xcbA\x13o\xfc\xc5\xd0\xbd\xab\xbe\xd2\x9dp\
\x18\xaf#\x80\x17zw\xe3/\xdc\xb4\xab>\xb6\x01\xae\
\xcbp]\x01\xb8\xd0\xb2\x1b\x7f\xc1^]\xf5\x8d\x0e\xb7\
\xc8h\x8b\x12h\xf5\x9d\xba\xf1\x17l\xd1U\xdf\x06\x80\
\xd6c\xb4\x9e\xc4U\xd07\xe8\xc6_\xb83W}\xac\
\x01\x5c\x9f\xe1\xfa\x12\x87\xab\xef\xcb\x8d\xbfPC\xae\xfa\
\x047\x81)\xd3Vv\xca\xb4\x8d\x04B\xdbD \xb4\
\x91@h1_\xda\xca\xce\x97\x8e\xff\xbb\xd0\x85\x9b\x5c\
\x05}\xfb\xad\xfa\x04\xf7\x96\xa9\xd2Vv\xaat\xfc\xdf\
\x85\xe6\xdb\xf8\x0bw\xdd\xaa\x8f\x04\x97\x8dZv\x96\xb4\
\xba\xb7\xfa\x9e\xdb\xa9\x0a\xc3\xbb@J\xccb\x8bfe\
\xcfv\x9e;>\xday\xb2\xb7\xfdH\xa7u\xcb\x8d\xe6\
 ]w\xa8\xd3\xbb\xe5A\x99\x10\xb3M\xb3$l\x1a\
\xa4\x84lc\x13\x97\x8dM\x5c\x163\xb7-\x01\xe6v\
\xe2DZ9]M'q!-\xad\xe3;\x08,\xf2\
{\x99\xb9mY\x12V\x0d\xba1\xec\x19\x84;\x1b\x09\
w\x16\xd3\xb7-K\xc2\xb2A/\x86m \xdc\xd9H\
\xb8\xb3\x98\xbdmY\x12\x86\xedK>\xe0\xd5Y'L\
\xfd.\x16\x13\xb8\xad\xbc\x84\x81\xfb\x92\xcfx\xd5t\xc8\
\xd4\xf0b1u\xdb\xcaN\xddN}\x87\xbd\xad\x9d\xfd\
\xfb7\xf4\xe5\x900\x0e\x89\x9a\xdaZH\xb8\x06\x80\xd9\
\xcce\xa7oG'o\xc5\x1a\x18\x00w&\x93\x9a\xf4\
\x88;\x8c\x98-]^$\x9dy\xf6\xf1\xf0\xd8qm\
3\xedr\xb2O\x0bzi\x09.\x9b\x0d\x11J\xf9\xe8\
\xf1\xcb\xe8\xe9w:\xb8\xeb\xd5N\xa5I\xd9\xd7\xf5\x0a\
\xc0e\xab\x91\x9dS\x9e\xfa\xea\x0e6\x028\xfaF\x00\
Hl[\xcc\xd1\xb6\xf2\x12\x0a\x18\x9a\x7fmn\xfe\xb5\
\xb1\xf9\xd7bz\xb6%B\xcf\x1e\xbe\xbc\x1f\xdf\x5c\xdd\
=XX\xae\xe0\xac\x8f\x05\xb8\x06L\xcf\xb6l\x09\xc5\
\x0bhm\x03Z\xdb\x80\x96\xb5\xae-\xc49\x83u\xdf\
G\x9a}i\xe7w/\xac\x83\xcf\xce\xeclK\x8a\x9d\
m\x19\xd3\x93\x16d'\xd1IcZ\xb6%E\xcb\xb6\
\x8c\xe3\x80,\x98\x07d\x91\x8e`B\xb6%E\xc8\xde\
\xbf\xf2f|\xef\x9c\x91j\xdb\x01\xdf\xa7\x17\x06\x0d\xc0\
\xcdf\xc3\x960\x1b\xf1}\x1e\xbf\xba\xadS\x17\xf1E\
\xd6\x974\xd47PnL\xc4\xb6l\x89I${\xbb\
\x17\x00m\xa5\x89`+\x04\x96#\x0d[\x22\xd2\x80\xa3\
\xb5\x0dGk\x1b\x8e\x96\x8d\x9c-\x12e\xe8\x8f\xd6\xe6\
\xa3\xb5\x0dG\xcbFN\x8aj=\xde\xfd%:\xb6m\
,\x81&\xa59 \xb9\xc0\xcc%\x8bi\xcbVA\x22\
7\x05^\xa5m\xf2*m\xf6*\x99\xacl\x15D\xb2\
Sz\xaf\xd26y\x956{\x95\xcc\x9f\xb5\x04\xf8\xb3\
\xefoDg?BWl\xb0\xdc\xef5\x9a\xd8\x11\x1b\
\xf4\xa0(n1u\xd6\x12\xa0\xce&\x90\xa3\xd3ot\
K\xc9'\x90i+y\x0c\x99\xee0+6\x01\xcel\
\x02\x19\xb2\xed)dN\xb8\x07=\xca\xb73_\xd6\xca\
\xce\x97M\xd1\xee\xdf?\x19m\x9c\xa6\x98Cm\xea\x19\
4\xa1\xeb\xb1\x0d\x9e\x1bsf\xad\x82\x843\x9f\xcer\
\xd4\xd9\xbbt\x90\xa3\xde\xe05\xa0\xbc\xc5\x5cY\xcb\x91\
p\xe6\x01\xadm@k\x1b\xd0\xb2&v$\x9c\xf9h\
s\x17\x00'6\xa4\xde_F\xd4\xbd:\x82f}\xec\
H\xb8\xf2\xd1\x83\xa7&\xd0jn\x04\xa3\x0e\x105\xbb\
\xf3\x8e\x84;?|~\xd9\x84z)\xf6\x8b\x11\xf4\x12\
\x82f[\x92\x9d\x8e\x1am\x9d\x88\x8e\xbd\x1f\xdd\xfc\x10\
\xbd\xd7\xf9\x18J+/\x94\x9a\xdd&\xb9\xf3\x0b\x90\x8c\
g\x82\xa4\xe5\x085\xfd\x8c.<\xdb\xfbx\xdb\xc8+\
+u\x16`\x0cC\x03\x1c:&IZ\x8e/\xc6\x87\
\x1b\x9f\xb8\xb7\x7f\xec\xbb\x99\xd3\x1d\x1b\xfdz\xd2]j\
\x98\xed\xd8\xa8\xaf\xc1\x9c\x03\x8b\xb9\x93\x96\x9b\x93\xear\
;\x16m\xfd\x18\xffu\xfcv\x92\xa6\x9d)S\xd0\xac\
\x94\x9aA\xb3\xddO\x12\xa1\x06\xc9\x82J\xd0\x0eY8\
V\x9a\xae%7\xe8cs7\xf5Y\xf2\xb9\xbc3\xa7\
\x80IGb2\xfdY\xf93\xea_\x9c%iX\x0f\
\xc3\xe4\xcf\xb1\xb4\xacm\xa5X\x9a{\xdb\xdf\x8c\x8f_\
\x1d\xed^\xfe\xb79\xe5l\xf4\xd5\xaa\x12\xb5&\xfb\xdf\
f\x09\xd8h\xaf\xff\x1b\x0b\xc7<!K\x80'\x94p\
\xde\x86\xa7/\xc1\x14c\xc5w\x9bTk\xb4\xa3\x8c\x07\
T\xa9\xf1X\xc1y\x9e\xc4\xa8\xdd\xcd\xdd\xe1\xcb\xfb8\
j7\xbe`\x0b\xcb0g\xb7\xbe\xa0\xc7ls\x7f\xa0\
\x9d\xbd?P5\x82\xbd}\xa1\xebil\xf4\xd5\x8eV\
};c\xa3G\xdd\x8c\x0e7{8\x12\xf3\xf1\x9f\xc4\
\x97\xfeO\xban\xc6\xe4|\x93+^\xd2w3\x86a\
\x89\xba\x19]\x0fA\xbb^f\xd0\xe9b:\x98\xc0<\
\xddJ\xc7\x03\x98\x17\xcb\x10H\xb9\x9e\xc5\xa8-\x19\xd4\
{;o\x87\xdf\xbfG\xd4\xadf\xa9^\xd5bn\xd5\
\x01s\x9e1\xe7\x850\xeb\xfbk\xa6\x98\xa9\xc9f\xb1\
\x0c=6\xaeg3f[\xe8v\x5c\xbd;:\xf3\x13\
bNvik\x97\x8f-j\x97\x8f%\xd0\x1cF\xed\
\xc8\xa0\x1e\x9f}6:s\xcat\xd2+\xfa\x905>\
\xeb\x15@]d\xd4E\x19\xd4*\xf1\xf9\xc3\x06\xa2\xae\
'\xf5i\xbd\xe7\xbcX\xae\xd3[\xf4\x18\xb7'\x83[\
Sq\x98b\xd6\x96\x1b\x16\xcb\x0e\xa9;\x9f\xc1\xfa2\
`\xa1\xf5u\x0a\x98\xfb_\x17\xcb\xd0\xfe\xea2q\xcc\
\xf5\x85\x9444\x87\x1c\xa065\x88\xc4\xc0\xe1n0\
s\xcc\xf5\x85\xf4\xf4_\xff\xeb\xdf\x11u\xb5\xa7\x87\xab\
\xfe\xb9\x1e/\xebh_HG\xc3\x22\xfb#\x9a\x036\
\xd9\xc7\x9a\xa3\x03\xa8YK\xfbBZzxk{x\
\xff\xb9\xc1\x1a\x0e\x9a`\x0d\xc1\xb20\x17\xcb\xf5%t\
t|\x99\xf7\xb6\xce\x8c\x1f}\xa3\xc1\x9c\xdc\xe3^\xb2\
i]\xfb\x0e\xc3^\x0b@\xb3\x8a\xf6ET\xf4\x83G\
\xc3w\x1f\xa2s\xdb\x1a\xd0\x95R\x1c\xbat\xb5\x86\xb0\
\xb2\xde\x05\xbc\xac\x9a}!\xd5\xac\xab_Oo\x85\xbe\
z\xbdX\xa6\xea\xb5\xcb$&\xd7\x17\xd2\xcey\x03\xde\
<\xe0%\xd2\x95\xc7T /;\x15(\xad\x97x\xc4\
1\xf5\xf4\x1cS\x8f\xa0\xe6\x19\xaa\xc0\xc4\xc0\x5c\x1cM\
E['4#\x03s*\x9ajjg\x06\xe6\x1a=\
\x00k3\xd8\xec\xbd\xd29ln\xc9\x19\x9a[r\xd4\
\xdc\xe21\xf7\xc7\xcb\xce\xfdq\x10\xadc@\xeb\x18\xd0\
:\x8c\xd6\x91\xd8\xaa\x09u>\xb5U\x93\x8a|\xa5:\
\x14\xf9<&\xfex9\xa1n\xb7\xe1\xad\xf3\xba\xf5\xc7\
\x93\xeaS\xad\xaf\x0d>\x06\xb5\xda: .2\xe2\xec\
\xa4\xd7\x1f\xeeFW\x8e\xef?|\xaa_\x8c\xa0hk\
A\xb2DX\x9bD^\x09\xda\x80\xd9c\xcc\x9e\xd0\x8c\
\x10}\x98\x974\xc5r\x8c\x17\x04=:f\x9f!g\
7\x15;'\x15g>i\x8e\xd5\x5c\x8cZ\xb5\xd3!\
Z\xd8\xa0\x06\x94;\x8f\xd3C^\xf6\xf4P\x8a\x18X\
\x82)b\xe6\x09\x1a0\xb3\x81\xcbN\x08J1\x0fo\
\x9d\x19\x9f\xf9U\x8fYU\xad\xf5\x87\x0c[\x81<&\
\x05y\xd9IAS\xc0ZW8\x01L~\xf0\xa0\x06\
~\xb0\xc7\xb4 /;-hr\x8f\xcf]\x8f\xde>\
\xd4\x03\x8e\xfd\x9e\xba\xde\x84\x0cj\x8d:@f{\x97\
\x9d\x194\x85\xac%\xe1\xa5\x97\x02hx\xf1\xa5\xa0[\
\xcc&O`\xabc\x028U\xccz\xc0\xa9^\xd6\x22\
\x86\xe1z\x1eS\x83\xbc\xec\xd4\xa0\xc9\x11'\xdb\x83\xf5\
\x88\xd3\xe5\xc1\xfa1Se@\xccf\xcf\x12\x18\x8c\xfb\
j2:\xf9\xa5\xceP\x1fNN\x8e\x8d\xb6v\xbfc\
\x83^\x1f\x1b>\xcb\x13\xba\x19z\x8a\xe6D]\x10I\
3V\x18\xab\x00\x99\x0d\x9f\xc0\x92\xc7D\x19\xc7\x90\xa3\
\x17w\xb4=D\xd5\x18\xb2\xbej\x16\xf4Z\xa0\x93\x99\
#\xe4e\xe7\x08\x8d6\x1e\x8cN<\x81\xe2\xdfR\xb5\
\xb9fX\x82\xbdD%>\x8fYB^v\x96P\x1c\
JPCN\xce\xd0\x90\x93\xa3\x86\x1c\x8f)B^^\
\x22\xb6\x03\xb4\x8e\x01\xadc@\xcb\x16/o\xcb\x94\xc9\
\xbc8h:r\x93qi\xe9\xb4n\x16\xff\xf9#\x97\
\x9bW4\x84\xea\x0f\xc6\xf7\x1c\xaf\x0d[\xc6|A`\
{\xf3\xde\xfb\xe3\xf0[$\x93\xcc\xf1\xd7\xa8w\xf1\xc7\
`\xd3\x98\x9d\xfc\x94n\xd3\x01\xc4\xe9&\x1d\x84\x1c0\
d\xb6\x8d\x02\x04\xa8d\x11\x06@N\x96` \xe2%\
F\xcc\xb61_\x94\xb9\xf1\xd0[tx\xc5\xb9\xb7(\
\xa4\xde\x22\x8f\xe9[\x9e\x00}+\x87}\xf89C\x1f\
~\x8e\xfa\xf0=\xe6oy\xd9\xf9[\xf1\x7f\x97\xfa\xf0\
s\xdc\x87\x9f\xa3>|\x8f\xe9[\x9e-\xb0\x1d\x85\x8e\
\xd61\x1c\xad\xc3G\xcb\xf4-/;}\xcb\xc1\xa3u\
\xf8h\x1d\xc3\xd1\xb25\x94 m=a\x8a\xc3\xe1k\
3Q\x1cB\xa28xL\xde\xf2$\xc8[O\xe2K\
\x91\xce\xe3\x87\x16\x9d\xd2r:\x93_\xdb\xa3\xd3%\xd0\
\xac$\xb2\xd3_TO\xc3\xd6w\xc0\x01O\x93\xf6A\
\x15y\xe0\xe5\xa0E\xa0YWd\xa7\xc1\x0c_\xdfT\
6\x84\xf6\x8eW\xe3C\xe6\x9d\xe3]\xba\x1c\xbcn\xd0\
\xcb\xben0\x86<|q\x17\xb6@\xc5\x90\xd5\xeak\
\xdc\x01\x15\xb6`\x07\x94\xc7\x9c\x1d/;g'\xf6\xc5\
 M\xa0\xbc4H\x12\xa8O\x90%`\xc6\x8e\x97\x9d\
\xb1\x13\xffwa|H\xfc\xc50>D}\xa5\xc3e\
mQ\x90(\x92\x10!*g\x22D\xe5\x88\x10\xe5\xf1\
jA/\xfbjA\x15R\x01!*g\x22D\xe5\x88\
\x10\xe51\xbb\xc8\xcb\xce.\xfa\xeb\x7f\xfd\xbb\xaenZ\
\xedA\xc9t\xf2A\x0f\x94\x9d\xcb\x82\x90s9\xde\xf8\
\x10==\x93j\xe1\x18\xc7\xccpjM\xb5\x22vR\
\xb5\x1c\xffyC<\xb5Vj).3\xc5S\xcc\xe2\
\xf1\xb2\xb3x\x0e\xfa?\xf7o\xdfI\x19\xc2i\xaa\x06\
\xc4;h\x0a\xadU\x9b\x13\xbe\xf0$}\x83\xf2%\xbd\
\xa2\xb5\xa0\xd1\xa2\xd5~\x1e\x13\x7f<G\xae\xc1u\x8e\
X\xf8@\xbay\xe2\xe0D.S\x1c\xcc\x0c!O\x82\
!\x94\x04<7?D\xdb?\xaa\xbf^\xbc<zr\
}t\xed\xe1<7s\xa1\xd4\xac\xf4\xe3\xbf\xd4J\xe5\
j\xfb\xefU\xf3\xe5\x5c\xa8,\xd4\xcam\xc3\xf5dN\
\x91\xe7\x08y\x9a\xf1\x7f}\xb6T\xea\x0f\x19\xe4H>\
\x93\x08lD\x1c\xa1d\xcc\xe8\xea\xcb\xbd\xadS\x1a\xe6\
E26t\xa6p\xea^\xae\x97:\x9f\xd20\x92\xb1\
\xa2\x06\x91{\xeb)\x1bc-D\xc1\xd9\x1c9\x12E\
\xfb\xe8\xc2]]\x8d6\xfe\xa2\x8apP\xa1U_!\
\x87\xc0\xa4*\xcf\x91H\xd4\x8c\x1f\x9d\x1c\xbf\xba?\xda\
\xb9\xe8\xe0\x85\x0b\x92v\xdcf\xb9\xd4\x8c\xf5C\xdd1\
\xdc\xb9\xa0Wn9\x86K\xc7\xb65\xfb\xea?u\xf6\
\xfai\x9e*\xc0\xa5\xb2\xad\xfa\x06~!\xaf\xfc\xf3\xb2\
\xaf\xfcs\xd0\x89u\xd8\x89u\xd8\x89e\x1a\x9b\x97\x9d\
\xc6\xa6\x22u}\x87y\xfc\x85\x9a\xcb\xd5'\xa8\xbep\
\xe7\xb0\xe7\x09q\xee\x86W\xdf\x8c6\xcf\x1a\x07\xc9/\
\xf7\x83\xe6\xe7\x8c\x91\xf7\xb8\xa9\xd5\xf3-!&\xcd\xe9\
\x1b\xb1EK\xb9@\xe9\x94\xc48\x9c\x8c.\x9d6i\
\xcb\x84\xc2\x15\xab\x96\xbfW\x0fhBj\x84\xa2\x8a5\
\x1bU\xd6\x95\xf5\xb0=\x18\x94\x83\xb0\x01\xaf\xd5\xe7&\
7?{\x93[\xf4\xfcb\xb4\xfd\x16\xc4R-8\x8b\
%\x83\x835XD\xd0y\x06-d\x9aa\xd5\xc6\xa1\
\xe5\xe2U\x1b!\xad\xda\xf0\xb9\xf3\xcd\xcf\xd9b.\x85\
\xd9\x97 '\x02\x10\x17\x18qA\x06q\xde\x888\x0f\
\x88\xf3\x88\xd8a\xc4\x8e\x0cb3M\x8bXZ\x0e\x22\
v\x19\xb1+V23\x17\xc8\xa8\x1e\x06\x88\x8b\x8cX\
(*-\x1a\x11\x17\x01q\x11\x11{\x8cX\xa2\xd8A\
\x13\xdcs\xc6\x09\xee9\x9a\xe0\xees\x03\x9c\x9f\x93(\
w\xd0\x04\xf7\x9ci\x82{\x8e&\xb8\xfb\xdc\xfd\xe6\x0b\
L\xc2F\x9f\xcf6\xf8|6\xfa|>\xf7\xbd\xf9\x96\
D\xfd\x9f&\xb8\xe7\x0c\x13\xdcs4\xc1\xdd\xe7\xa67\
_`\x12v\x0e'\xb8\xe7L\x13\xdcs4\xc1\xdd\xe7\
\x967\xdf\x12I\x5c\xc2\x04wv\xa8mt\xa8}n\
v\xf3-\x89\xb4%Mp\xcf\x99&\xb8\xe7h\x82\xbb\
\xcf\xadn\xbe\xc0\x0cl\xf4\xffm\xf6\xffm\xf4\xff}\
\xeer\xf3\xb3w\xb9\xa9\x940Lp\xcf\x99&\xb8\xe7\
h\x82\xbb\xcf-n\xbe\xc0\x00\xec\x1cNp\xcf\x19'\
\xb8\x1b\x94\x18[4K\xc2\xa2\xd1<\xe9\xdc\x8c\x81\xdd\
9\x1a\xd8\xedso\x9bo\x89\x94\xf0a\x98t\xce0\
\xb0;G\x03\xbb}\xeek\xf3\xf3\x12&\xedK>\xe0\
\xd5Y'L\x03\xbb}\xeel\xf3E:\xdb\xbe\xe43\
^5\x1d\xf2*\x9e2\x1b\xb7\xbcP$\x07\xed>G\
\x9ag\xa8\xe7'\x0c\xa1\xe7\xc7\xe7.7?{\x97[\
\xac)\xa2\x8b[\xbaB\xbe\xd2\x14=*\xe2\xd7{t\
\xc6l5\x04\xba\xc0\x92!\xcd\xfb\xb7\xefkX\xdc\xc9\
\x98\xe6\xa5&lLl-,\x01\x8f\xdb\xe7&0?\
/\x14\x11\xa5\xddk\x86[\x91v\xb0ioE\xd0\x05\
\xd8lB\xb2w\x82\xa5\x80u\xe1}\x8aT\x1f\xda\x07\
]\x0c\xed\xb9\xff\xcb\xcf{B\xa5E}Ttx\xc8\
\x86\xe0(\x0c)6\xe2V0?\xef\x0be\x7f\xf4\xe1\
\xd1!p\x8e\x92\xc2\x90\x82$\xee\x0a\xf3m\xa1\x092\
\x10'\x1d\xe2\xc6p)\x0c\xc9\xd1\xe0\xf60\xdf\x16*\
\xf7A\xc0t\x08\x1b\xe3\xa60\xa4\xb0\x89\x1b\xc5|\xa9\
F1\x88\x9c\x0eas\x00\x15\x86\x14?q\x9b\x98o\
\x0b\xe5\x08!\x84:\xa2\xfb \x92\x8aU\x1f]\x12\x0e\
\xa4l\xa1<!\xc4R\x87\xa89\xa4\x0aC\x8a\xa8x\
\xce\xb7o\x0be\x0b!\xa8:zK\xf4\xb1U|G\
\xe8n\xb3}\xb4]\xa9\xba\xae6\xba:D\xcdAV\
\x18R\x8c\xc5\xa3\xbf}[(o\x08a\xd6o4 \
]\x13\xd4\x81l+m![\x89\xedyS\xe0\xd8\xa0\
\x17B\x83\x9e\xcf}\x90\xbe@\x1fd\x82W\x97\xbcO\
\x80\xea\xf3\xf6K]\xcc\xdbs\x07\xa4\x9f\xbd\x03r\xfc\
\xea~\xf4\xec\x5c\xf4\xe0\xd1h\xf3\xf7\x9bpb[^\
\xebWJ+Z\x03S\xaeUV\x000\xdb\xc5\x82\xc4\
\xa0@\xa4\xfb\x1a\xc9\xbe\xe44q\xff\xa3_\x10X4\
\xb4\x11\xddz\x0e\xe6\xb0SmV\x0c\xb3\xa9;\x15\xb2\
\x84\xdc\x02\xe9go\x81L!\xc7\xd1K\xb4\xb3\xad\x87\
\xdcj\xb6\xf4C\xbe:\x95V\x0b\x10\xb3\x15\xcc\xde\x05\
\x99\x22\x86\xf9\x0b\x09b\x9c\xc0\xd0\xa9\x84t-\xd8\xfe\
e\x9f\x0c?A\xfc\xf1\xd2\xf8\xc3\x15=\xe2\xa0\x0f|\
\xc3N\x058\xe0>\xb7n\xfa\xd9[7S\xc4\xe0i\
Ln\x059\x19\xf1\xb5\x00'\x83\x9b8\xfd\xecM\x9c\
\x13\xc8\xfa%(\xe9!\xe3\xfe\x93\xf8\x94\x1b\x00\x99\x0d\
^\xf6\xb9\xf0\x93\xb7\xa7\xa7('\x90\x91\xa2\xdc\xa9\x00\
E\xd9\xe7nR?{7\xe9\x04\xb1~dD\x82\x18\
GFt*\xa4\x92\xb9=\xd4wD\x8afz\xe5\x96\
\xe4CA\xb5\xa9o\xa0\xdb\xb8\xeb\xd3w$R\x8bp\
\x83\x93\xbaN\x87S\xa1t\x81\xb9{\xd3w$\xaaf\
p{\x93\xea\x03\xdc]\xf5\x0d./7j\xfaR\x8d\
\x9a\x0a\xb0\xd1\xbf\xac4\xc1\xbd\x04\x8a\x82\xcfM\x96~\
\xf6&\xcb\x14\xae.\xdd\xa5p\xea\x93]\x15Nvq\
\x83\xa5\xef\x08\xc5y)\x83\xd7\x14y(\x16\xaf>\xec\
\xa0\x13f[\x97\xbd\x952\xc5\xabs\xe0\x13\xa0z\x07\
\xbe\xce\x0e<wR\xfa\x8eD\x01\x0d\xfc\x08\xa5\x03\xc8\
\x8bH\x1a\xd9\x01-\x1b8G\x88\xd8\x06\x05\x9e)\xb1\
\xcdX\xe4)\x07T\xe2\xe1\x95\x00~\xf6\x95\x00\xb1\x12\
\x1e\xfe\xfa\xf2\x93i|\xd3IN\x9dF\xf5\x93\x7f~\
\x90an\xc4\xffX\x8b\x94'\xfe\xfb\xaeP\xbes\xff\
\xc3\xcd\xe8\xc1+S\x97\x9e\x223-\xf7?\xabK\x8f\
\x87\xf9\xfb\xaeP\xc2S-\xe7\xd8\xda2\xf6\xc5\xab;\
\x02\xc0\xa1u\xd5\xe7\xb9\xfc\xbe\x9b\x97\x02\xfe\xc4\x0c<\
\xf9;\x02NQ\x88\xcb\xe6\xcf\xb5\xa5\x80\x7fm\x06\x1e\
G\xa8\x04{@\xb0\xd9\x00\xbaBI\xcf\xb4IxV\
\xf2\x10\xb2Y\x94>t\xd9\x18\xbaB\x05A\x9dYI\
\xca\x81z\xb3\xd2Z@\xb3\xe2\xb2\x0dt]\x19\xb0\x05\
\x02[\x00\xb0\x05\x04\xcb6\xd0-\xca\x80u\x09\xac\x0b\
`]\x04\xcb&\xd0\x95\xe8 \x89.?\x1e\xde\xba\xab\
3\xd8\xf1\xf5\xedw\xa1U \x04_\xc8e\xbb\xe7J\
t\x8f\xec\xdf\xbe\x13\x03\xd6\xa1\xadU\x9b\x0a\xb0\x1en\
\x0d\xcct\x91\x8d_1'\xc00-h\x09\xa6\x05\xe0\
\x97\x16\xe0\x0a\xf0\xb2\x13?\xfb\xb2\x93\x94\x12\xedk<\
\xf8\x09#\xda\xd7;\xf1>\x81e\xf3V\x14i\x84\xd4\
\x0f\xb9\xb5y\xc8\xad\x8dCn\xfd\x22\x9b\xb4bf\x93\
6<{lx\xeb\x19,\xd6k):\x85a\xad^\
\xab\x07k\xf5\xfc\x22\xdb\xb3bA\xac\x11\xdd\xc8\xc3\xfd\
\xa4)}\x16\x037\xe9PG\xfa\xad_d3W\xcc\
l\xe6\xf6\xbfy1|q\xd7\xfe\xfd\xe5V\xcb\xc9\x92\
\x81\x0a\xb6\xeevw[6\xddn\xb6sEWb\xef\
\xd0\xf9\x0b\xf1\xc9\x8f\xcel\xea*\x0aqH\x12\x1fv\
\xa7\xa9\xa5\xe14Z\x1d\x80\xcc\xd6\xae(\x94\xd7\xdc\xdb\
\xbd0\xba\xff\x92\x92\x84k\x94#\x04\xcf\xbe\xc8\x16\xaf\
(4\x09W\xdb\xa0\xa3\xca\xe9\xd0\x9f\x13`\xca\xa2\xc8\
\x06\xaf\x98=\xa1\xf9\xe0Q\xf4\xf4\xdb\xe8\xdaI\xdd\x5c\
\xcbJI\xd1\xca\x92\x10D?\xda\xb2\x12\xc2hK\x9f\
\x17\x0e\xf9\x9eP\xcc7~\xb3\x11\xa37\xf5\xe64J\
\xcb\x95\x92\xbe5\xa7\x02\xb0\xd9\x0ez\x22\x8c\x80\xd3'\
\xa3\x17'\xf4\xceE\xa7\x5c\xa5\xe4f\x0d\xd2\x85\xbcl\
\xc8\xf7DF\x02\xea\x87\x998\xc6a&\x0e\x0e3\xf1\
y\xd1\x90\x9f}\xd1\xd0\xf0\xe6\xf6\xf8\xab\xdd\xf1\xeb\x7f\
\xe8\xf2\xb1\xb1\xedP\xd5\xd2\x90r\xb2a'\xa43f\
c\xe8\x89L4\xd1\x9f\xb1m<c\xdbp\xc6l\xed\
<\xa9\x0c\xe7\xc6c\xdc\x00\x97\xbc\xbcn2\x17K\x9f\
\xe3\x84\x09S\xbe\xc7v\xcf\xcb\x1e\xdf%\x88\xa1\x92>\
Ak\xa8\xa6w\xb1\x07\x91\xd79\xf9^Q\x065\xf4\
 NPs\x03b\x17\x1b\x10\x99\x91\xedggd\xa7\
\xa0\xa1\x01q\x02\x1a\xbb\x0f\xbb\xd8y\xc3+\x9d\xfc\xec\
+\x9d&\x98\xf5\xdd\x87\x13\xcc\xd8z\xd8\xc5\xd6C^\
\xe8\xe4g_\xe84\xb9\x1c\xfa^\x8b\x09f\xee\xb6\xe8\
b\xdf!\xf3\xde\xfd\xec\xbc\xf7\xc9A\xeb\xfb\x0e'\xa0\
\xa9\xe9\xb0\x8bM\x87\xbc\xcf\xc9\xcf\xbe\xcf)\x85\x0c\xad\
\x00\x13\xc8\xdc\x0c\xd0\xc5\x8eC^\xe7\xe4\xfb\xb6\x0ch\
\xe88<\xb8\x1c\xfav\xc3.\xe6\x0b}6\x85~A\
\x062\xb4\x1bN s\xafa\x17{\x0dy\x05\x95\x9f\
}\x05\xd5\xe4>\xeb{\x0d\x8f*;\xba\x1d\xa4\xee|\
\xb6\x86~fk\x98&\x0c\xc6\xf7\xce\xe9T\xf44c\
\xa0\xb2\xc9Z\x1d\xdd\x1eP\x1e\x9c\x17g\xf9\xbe\x00\xef\
\xe1\x11(\xbbJ\x89\xf5\x1c6\x95\xf1\xd2,\xdf\x17\xea\
\xe4\xfc\xdb\x7f\xfe\xcd4>miM?,m\x09\x82\
V^\x9b\xe5\xfb\xbeTq\xe4A\xf4\xeb\xd6\xde\xd6\x99\
8\xe2v\xe6\x18I\xa5V-\xd7K\x9d^\xa9Si\
:\xc6\xe9T\xedR\xaf\xa2\x9f\x15\x14\xda\xb11\x84\xe9\
#\x93O\x9f![\xa8\x0b\x0c\xde\xbeP\x15\x14\xfd\xb2\
e5xj\x12-\xe2\xba\xe5^\xa8)\xc2\xa6\xb8\xf3\
\x8c;/\x80;\x05\xfd\xa5\x16\xf5\x14\xf0\xaa\x0eq9\
\x5c\x05\xc46#\xb63#>}iog\xf7\xcf\xba\
sN\xd0\xc6A\xee\x02\x0cq\xad-\xd0\x11\x17\x18p\
A\xe6jX\xb9\xdc\x97|1\xe2\xaf\xda#\x0e\x93\x0f\
z\xcc\x0ecv\xb2bV\xb3\x83\x9e_\xc4\xf9.J\
\x17\xc2x\x97\x81.\xc7\x94\x02v\x19\xb0\x9b\x15\xf0\xa4\
\x0b\xe2\xf6G\xfd\xbdH\xbb \x16(b,\x07x3\
\x8a\x0c\xba(s3t{\xc3\x0f.\x86~ux\x8c\
\x0dO\xd9c\xc0\x9e\xcc\xb5\xb0M\xd7\xc2\x86k\xc1\x80\
}\x06\xec\xcb\x9cp\xdet\xc2y8\xe1<\x01\x86\xf9\
#\x93O\x22\x80\x8b&\xc0E\x00\x5cD\xc0l\xf8,\
KL\xbb\xe5\x8c\xda-G\xda\x8d0\xb3\xd1\xb3\xf22\
\xcaBw\x8d\xa7\x9aB\x7f\x8b\xcb\x01\xdeb\x8bM\x9e\
e\x0b\x9cq\xb4ub\xf4\xeb\x07]\xea@\x9dr/\
\x09\x0f\xeb\x90<\xe8\xf54+\xc3R\xd4lC,G\
\xe6f\xa4*#\xddV\x0c\xbe\xde\xc1=9P\x22\x07\
\x0b\x8c\xd1\xdb\xeb\x85\xe1\xa0< W\xcfbSc\xb9\
2r\xcd'\xd1<\x82\x18\xc4`\xe3ce6>\xff\
\xf5\x9f\x7fMe\xf8=\xfa\xa5\xc3\x0d\xd2:\xc4\xf1g\
\xbaOl|,O\xcc\xc4\x1b\x8f\xfe\x88\xad\x9f}\xf8\
\xb1\xdd7\x9c>\x1b&\xcb\x97\x11&oPAyP\
Ah\x97\xf2l\x97\xf29\x19\xbc\xf1K\xd6\x92\xda&\
\x90\xd5\xd3\x05f[0X\xd1\xa3\xb6\x19\xb5\x9d\x19\xf5\
\xe8\xfe\xcb\xd1\xa3\xcb\xc3\xb3\xc74\xb5\xf3\xb5Rg\xb1\
\xdajj+\xe7k\x8b\xba\xd2y\x82\xd7a\xbc\x8e\xc4\
)\xab\xea\xf9\xfbk\xc3+\x17\xe0\x94\x07\xc9^\xd6\xae\
\xbe\x0d\xaf<\xd0\x8c\x8bH`\xbb\x0c\xdb\x95;f\x17\
\x8f\xd9\x85cv\xe1\x98=\xd6$\x9e'aO\xf5\xfb\
\xc6\xd3\x98\x977\x8e\xf7\xca\x14\xde\xa8\x7f\x0e\x88?\xfd\
?\xf5\xaf!F}gRo\xa4\xda,N\x85X\xd9\
S!\xa9\xc5\xc7\xa5%\x13\x13oX\x5c2\x08C\x80\
\x9dg\xd8y1\xf3b\x9c\x8f{4\x944\x8f\xc3U\
1e\x03\x7f\x00\x9b%\xc9\xec.\xee\xbd\xbb\x14=;\
\x07\x02\xb4\xab5\x1e\xc7\xdf\xae!`\x97\x01\x0byT\
pc\x0e\xbd\xc3e\xce\x9d\xe1\x8d)2l\xa1\xf0\xfd\
OF\xd0%B\x5c\x22\xc4\x1e#\xf6d\x10\xff\xd9\x88\
x\x81\x10C\x8a$o\xa32\xc9\xdb\x99\x95It\xf2\
\xd6\xf0\xce\xb7p\x97;\xc90-\xd6\x7f\x9d6\x5c\xe7\
\xbc\x9dg\xcc\x995\xc9\xfe\xa9S\xa3\xbb\x1fI\x81\x94\
\x9a\x8b}\xd3$\xea\xf2\x22\x82\xb6\x19\xb4\x9d]\xfd\xbd\
\xd9?\xf6=f\xe3\x9ba\xac\xb29\xf5\x8e\x90\x0b\x0c\
9{b\xf5\xf9\xab\xd1\xd5\xd7\x18\x82\xf5\x93R\x1e\x07\
^\x15\x04\xed0\xe8\xccQq\xb4\xb3=zr\x19@\
\xb7\x12\xc0\xac\x9f[|\xd0.c\xce\xae\x9f\xcf\xbc\xdb\
\xdf|\x03\x98W\x9a\xed\xa6\xe1:\xaf\xf0\x1b,2\xe4\
\xcc\xba9%\xf0\xd1\xfa\x89\xbeq)M\xd0C\xc8\x1e\
C\xce\xac\x9c\xf7\x1f\x5c\xda\x7f\xf8\x14\xd5\x86r\xfb\x0d\
\xce\x06B\xf6\x19r\xe6(\xf6?\xfe\x06p\x9bk\x08\
\xb5\xb9FP\x0b\xe8A\xe7\x0b\xb9\xecJ\xd9\xd0\x09>\
\xab\xf9[\xdb\xf7\x9dbf\xe3W\xc8n\xfc\x12\xde7\
`N\xa9\xdf\x08\xb9RF\xc8l\xfb\x0a\xd9\xbd\xe8k\
'\xa3\xb3\xf7P'\xc7\x86o\x9d\x1f^o\x1d1\xb3\
\xe9+d6}q\xec:\xfa\xfe*`^\xac\x06\x86\
S^\xc4wW`\xcbW\xc8l\xf9\xd4\xd4\xce\x8d\x17\
\x80X\xf5\x82\xd4M\xb7\xb9^G\xd0\xac\xdf\x0a\xd9\x9d\
\xcf\xeb\xa7\xa2s\xd7\x01\xf4zU\xf1\x02\x10\xf2z\x03\
!\xb3~+d\xd6oqH\xb2\xf7\xfe89E\xcb\
j\x14&;E]\x82\xec\xf0);^v\xc8\x1f\xc7\
g~\x05*C\xfb\xef\xbd*1\x19\xda=\x0d\x93!\
\xc5\xcbG\xec\x08%B\x01\xef4\xda&\xcc\xe5\x800\
s\xbe+\x9f=\xdf\xa5\x1a\x9b>n\xa6\x1e\xb3n\xd5\
L\xa7\x95\x98\xeaP\xdbb8hA\xb0\x9aw\xd9\x96\
\xb8\x96P\x02W\x8fyz\xce\x08:\xf6/\x084[\
\x137{w\xca\xb5\xe7\xd1\x93oG;\x17\x87\xaf/\
\xe8<\xfc0){\xb5\xf4\xf1\xaaf\xb8L\x8a\x98m\
\x89k\x0be\x91\x12\xdcx\xcc\x09r\xed)\xf7\xe8\x94\
\xd9\x9a\xb8\x05\x19\xcc\xe3\xddg{;o\x10\xf3j?\
\xa5\x9aia\xaf\xd2Qs$\xe5:2\xc9\xf2\xf1\xf9\
g\xc3\xfb\xcf\x0d\xc9\xf2\xd2\xf2\xa0Y\xd5\xe7\xca\x07\x80\
\x9ac)\xd7\x15B\xadg\x09\x1c\xa06\xf0\x04\xca\xba\
\xb1{)n\x0e\xa8\xdcb\xf6\xac\xee\x95\xd1\xaf\x1fF\
g\xde\xe9*\x86\xc9\x92r\xf5\x14\xd7\xaa0\xa6\xb3\xb5\
F\x87\xcd\xc6\xd0\x15I\xf4?\xbf\x18\xbd}\xbc\xb7\xbd\
\xad\xcdx\xa9Lt\xab\xbfZ\xd5\xd69\x07\xadU\xc0\
\xcc\x06\xd1\x950\x88\xe3W\x8f\xf7O]\x84\xdb\x11\xeb\
\xe8\xa4%Rw5\xc2\xb6\x1ep\x91\xd5GQ\xa2\xbf\
M\x15\xad\xf4\x03\xc0\xd2C\xee\xe0\x10\xb0\xf8\x90Aw\
\x14Yw\x14%t\x07\x10\x04&\xfa\x0e\xf8\x01\xe5\x00\
\xde^\x91uFQBg\xa4\xf55@\xab\x0al\xda\
L\x22\x1d-+\x8abQ&6\x89\x8e?\x8c\xb6\xdf\
bl\xa2n\xc3\xa2\xfe\x12\xd7\xeb\xadE\x80\xcd\xaa\xa2\
\x98=\xfbr\xed\xe3\xf0\xc5]K[\x90/\xa5\x80\xa1\
&XnQM0_dEQ\xcc\xac(\xf6\xb6/\
\xa7\xb7B\xb3\x0d!\xe8'UW\xed.\x84`\xb1\xe5\
\x00^\x8f\xbdf/{\x95\xf8\xea\xdd\xd1\x99\x9f\x1c}\
\xd1\xb5\xbe\xde\xd7\x82\xed\xad#V\xf6\x96=+;\xd6\
\xd7\xd1\x93K\x8en \x5c\xa9\x13\xea\xcf\xb5\x12\x22T\
\xf6\x91\xbd\xec\x19\x97\x07\x8fbwsx\xfe\xa9\x0em\
)v5[\xfa\x93\xad\xf4\xf8\x1a\xb0\x87\xeceof\
\xbb\xb5\x1d\xddT\x06Y\xbb\xc4\xa3\xdb\x8c\x8d\xb1~\x85\
Gw\x15\xf1\xb2y\xf32\x9b\xb7?\xfd\xc7\xff\xa2A\
Z\xd2\xdf\x81\xe4\x1f\xeb1\xb29\xf32\x9b\xb3\xf8]\
\x8d\x8f_\x1d\xed^\xd6 ]\xef+wa\xbd\xa4\x96\
E\xea2+m~al\xd3\xbc\xec6\xed\xdcvt\
\xfb\xdb\xfd+\x1f4\x90\xbb\xfd\xc5~B9\xd5\xdf\x84\
\xeeb\x1b!\xb3\xc2\xf5|\x816\x17\xd5\xdb\xf0\xcd9\
\xdd\xba\x9c5\x95%\x9ct\x04hW\xe6\xac\x85\x0d\x08\
\xee|\xd6\xba\xbeHC\xf1\xee/{\xdb\x0ft\xa0\xd3\
\xa2o\x1a\xd9-\x03\xee8\x90&\xdc\xac\x81}\x89|\
E\xda\xf0\xfaI\xbb\xcfQ\xafg\xda\xf1\xfa\xc9\x1f8\
4\xca\x83\xf8\x9f\xeba\xb36\xf6\xb3g,\x92I\xf5\
\xd1\xc5\xcb\xd1\x8bk\xfaa\xf5\xb5R\xa8\x1f\x0f\xb0\xd4\
\xad\xd1A\xb3>\xf6\x852\x164\xae~\x9a\x80\xa3\x89\
\xf5Ae\x050\xb3N\xf6\x0b2-F1\xf2\xff\x9b\
\x1b\x8cR\xe8]m\x83Q\xb9\x0b\xa0YI\xfb\x8eP\
\x9a\xe5\xca\xed\xd1\x93wx\xd0m\xd5\xb6\xba\xac/\xf1\
\xb5\xcb\x80\x9a\xf5\xb4/\x92\xaf0\xcd\x165O\x16-\
\xd3\x8dfW\xde\xf7\xc4\x1a\xcf\xf7\x7f\xbe1zrf\
\xb4\xfdh\xef\xe3\xbd\xd1\xd5\xc7\xb1\x06\x9c\xab\x03\xbd^\
Z\xae$+^T\xfa()\xa4\x94\x9a\xa6F\xf4z\
\xa55\x08\xb02\xef\xb3I\xf2}1QU\x02\xfd_\
\x10\xb5\xd2\xfc,I+&Im\xee\x80\xb4\x05: \
\x7f\xfdg,\xac\x8e\xb3\xa1\x06\xa6U;z\xc6F\xa3\
G\x8c\x0d\x9b{ m\x11:\xe8\xc1\x0fA9\x91\xe9\
\x81k\xb3\x22A\x08\xa8\xf3\x8cZ\x82\x0c\xca\xfb\x00\x93\
(\xcd\xb4\x13\xb0W\xef\x11h\x9bAg\xb7_\x9b\xbb\
)\xc5K;[zJ\xf1\xd2\xce\x97\x0e\xf39\xbc\x1d\
\x0eC\xcen\x09\xeen\xef\x9f\xe2\x1e\xa0\x96\xa1\xd1\xa3\
\xd5\xc2\xd7\xe72b\xa1\x0e\xcd\xbf\xfe\xed\x0b\xd6'\xd5\
\xb5\x9aVi\xa8\x7f\xae\x07\x5cd\xc0B\xbd\x99\xb1\xe7\
\xcbno\xa2\x03\x93\xf1\x09\xa5\xcfj*\xb5\x99\x00h\
g'\x00\xa6\xd7\xd9\xe1\xcb\xec\xe8\xaf2DD6\x93\
\xff\xec\xec\xe4\xbf\x14\xacez{\x16\xbd=\xe4\xfe\xd9\
\xcc\xfd\xb3\x05\xb8\x7f\x09d\xdb\x80\xd8\x06\xc0hI\x98\
\xfbgg\xe7\xfeEo\x1f\x0fw\x9f\xea\xf2\x92\xad\xbe\
\x1a>\xa7\xcfI\xb6\x90\xa7`[\x05F[\x90A\x0b\
\xc1D\x0a\x98B\x89V\x19B\x09\x9bY\x8avv\x96\
b\x8a8\xf6\xa0\x18q\xe2)\x11\xe8\x90@\xb3:\xce\
NA\x9c\x1c\xb3\x9e\x8d\x95\x82f.V\xab< \xcc\
\xac\x91\xb3\xf3\x0d\xd3\x87\xa7\xed\x96\x9f\xbe<h\x96\xaf\
S\xb3\xbc\xcd|C[\x80o\x98\x1c\xf2\x9f\xc7'\xa8\
\x9d-=\xe8\x85\xba\xa1_\xb7\xbc@\xbdV6\xd3\x0b\
\xed\xec\xf4\xc2ts\xd7\xde\xfb\x1b\xd1\xd9\xdf\x07n\xe9\
\xea\xae`\x19\x06\x0d\x87A\x00\x90\x99ah\xe7\x85\x0c\
\xdf\xf0\xd6\xf9\xe8\xec=\xbc!\xb5\xfe\xba\xb6\xa3-\xac\
\xad\x03d6\x7fy!\xf3\x07;\xbf\xa7\x90q\xe3w\
]\xb7\xf1;\x05\xcd\x060/d\x00\x87\xbf\xee\x8c.\
\x9dD\xd0I\x91Y\x8b9$\xcclV\xf2B#T\
\xe0\xa0\x0f\xbc9<\xe9\x1e\x9f4k\xe9\xbc+0\xa9\
f\xff\xda\xc7BN?\xa7&\xc9\x99hg\xa8\x97\xc3\
\x02\xd8\xee<\xeb\xbb\xbcP\xda\x04.\xc6\x11\x97\xb9\x09\
gL7\x83\x19\xbe\xb6\x9d\x13\x1b?a\x9c>A\xc3\
'\x000??;/9=\xe0\x0f\xc3o\x1f\xfdq\
\x8e\xe1\x01\x7fh5\xfb\x7f\x84\xd9\x01\x7fh\xfd\x11\xa4\
`\xaf4;[\xe8`>\xd0\x97\xc6\x01A\xab4!\
h\x150\xb3\xa7g\x0b\xcd\xa3HW\xdb\xf3\xa1\xa7\x0b\
\xee\xb5\x87\x0d\xdcj\x9b\x89,\xb6-\x14\xc8\x0e\x9f_\
\x1e_z\xc8\xa8\x97\x12Vx]\x0b{)\x00\xd8\xec\
\x80\xd8B\x89I\xe8Z9\x80\x0d\x8d+\xbd\x10:W\
l\xa6[\xd8\x05\xa1Q6\xe3W?\xec\xed\xec\x18\x14\
`\x15\xda\xc5B\x18\x87f3\x15\xc0.\x14\xc4fH\
}i\x1c\x22\xb5JS\xa4\x083\x1b\xc6\x82+6,\
OWV\xf8\xed\xb0\xbc\x12\x5ck(-\xd8\xcca\xb0\
\x0bR\xa5\x85\x9d\xb7\xd1\xb1\xf7\x8c\xbc\xd5D\xda/\xd4\
Rm\x1e+ag\x1f+1\xfa\xee\xba~\x7f\xc4\xba\
i}\xc4:\xcd\xc0\xb0\x1d~\x85\x8e\xc4+\x1c\x9e}\
h\xa8^,\x18\x98\xa8\xbd\x05\x0a\xb7\x1c6\xeaN^\
\x06\xb3\x81\xc0\xbe`\x1ax\x10\x83\xa6[\xc16\xdc\x11\
J\x9c\x8f\xce\xfc4|}\x1c\x03\x01\xd5=\xa2\x8f\xb8\
\xd6\xc1\xddsX\xdb9\x02\xad\xea'\x87w.E[\
4\x9e\xa1\xa6*+qX\x8b\x17\xa46\xe8\xe1\x0da\
\xe7\xc3q\x04\xda\x0b\xf7\xb6\xce\x8c\x1f}\xa3\xf1\x97\xe2\
\x07\xd8K[0t\xeeR\x0fL\xa1\xc3\x1a\xda\xc9\xac\
\xa1G\x17\xbfG\xb8\xfd\x7f\x05,\xbbHNf\x17i\
t\xe1\xd9p\xeb\xc1\xf0\xf5[Mi\xb0\xd4YX\xd6\
\xe7\xf7\x1b\x0b\x0d\xc0\xca\x06$;=k\xf8\xf2\xf9\xf8\
\xc3\x07\xb8\xbdk\xa5f\x859pk\x15\xbc\xb9\xec\xc9\
\x09\x10\xb4\x125\x01\xed\xddS5\x81\xfd\xddu\xa2\xe1\
\xd8\xcc\xd0\xb2]\xa1d\xd2\xf8\x87\x8d\xe8\xc1)C\x92\
C\xc5W\x0bUHt,\x00n6~\xaePF)\
\xbavR75{\x8a;\xdd\xd7Y\xd5\xa2\xee\x81\xb3\
\xcf4-\xdb\x95J)\xe9c\x94)j\x0eQ\xea\x18\
\xa20U\xcb\xceN\xd5\x1a?\xbd7z\xfa\xed\xf0\xd6\
\xb6\xceh\xb7\x9a\xbd\xa4-No\xb1[=\xf2\xe3\x98\
\xa8e\xbb\x12mO\xaan\xac\x9fP\x9e\xc4\xdd\xadf\
\x87\xe7\x94\x87\xad\x01\x94b\x99\xa7e\x0b\xf0\xb4\xd2;\
\xad\xdfg?\xbd\x1d\xb8\xd2\xbe\x1ev\xe8r\xb0\x01\x14\
\xa0i\xa5\xa0\x93\xcdU\x08:\xdd]\xa5\x05]\xa1\xfb\
\xc1\x860;GkR\x16\xd2o\x8b\x9fT\xdfh9\
Q\xab\x5c)\x03d\xb6\x87\xd9\x19Z\xd3\xcb\xb1\x19\xbd\
e\xd5\xd1\xea'\x9d'z\xf3R\x07\xd4l\x13\xb3s\
\xb4\xfe\xf2\xe7\xff\xe3\x7fD\x1b\xaf\xa2\x8d\xdf/d(\
/t\xfe\x87Zk\x00K\x95\x92\xcf\x90G*\xb2E\
,J\x95W\xf41\xf7\xf4\xa0\x8d!w\x1dC\xee\x22\
\x9b\xc4\xa2\x90I\x84\x90\xfb\xd0\xff\xc0\xda!i\xea\x22\
[\xc4\xa2\x04)c\xb4y\x03N;\xa9\x80\x1b\x8f\xba\
\xb2\x82G\xcd\x16\xb1h\xcb\xa0\x86\xa3NP\xe39W\
V\xf0\x9c\xd9\x22\x16%,\x22\x9f\xf3\xb4no<\xea\
\x90\x8f\x9a\x8db\xd1\x91\x01\x0eG=\x05\x8e\xa7\x1d\xf2\
i\xb3Q\x14\xe0!&\x0d\x07p\xda\x93\x86\x03\xe3a\
\x0f\xf8\xb0\xd9.\x0aP\x12\x13\xdcp\xd8\x13\xdcx\xd6\
\x03>k6\x8c\xd9\xf9\x88\xd1\xf9o\x87\xd7\xdf\xd1J\
\xd2R\xa7VR\xdd\xbb\xb0\x94\xb4\x06c1l&$\
\xdaE\xb9H1vR\x8d\x91\xe2\xe7\x05\x8aLJ\xb4\
=!\xb3\xa8kl\x9c\x02\xd6\xf75\xd6\xb9\xaf\x91\x89\
\x89vvb\xa2\xea\x9a\x83\xe1\x01\xea\x93an@\xf2\
\x19\x5ci&(\xda\xd9\x09\x8a\xea?\x0c\xfb\x05\xd5'\
^.\x98|\x85,#S\x14\xed\xec\x14E\xf5\x1f\x86\
\xe5\x82\xea\x13n\x16L>\xd2\x11\xb3\x19\xcc\xceQL\
\x00\xeb7\x0b\xaaO\xb8V0\xf98\x00\xc0l\xfe\xb2\
\x13\x16\x93;\xa1\x8fc\xd5'\x8ea\x93\xaf\xf4\xf0\xd8\
\xf6e\xe7+&G\xac\x1f\x19\xa0>\xd1\xc0\x80\xe4\x1b\
]\x09\xb6y^Q\x02/,\x14T\x9fx\x9b`\xf2\
\x15\xaa\x82<\x95\xdb\xce>\x95[\xfd\x87a\x9b`z\
'\xf4\xab\x04\x93ot\x87\xd9\xdcyB\xe6n\xff\xd8\
w\xbae\x82S\xeb\xb1\xb6Lk\x14\xea!\x8cD\xb1\
\x99\x0fjg\xe7\x83&\xf7X\xbfK\xf0@\xb7\xf1\xc5\
 \xed\xc6TP;;\x15tx\xf6\x9a\xeag\xfc\xf6\
\xcd\xfe7w\x7f\x9f3_\xee\x87i\xc5G\x8fz-\
$V\x0a\xf3@m_*%z\xfdy\xb4\xf1\x0a/\
Gr\xa5!\xd6\xa6+\xcd\x5cP\xdb\x17*\x09B\x02\
\xe9 \xebE)\xa4zH)$&\x83\xda\xd9\xc9\xa0\
\x13\xd0z\xdd<\x05M\xfa\xb9\x1e\x92vf.\xa8\xed\
;R\xcd\xaeg\xc6g~e\xcc\xcb\xfd\x9e>%J\
\x0d\xba\xcc\x04\xb5}\xa1\x94\xe8\xfe\x0fw\xa3+\xc7\x0d\
\xb5\x89\xe6\x0a\xa8\xbb\x1et\x9d\xfbl\x06\xfd\xccf\xf0\
\xff\xfc\xcb\xdf\xd2\xb9\x93\xbfC\xbc\x5c^K\x87Nj\
\xc0\xaaoP\x1dd\xe6\xaa\xed\x0b\x0co\xfcix\xed\
4\x12\xc3\x92\xbd\x09\xd8kN\xdb\x1elf\xa0\xda\xd9\
\x19\xa8*\x91\xb1s\xf1\xdf\xff\xb7\xff\x0b\x0b\x12\xf5z\
eE[\x8d\xa8\x03\xe1\xa3\xc0D\xd2Bv\x22i\xf4\
\xe0\x11\xb0=T\xed\x15\x99\x1e\x95\x90\xc0Z\x0cVj\
\x97\x86\x06\xecA\x9b\xa5\x1en8 \xb8y\x86\x9b\xdd\
\xea]~<\xbcu\x17\xd6F\xf6\xbbM\xd8\x19\xd9\xa5\
V\xdc\x023G\x0b\xd9\x99\xa3\xfb7~\x8d>\xdc\xd3\
\xa1U\xc9\x95\xa0\xafG[\x0b\x18m\x81\xd1\x16\x84\x92\
\xb3\xbb\x17\x86/\xef\xeb\x93\xb3\x95\xe6\xc2\xb265[\
Y\x00\xbc\x0e\xe3ud\xf0\xee\xff|c\xfc\xea\xb6\x1e\
o\xbd\xb4\xac/\xbeWV\xea\x84\xd8e\xc4\xaePN\
V\x7f\xc2S\xd5\x00\x87\x1c\xf2!\x17\x19rQ\x062\
\x1c\xf2\x142\x9es\xc8\xe7\xec1hO(\x1d\xab?\
\xe7\x89J\x83c\x1e\xf01\xfb\x8c\xd8\x97A\x0c\xc7<\
A\x8c\xa7<\xc0Sf\x22q!;\x91x\xfc\xf5\xc5\
\xe8\xed\x9d\xd1\x85S\xd1\xc6\xe9\xdf\xf7$\xf6\x95B\x8e\
\x1d\x89\x92r*\xf4\xed\xcc\xbd\x01\xa0f\x83\x97\x9dQ\
\x9cr|t:9e\xf7\xe8ur\xa3\x8d:\x99\xc9\
\xc4\x05K.\xca\x1b\x7f\xb5k\x8a\xf2TZV\x1f\xe5\
u\x005\xdb=K(\xca\x03n\xfc'\xcdQ@\x8d\
\xaf\x135\xbe\xc0T\xddBv\xaa\xee\x7f\xe8\xae\x05\xdc\
\x88&_\x086!\xd9\x89\xb9\xff\xa1#\x967\xf5\x8c\
\xf2\xa6\x8d\x10\xd9dH\xf1p\x0ff\x10\x0f_\xec\x8e\
w\x7f\xa4U\x02\x9f^aUY\xe8\xc6\xd1?/=\
S7:\xe8\xd2\xea\x89\x02\xf3u\x0b\x96T+\xc9\xe6\
n\xf4\xf4M\xf4\xf4L\xb4\xf1x\x86T\xf1\xff\xb6\x9a\
\xa5X\xa4\xbea\xc3C=\xac\xb7J]\x14\x88\xad\x8e\
%\x95`\xfc\xf9\xc6\xfe\x95\xe3\xb3D)-\xaf5M\
?K\x9d\xb6\xae\x14\x98\xd4[\x90\x22\xf5\xee}\xbc\xbd\
\x7f\xf3\xa7\x84\xf6\xb65C\x90\x85\x84\xb9\x9e\xd2(f\
\xfc.\x0b\x03\x5c\xb1P\xc8\xb3\xfe\xcc\x8b\x90\xdf6^\
\x0eo_vr\xb8/K\x8d\x91\x8a\xe1\x97\xfb\x1d'\
\xc7+\x22\xea\xe5\xf8+\x89\xc0J /\xa4\x04\xa2\x0f\
o\x95Os\xef\xdc\xde\xd6\x95\xd8\xea\xee\xdf?\x19\xfb\
\x0a3~\xa0J\xb5\xae~\xa2\x89\x81h'\xcb\x9f\x06\
M\xe3\x0fU\xa9\x0f\xc2v{\x80\x82\xb2R\xc8K)\
\x85\xa7\xdfE\x97.G\xf7\xefD\x17/\xcf\x92o\x22\
O=Tt\xf3\x92I\xacAXC\x99X/\xe4}\
\x81e\xa0{[\xb7\xc7o\x9f\xf1J\xd0^\xb3\xcdS\
\x09\x06=\xda\xc9U\xe0]~\x05[\xa8\x93k\xff\xca\
\x9b\xf8\xc6%\x97\xee\xbb\x19\xbfE\xd0\xec\xa8F\x92\xc6\
t7\x05\xfd\x12A\xa3\x11\xa0D\xec\xff\xd9R\xfe_\
bB\xf7\xb6.\xa4\x7f\xb3\xbf\xf9f\x7f\xe3\xfc\xde\xce\
\x9b\xb9dL\xeci\xd0O\xfeG\xbd\xa5\x95j\xd2J\
?S\xe6n9\xb6\xb3\xed\x95\x96Ar\xd6\x81\xb6\x90\
\x0f\xb9\xb7\xfd`\xff\xd8w\xe9\xae\xb5\xb9\xa4U\xbc\x11\
U\x12K7\xb0\xcd\x14\xb2\xb5\x16\xf4\x0c\x02r\xba\xc5\
\x16\xaa*\xec\xbd\xff>\xfa\xe77s\x89\x96\xb0\xb5\x97\
\xaa\xcd\x99B\x95\x97\x0c\x22\xb1\xffl\xcb5b\x8f\xce\
<\x1an]\xdd\xdb~\x14]9>\x97l\xaa;{\
\xa9\x1f\xa8\x0e\xe2\xceJZ\xb42\x8a\xd8Y\x0a\xca+\
\x03\x96\x92]p[\xa8L1\xdax0:\xf1d.\
\xe1\xe2\xdflm\x8e\x07\xb7\xb4f\xf8\xd9\xd8V\xdbB\
\xb6:\xf5\x9e\xe6\x12\xe8\xc0y\x9a)S\xd85\xc8\xc4\
f\xd9\x162\xcbj\xca\xfa\xd9\xcd\xb4\x1a\xbd\xb7\xfd\xb5\
\x9a\x8e:\x8f|j\x06{\xbb9\xadT\xf7\x1a\xcd\xa0\
:S\xd2J\xbb\x1e\xf4\x02\x83\xb4l\xb0m!G~\
t\xf7\xe5\xf0\xd7w\xd1\x83\x9fF\xffx3|~u\
.Q\x95p\xcb\xfd\xb5X\xe0U\x15z\xcd\x14\xb3\x17\
\xac\xad\x1a~S\xde\xb0X(\x08\xf9\xfa\xfb;\x97\xc7\
g~\xdd?u9zqg.\x11\x1b\xd5f\xaf\xda\
j\xcee\x0f\x1a\xbd\x96\xc1\x1e\xf0p\x80BAj\xd6\
O\xb2\xc3 \xad5\xcf\xfc\xe9\x12\xfalRx6\xfd\
b\xeb\x01\x0a\xc4\x9d\x84\x85\xec\x9d\x84jL5N\x89\
\xed6\x8d\xa3`\xbb4\x03\xd6a\x1e\xbb\xe3\x08\x94\xee\
\x9e\x8e\x1f\x9d\xd4\xad\xbb(%OE\xbf\xee\xa2\x07\xa3\
\x11\x1d\xa6\xb1;\xd9i\xec)\xd6t\xce\x0b\xe1=\x18\
\xf0\xa2\x85]\x1e\x00\xec<\xc3\xce\xcb\xc0\x86\x16\xef\x03\
\xd8\x86\x16\xef\x18w\x08\xb8m\xc6m\x0b\x1d\xf7\xe6\x9d\
\xe1\xd9\x87\x84\xbb\xd1o.h\x9b@b's\x010\
\x17\x18sA\xe8\xac\xf5\x03\x97&\x98i\xdcR\xd0\x83\
qK\x0e\xd3\xd8\x1d\xc7\x91\x81\x0c#R\xa6\x90a@\
J\x0cy\x15 \xbb\x0c\xd9\x95\x81\x1c+\xee\xe1\xb1\xe3\
\x049\xd1\xd5k%\xfdA\xf7\xd6\x00u\x91Q\x17\x85\
\xee\x86\xbeue\x82\x1a\xdbW\x82\x1et\xaf\xb8\x5c\xfd\
w\xb3W\xff\xd3f\x05\x13\x19'\x9d\xcbob\xe3\x0c\
@{\xb8\x5c[wsB\xfb\x04Ll\x9cdQ\x1c\
\xd2q\x06-B\xed2jWh\xd7\xe4\xed\x8f_\xe2\
:\x81\x85\xd8q\xd4\xee\x12XX\x05\xc0\x1e\x03\xf6\x04\
\x16-\x0f\xcf\x1e\xd3Uq\xd4 (}!g\x11\xb7\
k\xb9\x5c>u\xb3\x97O\xff\xf6\x9f\x7f\xd38\x1ak\
KkZ'#\xfd\xe7z\x94\x16\xa3\x14\xe9\x0f:\xbd\
\xc9s\xd8\xd2{@\x93\xd8\xca8\x89\xcd\xe5\xb2\xa9k\
\xe5\xc5P\xcf\x00M\x98\x01\xb2\xcd\x90m\xa1\xd9`z\
\xe6\xcd\xc1\xe0'\x03\xfd\xa6G<v\x97\x072\xbb\x96\
\xd0x0\xa0\xdf\x1c\x8e\xdaB\x0eN/\x04\x06\x8e\xcb\
\xa5^\xd7\x92\x9a\xd5\xa7\xe7\xe0\x1c\xc0F\x22N/\xac\
\xd3a\xb3B\xb6\x84\xe6\x9a\x01\x11\xe7\xc8\xd0\xbb\x01]\
\x11\xe0\xe2\xb8\x5c\x10v-\xa9\x09\x83z6\xce\x01j\
\xa6\xe4\xf4B \xe4\xb8\x5c\xeeu-\xa1Ql\xd0\xf6\
}8\xce\x11\xfa\xbe{\xd4\xf7\xedrI\xd7\xb5\x84\xc6\
\x22\x02/\xe7\xc8\xfc8\x22\xe7\xf4B\xa0\xe6\xb8\x5c\xc6\
u\xf3BSV\x81\x9cs\xe4\x8a\xe8\x19:=\x223\
\xb8<\x9d\xd9\xcd\x0b\x8ds\x1c]}\xad\xe3\xe7\x1c\x80\
V\xc9D}\x04\xde\x0b+\x04\x9b\x8dc^j@\xac\
\x9e\xa2\xf3\xa9\xea\xa3;B\xca\x8f\xab\xe2n^h$\
ltw{t\xef\x98\xc9\x87.\xebK\xe1\x83V\x19\
@\xb3y\xcc\x17d<\x91\x82\xd9\x13)\x80'R \
O$\xcf\xa61\xef\xc8@v\xcc\x90\x1d\x80\xec d\
\xb6\x8byW\x06\xb2)0\x9cc\x97XH\xcb\xc4\x5c\
\xee\x94p\xf3E\x19\xec\xa6\xd0p\xba\x8d\x90\x82\xc32\
\x05\x87\xdc\xf8\xe0fo|(\xe6rp\xe0\xf1\x17\xe3\
A\xab\xef\x84\x98mc\xf6\xb6\x86\xf8\xbf\x0b\xc7\x5cT\
|U8^\xf5\x0d\xd0\xf2\xe0q\xd7\x16\xe1Q\xc2\x01\
'\xbcu\xd3\x09'\x7f\x80@\xb3I\xb4E\xa6\x07\xc0\
\x19\xa7\xa4`8\xe4\xe4#\x01fc(2-=\xfe\
o\xff\xf5\xff\xd5\x1a\xc2\xf8Ku]g\x00\xd3\x0fz\
\xb4l\x02m\x89 \xd1F\xb46\xa1\xb5\x0dh\xd9\xf6\
\xd9BI\xaf\xd1\x933\xc3\xdb_\xb1\xc1\xaeTq\x96\
U8\xa8t\x017\x1b@\xdb\x11K{i\x0e\xfaH\
\xdeK{\xd8\xe5`\x01\xcf\x9a-\xa0-\x14\x19\xc2<\
\xcaO\xd7\x91\xc1@\xca\x1e\x0d\xa4t\xb9\xf9\xc0\x95\x1a\
?\x0f\x8c\xe0#N4P\x82{D\x09v\xb9\xbd\xc0\
\xb5\x85b\xc3\xd1\x85g{\x1fo\x1b\xf6\x85\xa8\xe9\xb0\
\x10\x1d6\xe8\xb0\xd9\x02J\x0d\xcd\x87\xa1\x83\x87\x87M\
S\x07{4u\xd0\xe5\xba\xbf+P\xf7O\x17\x08\xeb\
\x1d\xff\xe9\x83$\xbf\xbf\x1c\x90\xdf\xcf\xd5|Wj\xd4\
?\xd0\xf3?\x0dh\xe1\xa8)\xa4-\xb09,HU\
X\xf4\xb0\x0fT6\xc3\x8eQ\x13l\xb6\x8b\x05\xa1\x15\
\xd3\x00{zC\x18u9@\xd4l\x1f\xa56+\xc0\
\xd8\x89\x83;b\x18=\xd1\xa3\xd1\x13n\x81\xedcA\
b\xb6\x0ep\xeb\xe2/\xc0\xabS_@\xe3\xf1&\x08\
Wd\x13D\x9axtr\xb0&7\xc9:jk.\
\xbdA\x8dj.\x056\x89\x05\x09\x93\x98f\x1d\x01s\
\x92r\xd4#\x0e\x02D\xcc\xe6Pjk\x85\x8e\xa3\x7f\
\x98O\xd2r\xf4{!q\xf4\xdd\x02\x1b\xc2\x82/\xe4\
\x9a\xea\xf7}\x1d\xe89\xdc\xf7\x15\x0e`\xdf\x97\xcb\xed\
In\xf6\xf6\xa4\x89v\xd6\xf7s\x1c\xa0\xa6\x8e\x8ep\
\x10\x12h\xb6\x84\x8e\xd0\x84\x01\xe8\xe88\x04\x0d=\x1d\
1h\xc8Gs\x97\x92\xeb\x08\x15\x10\xf7\x7f\xbe\xa1k\
\xae:\x92\x94I\xa9*\xda\xa4L\x1dL\x0aw)\xb9\
\x8eP\x15q\xff\xc3\xcd\xe8\x81\xc1\xedh/\xab\xb9Q\
\xfa\x15\xec\xed5\x80\xcd\x96\xd0\x91\xb2\x84\xfaf\x94\x03\
\xd8\xd8\x8e\xd2\x0b\xa9\x1d\x85{\x95\x5cG\xa8\x86\x98\x8e\
T1\xd5Z\x06T\xf9l\xd1\x15a\x8b\xe8H\xcc\x99\
\x03\xc8\x96J\xd0\x0cpT\x22\xa2e[\x98\xbdM\xc9\
F\xb4\xb6\x01\xadm@\xcbv0\xfb\xf2\x8d\x89Y\xd1\
\x03>R\xa2\x00\xd8\xe1\x00Q\xb31t$\xa2\xc2\xe1\
\xe9K\xf1\xbf\x02\x89\xa5I\xaa\xb1\xa9\xcf.\x95CJ\
x\xf0\x02\x0e\xd7\xcd\xc9hh\x0d\xe2#\xdaY\x0b8\
,#^6\x83\xaeP@\x08~\xf3\x91<\xc7\x82^\
U\x90\xf3\xcck7\x5cW\xa8R\x08S)\x0e=;\
\x9aK\x11;w\x84\x9am\xa0+T'4MYI\
\xd2\x8e0fe\x80'\xcd\x06\xd0\x15J\x95\x9a\xc6\xac\
(\xcc<ge\x80'\xcd\x06\xd0\x15\xaa\x14\x9aN:\
}\x87t\xd6e<k6\x80\xae+\xe6\xdb\xe1Y\x1f\
\xf8vp\xdae<m6\x85\x02\xcb7\xa6i\xe9\x7f\
7e\xa5\xf5\xf9\x8d\x85:\x00fk(\xb0zc\x0a\
\xf8\xff1\x01\xfe\xbb\x1e\xf0\xdf\x010\x1bBW*=\
\xaa_$s\xd8\x83\xc7Ma\xd4\x81\xc7\x8b7\xdc\xa2\
D\xefL:\x16\xcd\xa1\x1d\xc5j2\x9a>_\x10v\
)_\xc0+7\xdc\xa2\x841Lg\xa3\x01\xe4t<\
\x9a\x1er\x0dS\x1c\xbcp\xc3-J\xd8\xc24]\x00\
\x90\xd3\x5c\x81\x1er\xa3\x8d\x90\xd9\x10\x16m\xb1\xf7\xe7\
\xe4L\x0fP\x8b9~\x81\x88\x99\x0daQ\x22\x12\xfc\
S\x9a\xfc\x8a\xce\xff\xac8\x15\xbc\xa6\xb3\x94\xe4\xc1\xd6\
\xab)\xb9\x827v\x96\x82`\x9dv2\xba\xbc\x83\xc3\
-J\x04\x88\x7f\x1a\xef>\xdb\xdby\xb3\xb7uao\
\xfb\x9b\xf1\xf1\xab\xa3\xdd\xcb&\x91V\xfb\xe9\xc2\xd4\xa0\
\xdf\xe8\xb7\xe3\xff]/\x19%[m\x05\x8d\xf6:\xca\
\xc6V\xb4\xe8J\xffPi\x99w\xee\x9f\xab2k\xfc\
J\xfa\xb3U\xba(\x1c\x9b\xdab\xf1\xbf\xe7\x87\x9b-\
\xa2\xee\xe7\x9bC\xd2\xf4g4\xc8\xcaV\xba(\x94\xbb\
\x1d\xferOMl:q\xcf ^\xda\xc9\xddTE\
\x14\x9e\xfd\xa1V\xc6\xd7Q\x10\xb6\xdeE!\xeb\x9d\xcf\
\xe5f\x89\x10\xff\x11\x03|\xf5\x15\xe0\xf3\xa2\x10\xd7\xcb\
\xc9D\xe1)\x01\xc0\xc8k>\x08\xc9\xa7d\x80\x19\xac\
\xe6^\xb9\xc3\xbct\x97)\xc0\xaeg\xc9\xc8\x14]\xb8\
\x9b\xf2\x03\xe6\x13K\x894\xe1\x0b\xcc\x94,(\xb7\x0d\
\xa2\xb1?\xe0\xe5\x85DK\x08\x04\xf3\xc9\x95\x92\x09f\
\x8aT7\xfdX\xec.x\xb6\x90D\x09\xb9 \xad\x99\
\xcd'WJ7\x98\x14\xd2f\x8a\xb78\x18\xd4\x0c\x02\
\xb2o\xe1\x15d\x04\xdc\xdb\xda\x19\xffx\xfcs\x04\x0c\
\x1b\xfd \x99\x1a6\x97\x80a`\x14\x90\xfd\x0d\xcf\x11\
\xfa\x05\x8fX\xe59_\xdcQ\xcb<\xfb\xcd\xc5v\xd9\
  ;\x1d\x9e+#`\xcanH[\x86\xe6\x13p\
\xc2wH\xbb\x88f\x0a\xd8Z\xad\x94\x0d\x02\xb2\xe3\xe1\
\x15\x85\xaeh\xc2\x83\x18\x9e=6\xbc\xf5l>\x01\x93\
\xde\x86Vs\xf6\x88\x8b^y0h\x99~>v5\
<OF\xba\x940\xa1:z\xce\xde\x9bO\xba\x09\x85\
\x22\xa8\xae\xcf\x16\xaf2\x08\xd6\x0d\xe2\xb1\x03\xe2\x09\xe5\
\xd1\xe7\x9e6\xf3\xa9a\x98s\xd0\x8c\xb2\x0f\x8613\
.\xafvq}\xa1\xfas:\xcb\xcfT\x7fN\xe6\xf6\
}V\x05\x9a\xd7\xbb\xb8\xbeP\xea\xfd \x1a\x9ec\x16\
\xe1\xa1\xb7{\x18&\xcf;\x8e0v\x80\x83\x05\xc38\
B\x97\xd7\xc2\xb8\x02ka\x12)\xedi\x87Nt\xf6\
\xf1\xe8\xc2)\x90r*\x9c\x9dv\xedTT\x06\xe3\xef\
(W9P\x7fn\xa1\xd2F\xb9\xd89\x11X\x1c\xf3\
\xf4\xcc\xfe\x8d_c\x85\xafK\xcd\xa5\xcb\x0a\x95n\xd7\
\xe6\xe5J\xb52\xe4\xe5xm\x8c+\xb06&\xf9)\
 \xcf<={L2\x97\x03J2\xf3\xde\x18\xd7\x17\
\xaai\x8f\xcf\x9e\x88\x03\x91\xb4\xbdu\xd6\x13i5\xab\
\x9d\xc3^W\xc3\xb3hu\x1a\x0bxw\xd8k\xf0]\
\xb1\xf7?<{m\xd6S\xa7\xb6\x882\xb4E\xf0n\
\x19\xd7/\x8a\xcd\x81us\xc6\x09\xb0nN?\xfb\xd5\
\x85\x0c\x1e\xaf\x98q}\xa1|\xc2\xde\xfb\x1b\xd1\xd9\x8f\
\xc0_9$\xcf\xaa\x11\xf1\xe6q?\xbd\x10\x07\xfe\xb8\
\xbcw\xc6\xcd\xbew&\xf52\xd3\x89\x12\x9aU9\x89\
C\xa9\xa6J\xe86\xe5\xac.\xeaW\x8d\x16y\x97K\
1'd\xe7\xbeps|\xe05W_\x06\xa8\xc1U\
)\xf2<\x97bN\xa8\xbe\xfc\x85\x957!\xfe\xf4\xeb\
\x11\xc8\xea\x83\x1e\xb3\xcd\x98\x85:\xac\xbe\xc8\xe7L\x98\
\xf39\xc0\x9c\xcf\x11\xe6\x02c\x16j\xaf\xda\xdb:;\
\xdc\xda25\x1a\x97\x92\x17\xa9o4\x0e\x00\xb7\xc3\xb8\
\x1d)\xdcO\x8c\xb8\x13MH\xb8C\xc2\xed2nW\
\x0a\xf7\xd7F\xdc\xb1\x17I\xa8\x07\x84\xba\xc8\xa8%\xac\
MBg\x7f\xb9\xb7uj\x8ea\xa0\xc9\xb1\x1f\x0c\x22\
\x5c?2R}F\x08\x13\x86\xbdu\xc3\x5c\xd0\x22\xb7\
\xd0\x16\x1d\x89,\xeb\xde\xd6\x8e\xbe&\x96\xfe2}*\
\x89\xf5B*\x89y\xac%\xbd\xecZ\xd2\xc9\xe5T\x89\
w\xeb\xc4\xef\x00\xc7_\x14\xe6\x9e\x96R\xa9>\xf6\x00\
\xae\xcdpm\x99k\x94&F\x0b\xffkn\xe6\xedI\
\xd3\xa2\xf1\x9f4\x5c\x98z\xa0\xbe\x934\x05\x96\xa6 \
#\xcd\xde\xee\x95\xf1\x89I\xf41S\xa0\xb5f:\xc7\
\xd8\xf8\x04\xd6\x82r\x80\x029,\x90#$\xd0\xb4\xa6\
\x95z93e:,gM<\x1f\x83h\x8d\xf6z\
k\x15esY6WH\x83]x\x16\xdd\xff*\xed\
\x92\x9fC0U\xb1K\xe4i7MB\xb5\xc26\xca\
Td\x99\x84\xb4r\xba\xa3c\xce\x0b\x98\xee\xea\x98y\
\x05\xebk\x86+\xe8\xb1H\x9e\x8cH\x87\x0bbf\xc9\
sd9\x8cA\x9cA\x87\xa5\xf1Y\x1a_J\x9aw\
\xc3'?D\xcf\xce\xed\x9f\xf81\xddF\x12\x9b\x99\xfd\
\xfb7f\x0aW+M\xffF\x19\x9e\xc3\xf5$\xfd5\
\xd3u\xac\x85\xb5\x85\x85AH;W<\x9e\x5c\xe7Y\
9IG\xe1\x93\xf9\xf5\xe9\x1a\xe59\xdd\x85O\xc7\xd9\
'[\x96\x8d.\x83\x9aj\xbf\x16\xa2\xc0\x16\x0blI\
\x0a\xacF\x8a?\xb9\xf4\xaf\x08\xac\xb2\xd8\xe1\xdc\xe2V\
B\xa3\xb8\xecp\x88L\xcfK\x06\x04\xed\x8c\x8f\xcd\xab\
r\xd4\xc0\xd0\xb6\x1a\xbd9C\xe7\x04m\xd69<^\
\xcf\xb3\xa4\xbc\x92\xcd]\xd5wf\xda\xddtD\x8d\xf6\
\x97\xd5\xe3\x9c\xb1\xbe)\xd6\xa35\x5c\xdf\xe4\xf1\xe8=\
\xcf\x12\xf2M\x14\x9b;\xe9X\x9c)P\xa5\x94\xb6.\
\x1ad\xa9\xb0\x12\xe5\x11q\x9e%e\xe5n|\x1c~\
}&\xba\xfe\x8ft\x98n\xaaA\xad\xdcl\x1f\xb2\xd4\
.\xa9\xe8u:e7\xd1\x9eV\xce\xe4Q\x96\xda\xbd\
\xdeZ\xb8fa\xb3\x87\xc7a\x88\xe7\x08\xcd;s\x0c\
9\x04\x08A(\x02a6\x9c\xe7\x08)\x045\xa3\xc5\
\xf0\x1b\xfc\xe6\xf3\xe1Q'\x1ft\xa0}\xce\x86\xf99\
!\xa5\x1d\x9d\xff66\xcdjn\xd8\xf6\xdb9uY\
'-'\xa8R\xd6\xe2AY\xc1p\x95:\xb5\xc1\x22\
j5\x9fCC?'\xf4\xc3\x0c_\x1f\xdf?6[\
\xaev\xb3\xbff\xf6\xdc\xdbk(\x85\xcdR\xd8b\xd7\
k\xa6\x08\xe67\xcd\x8f\xd9\xe7\x18\xd1\x17\x8b\x11\x93M\
\xb9\xf99\xa4\x98\xae\xcd\xcd\x1b\xa5\x09W\xf2\x06y\x1c\
\x96G(Dt\x8c\xaf\x1d\xe6\xbf\x85\x0e\xbeu\x97\x11\
\x0b\x05~\xde\x1cg\xef\x19\xcf\xdc3\x9cx\x91\xf1\x17\
\xc5nP\xba\x07\xb88\xef%\x9al\x06.\x9a/\xd2\
`\xa5h\x90\xcbc\xb9\xb2\xd7\x82~\xfdg:\xb2\xca\
\x18\xe95\xfa\x93\xf1U3\xa3\xbc\x86\x9ae\xd5a]\
\xeb\xb3,\xbe\x98,\x07\xed\x8c\xb3\xc49\xd2\xc8h\x96\
((Sn\xc1\xe7@\xce\xcf\x1e\xc8\x1d\x8a\x94d\xeb\
f\xc9S7{\x8f\x89(u\xfcq8B\xf3\xb3G\
h\x87\x92\x1ci_\x9c%\xcf'\x8d\x8bf\xb1T\xd7\
\x22\x0a\xc6\x16>{,v \xd8\xd1\xb6\xc5Y\x82}\
\xd2\xb0h\x16Lu+\xa2`l\xf4\x05\xe6\x9d\x1f\xfc\
b\xb3\xd9\x1e\x87/j.\xc6G\xfa\xa6\x98\xf4\xe1s\
T\xe6\x0b\x0cD\x9f\x0av\xb4Mq\x96`\x9f4(\
\x9a\x05S\xdd\x89(\x18\xbb\x05\x02#\xd3\x0f\xae\xe2\x91\
\xf6\xc4Y\x82\x1d6&\x9a\xa5R]\x89(\x15\xbb\x0e\
\x02#\xd5\xa7R\x1dmK\x9c%\xd5\x91\x86D\xb3X\
\xaa\x1b\x11\xc5b\x8fB`\xe6\xfa\xc1\xf3:\xd2\x8e8\
\x97\x82\x9f6\x22\xce\xd2\xf3=\xd6\xf4\xecRXr.\
E\xda[2K\xa4\xc3\xde\x12\xb3<\xe5\x10\xa5a\xa7\
\xc2\x92s*\xd2\xa1\xa9\xb3\xd5\x84\x9a\x9f:C?\xa0\
$<\xc1\xdd\xcf\xcb\xf9\x12\xa3\xcd\xad\xe8\xd9\xbb\xf9~\
\x9dd\x0fr\xa5\xdf\x9c\xf7W\x1aT\xf8w\xe2\x99\xe9\
~^(\xd0N\x09\xa0\xb3kJ\x09\x15\xd4X!C\
!\xd8\xe4f\x1f\xa0\x1e\xab\x82\xe8\xe2Vtl\xfb\xf7\
+\x05\xd5\xa3O6\xf2\xe9V\x08\xc2\x909\x9f\xa7\x90\
\xfby\xa1 t\xff\xea\xa5\xf1\xf1\xab\xd1\xdd\xed\xe1\xad\
_\xf6o\xdfwf\xc7E\xab}\xe5pwZ\xcd\x85\
jg\xa9Y2nG\x0fW\xdb\xad\x85%\xdc\x90\xee\
\xf3\xccr?\xef\xca\xc5|\x0f\x9e\xee\xbd\x8f\xff\xe6\xbb\
\xd1\xce\xfb\xe8\xd2\xe9\xf9\x22?\x95p\xef*-\xbd\xac\
\x16\x5c\x9a\xa2\xbf\xa0\x1b\x84\x0d\x94\x90mP\xbe(/\
\xa15o`;\x15\xcf\x9c\xf0Q\xb2\x19\x92><\xfe\
\xdc\xcf\x0b\x151\xe7\xac`\xceQ\xbe\xe4\xa8\x96g\xa2\
\xfby\xa1\xea\xe5\xac\x90\xf6H\xa1g\x8e\x986\xfe]\
8\xa0\xe5\x99\xe9\xbe\x9d\x93\xec=\x99\xb3\xf1\xc4\xd8u\
\x82Bp,kK%\xaeg\x07\xb2\x87\xa2\xcc\x17\xc9\
\x86\xa1)\x8c\xe51\xeb\xbe\x9d\x97R\x053c\xd8\xa3\
z`\x9e V)\x01\x83LlNm\xa9\x92\xe2\xec\
\xf0\xf5\xc8\xeb\x99+~\x8dE2\x04\xaf<\xb2\xdd\xb7\
\x85R\xd9sD\xae\x872\xcd\x17\xba\x86\xa1)n\xe5\
q\xee\xbe-\xd5\xf14;h\xfd\xa4\xe3dV\xd4\x1a\
\x86\xa6\x90\x95g\xbd\xfb\xb6T\x9b\xd3\xecx\xf5H\xe9\
w\x8e\x805\x0cM\xd1*\x0f\x81\xf7\xed\xa2T\xc7\xc1\
\xccP\xf57\xda{f\xac\xaa\x948\x07\xaa<\x22\xde\
\xb7\xa5\xba\x9c\x9e_\x1e_z\xf8Y\xfe\xddR\xfc;\
5\xe7\xf4\xee\x96\x8c\xde\x1d\xcf\x92\xf7m_^\xbey\
j_G\x843\x97\xbf\x94d\x86\x02\x18\x0fo\xf7\x0b\
R\x16\xf8\xe4F\xac\x02\x0f\xda\xd4\xe6\xec\xe7\xeaT\x9b\
\x95\xe6'\x1dk\xe6N\xaeNE5\xaea\xe1\x95\xa7\
\xbd\xfb\x85\xbc\xa8\x9c\x89U\xfe<!'\xa6y\xa6\x80\
5\x83|l\xa1\x0b\xb6\xa4|q\x0c\x19\xedl\x7f\x8e\
|\xadf\xab9\xcf\xef\xd7j\x19\xc4cc](H\
\x8a\xa7\xfa\xd0>\xef\x8e\x86\xcd\xf9\xaegh\xba\x9dl\
\xb7\x0b\x8e\xa8x\x1f/\x8d?\x5c\xf9\x1c\xf1\x82~'\
1\xdf\xb3\xc4\x0bz\x06\xf1\xd8\x8a\x17\x5cI\xf1R\x87\
\xeb\xf3.\xe7\xa4\x0d{\xe6\xed\x5c5\xc8\xc76\xbdP\
\x14\x95\xef\xca\x9b\xa4c\xf23~\xbef'M\x07\xce\
\xfc\xfd\x1a\x06\xf9\xd8\xbe\x17<Q\xe5\x92\xb8\xca\x9f#\
\xdf\xd4]\x9e%^\xec3\xb3xl\xde\x0b\xbe\xa8x\
I\x7f\xe1\xe7\x887m4\x9c%\x9e\xc9\xf4q\x03\x9e\
\xef\x08\x96\xbeg\xdb\x85#\xe9\xf7\xd9\x16!\xcd\xc1\x1b\
L\x02\x0f\xdb\xf7\x1d\xb9:x\xfa\xe2f\xd7S;\xb3\
\x93\xee\x01\xfa\x97\xdct\xe8;r\x95\xef\xf9*\xa8\xf3\
\x94N9\x00\xe5\xa1\xfc\xbe#\xe5\x86(_\xf2]\xb4\
\xb9;\xbcu\xe6\xb3\xe2\x81JS\xb5#\xd6\xfb\xcb\x81\
\x9a\xe39GPP\xa9\xd5\x8da\x01\x8f\xf2\xf7\x9d\xc2\
\x7f\x97\xb0\xf3\xa4~\x7f+\xa99\xfb\x9b\x8ai\xc8\xff\
\xf2\xf0\x7f\xdfq\xc4\x1a\xca?\xf7\xe7\xfc\x8c\x1fr\xc6\
\xcf\xc8\xde\x89\xe3\xca\x8b7Otw(\x9b9\xb8\xab\
\x9b\x83;\xde(\xe0;r\x95\xf1\xd4\xa7\x9c\xdd\xc4\xd5\
\x99\xd9\xbc\x10`\x1e\x88\xb7\x0d\xf8\x8e\x94\x07\x92\xce\xb5\
1\xd5[\x0f\x7f\xa0\xe9\xd8\x919\x0a\xaeaX\x0e\xb8\
\xda\xca\x0b\x09\xfc\xec\x0b\x09\xa2\x93\x9b\xd1\xdb\x87 L\
\xab\xdf\xa9\x9b\xda\x98[4}\xd2\xe7}\x04\xbe+T\
zH7\xaf\xa4\x0ffvCv\xba\x86\xa5kN`\
\xb5\xd7\xba\x98\xc0\xe2\x8d\x05\xbekI\xe5\xec\xd5\xd4\x80\
Ix9_\x03\xfdt\x90@\x1aa\xce\xec\x9f\xef\x05\
!\x93a}^p\xe0\xbbbe\x095` :\xfd\
f\xff\xd8\xf7s\x8a8\x9d9\xa0\xba1\xe6\xa0=\xc5\
1th\x10\x91\x9d\x0f\xd7\x96\x12Q\xcd\x22\x98\xe6x\
.\x0co\x9d\x8f\xce\xde\x9bS\xd6tN\xc1$\xdb\x13\
\xf4k\xfd\xf5\xd9\xf4\xe6A0\xa8\x05\xb5u\x83\xcc\xec\
\x83\xb8\x051\x82i\xb4\xf1jn!\x93\xe5\x80\xb3\x05\
\x1b\x18db\x7f#\xfb\xae\x05o\xea\x08\xffN\x08o\
\xea\xfcj\x00\xaboe@\xcb\xeeC\xf6\x1d\x0b\xf1\x7f\
w\xff\xf6\x9d8\x08\xd1\xa1U\xd7\xa8\x09hk\x01\xa0\
e\x97\xc0\x15KU(\xabc\xaat\xa5\x96G_\xdd\
\xaa\x03nv\x00\x5c\xb9^\xb8t\xfe\xbfq\x5c\xc7\x91\
\xe6`erf\xcc\xe8H{\x83yH\x87\xcf{\x18\
|W\xae+.\xbeC\x9f#Z\x92\x8d\x9eW\xba\x9a\
I<^\xd8\xe0\x17\xa5\xf8\xd3\x8fv\xa2\xb3\x8fgM\
\x85?Z;V\x03\xfa\xe6\x18\x0b\x1f[\x9b\x0aO\x85\
\xf7y\xb1\x83_\x94\xf2\x19\x12R\xf8|\xce\xe8\x92\xb1\
\xb8_^B1\xd8/\xc8\xbe\xec\xc1\xc6\x91+\xb6i\
\xe4\x8a\x8d#W|^\xf4\xe0\x17E\xc9\xcd\xf3\xd2\x9a\
\x8d\x84f<t\xb6\xda\xc5\x82|\xc89\xbc\xfan\xff\
\xf6O\x9f\x11u\xd6K\xcd\xfa\xac\x80\xba\x8e\xf1\x01\xef\
\x82\xf0\x8bR\xf9\x82\x84w\x9eNWJ\xdb1S\xe9\
\xfe\x10mn\x8e\xa6\xd3\x8c\xffh\x90u\xc2E?\xf8\
\xfbi\xe7\xa6\x12\xf9\x0f\xbdfk\xa2\xfa\xfe\xa8\x15\xbf\
\x1b\xff\xffz\x1c\xab\xfe\xa1\xd7j\x04\x7f\x84C`\xb7\
\xa0\xe8JO\xfex\xb1;\xde\xfd\xf1s\xe6\x7ftU\
\xab\xb0y\x08H\x17\x93|\xbc2\xc2/\x8a\x96;\xf6\
v/\x8c\xee\xbf\x1c\xed\x5c\x1c\xbe\xbe\xf0yE\x81\xb5\
t\x1aMk\x8e\xaaje\xcd\x94e\xe6\x95\x11~\xd1\
\x93\xec|\x9a'\xaf\x97\xb4=\x99\x93y\x81)\x91\xc7\
k#\xfc\xa2/7E\xe1\xe9\xb7\xd1\xb5\x93\xd1\x95\xe3\
\xe3\x13\xf7F\x0f\x1f\xcf1N!\x5c\x9e\x04\xbb+j\
%\xc6\x8a\xb9'\xb2\x12\xf6V\xea+$\x22\xaf\x96\xf0\
=!\x87c\xfcf#V1\xb1\xa0\xa3\xcd\x1bs\xd8\
f\xb5\xa7\xb2RZ1\xf6t\x95[\x15\x96\x88\xfd\x0c\
O\xae\xce\x91j\xcc\xe8\xf4\xc9\xe8\xc5\x89t?\xcb\xfe\
\xa9\xf3\xb3\xfc\xc4TG\xd6\xaa\x9d\xf2'\x9bh\x96g\
UB\x1aA\xad\x5c\xe9bN\x8c\xf7M\xf8^^\x8c\
\x94=K\xcaO8\xda\xf3\x09\x97\xd0\xb6M\x82\xb1\xf3\
\xe2\xd9\xc2u\x9e\xb9\x7f\xc44\xe6\xfd\x8c_\xafb\xfc\
\xed\xd8\xf6{\xa2\xb6\x7f\xe6\xafv`\xe1\xf1\xc72H\
\xc1\xc6\xdb\x132\xde\xc6\xc2\xe2Q\x95\xdf\x99\x91]\xe6\
\xb2\x22oX\xf0=\xa9I3\x1b\xdf\xcc\xd1\xd8j\xea\
\x95l!z6V\x9e/fyG\xd7\xbf\x9d\xe37\
\x98\xd5\xa6\x8f]\xfa\xbcF\xc0\xf7\xa5\xe2\xdf\x8d\x07\xa3\
\x13O\x8c;\xb5\x8e\xb4\x0dV\x95k4s\x95V\x18\
.\xad\xe1\x1a-\x9f\x97\x0c\xf8\xbeX\xb6\xfcX\xb4\xf5\
c\xfc\xd7\xf1\xdbgsz~q\x5c_j\xc6?\xd5\
\xcc^\xa5\xa0\x12\xff^\xe8\xf0\xf1V\x01\xdf\x17\xcb\x93\
\x9f\x8a>|\x1b\xbd{3~\xf5$V\xd0\xa3\x9d\xd9\
\xa3\xcf\xd4\xd8\xb3\xeaBS\xb5\xeb\xf6\xcb\xc9?5\xbd\
\xa9\xf5\xcaB\x9dKN\xbc_\xc0\xf7mI\x09\xd56\
\xbb3?\xa5\x93\xbf\xe7\x930\xe9\xe7_\xef\xabq\xe0\
F\xf1z\xeb\x8b\xa87x\x17\x81\xef\x17${\xe0\xd3\
\xf1gs\xde\xce$/>\x1d\x81f\xbe\x9f\x83A\xa9\
k\xb8\x9fl`})\x03\x9b\xb4\xf2Do\x1f\x8e\x1e\
\x7f=\x87vW\xbd<\xf5d\xdb\xaf\x99\x8c\xd1j\xd5\
1\xa4\xe4\xbd\x05\xbe/\x15-\xdf\xdc\x8e\xa3\xe5\xe8\xe9\
\x9b\xe8\xc5\xc6\x1cu\xa9f'\x11\xae\xd42=\xb4\xb0\
\xd3\xe2{\xc8\xd6\xd7\x97\x9a1}sw\x1e\x03\xbcP\
j\x9am\xf0\x02\x0b\xc1\xe1\xaf\xefI\xda\xaf9-\x97\
\xd1b\x1d\x0a\xa1\xfe'\xfe\xcb\xff\xf7\xff\x03\xa2\xcf\xea\
\x09\
\x00\x00_j\
\x00\
\x00\x01\x00\x07\x00\x10\x10\x00\x00\x00\x00 \x00\x82\x02\x00\
\x00v\x00\x00\x00\x18\x18\x00\x00\x00\x00 \x00\xef\x03\x00\
\x00\xf8\x02\x00\x00  \x00\x00\x00\x00 \x00g\x05\x00\
\x00\xe7\x06\x00\x0000\x00\x00\x00\x00 \x00$\x09\x00\
\x00N\x0c\x00\x00@@\x00\x00\x00\x00 \x00Z\x0c\x00\
\x00r\x15\x00\x00\x80\x80\x00\x00\x00\x00 \x00\x8a\x1a\x00\
\x00\xcc!\x00\x00\x00\x00\x00\x00\x00\x00 \x00\x14#\x00\
\x00V<\x00\x00\x89PNG\x0d\x0a\x1a\x0a\x00\x00\x00\
\x0dIHDR\x00\x00\x00\x10\x00\x00\x00\x10\x08\x06\x00\
\x00\x00\x1f\xf3\xffa\x00\x00\x02IIDATx\x9c\
\x8dS;hTQ\x10=\xf3\xde}\x9b]wc\x0c\
\x08\x01?(D\x10\x14\x8c\x85ha!\xda\x04\xac\x04\
\x15\x0b!\x04\x02\x16\x9aFL\xe1\x0f1\x9bBm4\
\x8d\x10\x94 \x01%\x22\xb6\x82\x08J\x14A\xb0\x10A\
\x11,\x02*\xb2\x98\xb0\xa2\xeen\xe2{\xf772\xef\
\xb9\x8b\x09\x1b\xf0\xc20p\xef\x9c\x9993\xf7\x80\x99\
\xc9\x183\xe6\x9c\xabZk\x9d\xb5\x96W2c\x0c[\
\xad\x9d\xb3\xf6\xbbs\xae,X8\xe7.33{\xef\
W\x04Z\x01Z\xc3\xd63[\x89\x15\x00\xb3$\x1c\x95\
\xea\x0bJ\xa9\xbc1\x86\x82  \xb4;a\x98\xf9F\
\x1d<W\x01\xf7\xac\xe3\xa8\xd4)\xc9c\x92\x0amA\
\xdee^E\xf0\xef\xde\xc0\xde\x9b\x80\x9f\xab\x80z\xd6\
\xa3\xe3\xd2u _H\x9f\x03i\xa5\x1d\x9e\xa2\x1c\x10\
*\xc09\x04\xbd[\xe1\xab\xf3@\x1c#72\x06\x14\
K\x80\xf7\x12\xc6\x01\x11-m[\xf21\xc3\xce<\x06\
~/\x82\x94\x82}\xf6\x08\xfc\xad\x82\xdc\xb9\xab\xa0b\
\x09\xfc\xf3G\x93\x16\xa15(\xe7\xd8&\x09;f\x8e\
\xa7'\xb9\xb6{#/^\x1c\xe6\xe4\xe5S\xae\xf7\xf7\
q\xfc\xe0N\x1a\xd7\x18:\xc4\xc9\xab\x994\xce\xea\x84\
\x83\xb4\x950\x84\xff\xf8\x1e\xc9\xa9c0\xf7'a\xa7\
o#7|\x1e\xacc$g\x06\x11\xee?\x88\xe8\xe8\
 \xf4\x95\xb3\xe0/\xb3\xa0\x5c\x07\x9a\xbc\x15\x84\x81\xf0\
\xdc\xd4\x8b`\xc7.\xe8\x1b\xa3\x88\x8e\x9f\x80:<\x80\
`{\x1f\xc2\x9d{\xa0\x8e\x0c\xc0L\xdd\x84{\xfd\x02\
\xd4\xd5\xdd\xe4\xff7\x81\x1c\x22p\xa3\x8ep_?\xc2\
\xbd\x07@[\xb6!)\x9f\x06\x7f\x9eE\xc7\xb5[p\
\xcf\x9f\xc0<\x9c\x02u\xaf\x05\x1a5a\xde:A:\
\xb4 \x00\xcfW\x90\x5c8\x09\xae\xfd\x82\xbd;\x01\xff\
\xe1m:\xccdd\x08fr\x1c\xd4\xd9\x05p\xb32\
-\xe9\x80\xd3\x9b(\x07\xca\x17\xa0\xc7\xcb\xa0(\x02\xad\
^\x93E,\xdf\xf2?K\x93/\xa0Z\xe9\xe4\xc1{\
P\xa1\x00x\x06t\xb2\xacZ\xd6)\x8c\xc9|\x0a!\
\x22\xa3\xf5\x82\x8a\xa2\xbc\x8dc\xf0\xd7O\xd9V\x04\xd3\
\xf6{e\x97\xb4a\xb3W\xab\x8a\xb0\xc6\xc4\x10A\xa4\
b\x92\xbd\xfe\xa75\xc5$B\x14\x1e$\xd2L\xe5\xac\
\xb53Z\x8bd\xdb\x9a\xd1I&g\xe7\xaa\xc6\x98\xb2\
\xb4\xf3\x07\x86\x8a\xde\xcd(u\xe0w\x00\x00\x00\x00I\
END\xaeB`\x82\x89PNG\x0d\x0a\x1a\x0a\x00\
\x00\x00\x0dIHDR\x00\x00\x00\x18\x00\x00\x00\x18\x08\
\x06\x00\x00\x00\xe0w=\xf8\x00\x00\x03\xb6IDAT\
x\x9c\xb5\x96Kh]U\x14\x86\xbf\xfd8\xf1\xe6\xd5\
\x14\x11q\xd4Rm\x043)*\x22>fv\xa0\xa0\
B+\xb5\x08U\xf1\x85\x86\xa2N\xc4\x80\x98A;\x08\
T[\x92\x12ih,\x0e\xac\x01EZ\x84\x8a\x22\x8a\
Rp Nj5\xb4\xb5\xa6\xb6J\xd2\xf4Z\x1f\x03\
\x93\x98\x9c\xb3\xf7^\xb2\xf7\xb91\xb7\xb9\xd1&\x14\x17\
l\x0e\xf7\x9cs\xff\xf5\xaf\xb5\xfe\xb5\xd6Q\x22\xa2\x94\
R\xe2\x9c{A)\xf5\x9c\x88\xac\x07,\xa0X\x81I\
\x09\xe4\x94RgDd\x9f\xb5v0\xde\x8a\x0fTQ\
\x14oJ\xcd\x9csWt\xe6\xad\x86\xa9\x94sn\xbb\
1\xe6\x0d\xef}|\xaa\x95Rz\x99\x94I\x87x\x8d\
\xf1\xaatB\x04\xd1\xda\x1bc\xac\xf7\xfe\xf9\xc8~\xcc\
Z\xbb\xce9\xc7\xb2\xc1\xa3i\x93\x92X\x9f\xc7\xe8\x07\
\xefcV\x82\xb5\x16\xe7\xdc\xb9\xe8\xc0k\xad\xb5$6\
+\xb0\x99i\xc2\x85qdr\x02\xa9N\x10\xbe\x1fE\
wva\xb7>\x09E\x812\x86\x10B\xb0\x91\xf5\x8a\
\xc0\x83GeM\x14\x1f\x8cP\x8c\x0c\xa3\xda\xda\x91\xd9\
\xbfP-\xad%x\xc4R\xa9\xe8)#\xcbH\x89$\
PB(\x7fj\x838\x87\xdd\xb4\x0ds\xcb\x1d`m\
\x02o\xea\xe9\xc3tv\x81sP\x97\xe9\xcb;P:\
1&\xcbJv\xd1\x91\xb5\xc8\x1f\xbf!\xbf\xff\x82L\
\xfd\x89}\xe81\xcc\xadw\x965X\xc4\xb9\xd1A\x04\
\x88\x8c\xe7\xd3V\x14\xe4\xfb\xf7\xe0?=\x82\xb2\x16\x8c\
\x81\xe9)\xf2\x81\x1d\x84\xb3c\x98\xbb\xee\xc1>\xfc\x04\
2=E8q\xbcTS\x9d\xc5\x86\xba\xd4\xb2,)\
C\x8a\x1ce\x9b\xc8\xdf\xda\x8b;|0\xa5A.\x8c\
c\xb7>Eq\xa0?\x81\xe9\x1b\xbb\xc8\x9e})\xbd\
?7\xb0\x93\xf0\xc3\x09*\xc3\x87\xcbh\xbdO\xce\x16\
\x1cD\xc6Z\x13\xbe\xf9\x1a\xf9\xb5\x8a\xdd\xf8\x00\xee\xe8\
'\xb8\x0f\xdfG]{\x1d\xe4s\xb8C\x07\xf1\xa3\xc7\
\x90\x9f\xce\xa0V\xad&\xeb\xeeA_}\x0d\xc5;\xfb\
\xf1_~\x86\xee\xbc\x09\xbc+\x1d4D\x10\x0b\xe3\x1d\
\xf9`\x1f2q\x8e0z\x8cp\xea\xbb\x04\x1c\x0b\xaa\
\xd7\xac#\x7f\xbd\x97p\xf2x\x19hw\x0f\xa6k\x03\
\xee\xf3\x8fp\x87\xdeFu\xac\x06_\x13\xc2\x925\x90\
\xb2x\xd9\x96\xc7Q\xed\x1d\xb8/>&\x9c\xff\x19s\
\xf7F\xb2\xcd\xdb\xd0\x1bn\xa3\xa9o\x08\xbdv=\xf6\
\xc1G\xc8\xee\xdb\x8c?\xf9-\xc5\xf0nhnY\xa8\
\xd9\xa2\x11V\x17\x81J\x0c\xec\xbd\x9bPk\xae'\xdf\
\xdd\x8b\xaa4\xd3\xf4b/\xe1\xc7\xd3\xcc\xbd\xba\x9d\xec\
\xd1n\xae\x1a\x1cI\x10\xe1b\x95\xa2\x7fG)\x8a\xa8\
2W\x94\xd8\x8bF\xe4\xa550\x96\xfc@\x7fRF\
e\xdf{IA8G\xbe\xeb\x15\x98\x9b\xa5\x18\xdaE\
\xa8N\x92\xdd\xbf\x85b\xefN\xe4\xe2$\xb4\xadZ\xe8\
\x91%l!EiX\x91\xd41\xd7\xf3\x0c\xfe\xab\xa3\
\xd0\xdcL\xbe\xa7\x17\xa9\x9e\x87\xd66h\xef\xc0\x1fy\
\x97\xd9\x97\x9f&\x9c>\x01-\xed\xa5Z\x16@\x1a\x1c\
\xd4\xc9\xb4\xcc\xa1jiC\x19K1\xf4Z\x92\xa7L\
\x8eCk{\xd9\xa1\xd1b\xbeg\xa6k\x8d\xf7/\xcc\
\xd3tmpPg\xf1\xcf\x95\x0aR\x9d\x84Jsm\
\xbe\xd4\xf5\xa4\x8d2\x8c\xf7j(\xf1\x1a;\xd8\xe8\xff\
(\xf2\xbc\x08fgR\xa7\x12\xe2\x9c\x0fP\xe4\x5c\xd6\
\xa2\x83\xf8\xde\xccLc\x8aD$\x8ek\x93&\xaa\x08\
\xfa\xe6\xdbK\x86\x91yX*\x05u\x93\xf7\x1fe\xaa\
\xd4/j\xed\x0d\x90\xd9DL\xc5\xe5\x13$4.\x9c\
8k\xae\xc4|@$\xa4\x85\xe3\xbd?\x1b\xf7\xc1\x00\
0\x18\x17v\x9a\xe1\xae\xd0+\xdc\xf7,\x8a/(\xa5\
b\xe86\x840\xf0\xff/\xfd\xc5\x9f-!\x84\xf4\xd9\
\x12o\xae\x88y\xb9\x16\x9d\xd6zLD\x86\xe6?[\
\xfe\x06\x01Fz\xa1\x06cWZ\x00\x00\x00\x00IE\
ND\xaeB`\x82\x89PNG\x0d\x0a\x1a\x0a\x00\x00\
\x00\x0dIHDR\x00\x00\x00 \x00\x00\x00 \x08\x06\
\x00\x00\x00szz\xf4\x00\x00\x05.IDATx\
\x9c\xbdWk\x88UU\x14\xfe\xd6>\xfb\x9c\xb9\xe3\xbc\
tR\x04\x89$\xa4\x10\xb1(\x89\xfcU\xfe\xcb\xfee\
E\x08\x06\x8e\x16\x1a\x8e\xa6\x19\x82\xe9\xa0\xf6\x98\x92\x8c\
\x89\xc9\x1c,\x8d\x18\x1fdPh\x09\x81\x11\xc6\x183\
\x8c(\x99 \x06\xa26>JJS\xe7\xa5\xce=\xfb\
\x15k\x9f3:w\xbcwf\xcc\x8b\x0b.\xf7\xdc}\
\xceY\xdfZ\xdfZ\xfb\xbb{\x91s\x8e\x88\xc8\x01\x80\
R\xeaE!D\xadsn\x1a\x80*\x00\x84\xe2\x18\xfb\
\xef&\xa2#\xd6\xdaMa\x18\xee\xf6\x8b\xce\x119\xe7\
\x04\x80\xc0Z\xbbU\x08Q\x93\xde\x80\xb5\x16\xc54!\
\x04\x88\x92|\xb4\xd6\xdb\xa4\x94\x0b\xf9\xd2\xaf(\xa5x\
a\xae\xd6\xdap\xd6D\xc4A\x15\xdd\x9cs\x9c\x95\x93\
R\x06Z\xeb\xeda\x18\xd6\x90Rj\x96\x94r\x8f\xd6\
Z\x03\x90\xfdQ\x16\x091\xf9p\x058'\x22\xcf.\
g.\xa5\x94Z\xeb\x17\x18\xf0\x8d\xb4F\x9c\xf9\xdd\x01\
r\xd9\x18\x80\xfd\x04A\xf2I\x1b\xc9\xc3\x1a\xe3\xcb\xc0\
\xb5O\x97\x963\x03=A\x10\x94\x17\xa5\xe6Ap\x0b\
L)\xb8\xae\xabp\x97/\xc1]8\x071u\x1a\xe8\
\xbeqI\x90D\xbe'\x8c1\xbd\xcc\xc0\xdd\x83s\xd6\
B\xc0\x1en\x839\xfe\x1b\xdc\xdf\x7f\xc1\xfds\x01\xae\
\xeb\x0a\xd0\xd5\xe9\xef\x974\xeeH\x98I\x8d1\x19[\
\xa2XF\x04\xb5g'l\xdb\xcf\xa0q\xe3\x13\xb00\
\xf2\xb7\xc2\xb7\xd6\x83\x1ex\xd0\xb3\xc2\x81\x0e4Y\xb4\
\x00\xacE\xc9\x8a\xf7\x10\xcb\x10\xf6\xc41\xa0\xb4\x0c\xee\
\xca%\x84s^\x83|\xf2)\xb8<\xe0l\xe2\xffu\
5_\x0f(\x9b/\xbc\x05\xaa\xc7\x02\x99\x0c`\x1d\xd0\
\xdd\x89`\xfa\x0c\xc8\xd9\xf3\xe1\xb2}\x05]\x8a;\x02\
\xe7\xae\x962\xfd\x0e\x93\x86b3\x16$C\xa8\xe6M\
0\x07\x0f\x00\x81\x00\x8d\x9f\x80h\xc9\xaa\xe4\x99\x92\x0c\
\x10\x86w\x18\x80s\xb9\xd7L\xdf\xb5\x1e\xc4\xf5+\x90\
]\xb9\x10\xee\xcc)\x10;U1(\x8a\xa0[\xf7\xc3\
|\xbf\x0bT9\xda?\x1f.[\x03T\x8d\xf1\xef\x99\
\xd6\xfdp\xe7\xcf$}1\xd0/\x0a\x05\xe0\x01\x83\x5c\
\xda\x85\x80\xfa\xbc\x01\xa6\xbd\x05\xee\xf4\x09d\xd7\xbe\x0e\
s\xa8\x15\x94)\x85={\x1a\xea\xb3\x0d\xc0\xa82\xa0\
\xa7\x1b\xe1\xfc\xa5\x10\x93\x1f\xf1\xaf\xeb\xbd_#\xae[\
\x04\xfd\xd3^\x10'1h\xc7\xc9\xbc\x010\xcd}}\
i=\xad\x7fQ\xfd\xf0\x0d\xf4\x81\x1fA\xd5\xe3\x80\xec\
\x0d\xdf\xd1\xf1Gu\x90ska\xdb[\x00\xae\xb3R\
\x08\x9ey\x0e\xc1\xb3\xcf{7\xf6\xe0\x01\xe8\x1d\x9bA\
c\xc6\xde\x06\x9c\x9f\x01k\x93\xfd|\xfc(\xb2\xcb^\
F\xfc\xcer\x9f\x919\xf9;ts\x13\xa8\xac\xdc\xcb\
\x8cxxj\x02\x18\x95@\x7f\xb9\x11\xb6\xe3\xa4g\x89\
\x1e\x9a\x82\xf0\x95e\x89\xab\x8e\x93\x88?}\xdf\xd7\xdf\
\x93^@d\xe5`\xeaY*M\xdb~\xef\x80\xfe\xbd\
\x88\xec\xba\xa5\x80\xd1\xbe\xf1\xdc\xf5^\x84/\xcdC8\
g!\xd4\x8e\xcdP\xbbw\x82*\xaa\x00\xad<\xfd\x11\
\xd7\xbd\xb4\x14\xae\xf3\x0aT\xc3\xda$H\x0e\xda\xef\x18\
\x1a\x01\x03B\xc0Y\x0b9s\x16h\xd2\xe4$&V\
\xb4\xcb\x97\x808F\xf0\xd8t\xc8\xd9\xaf\xc2\x09\x81\xb0\
f1\xa2%\xab\x13p\xad\x11.^\x05\xba\x7f\xa2\xff\
\xad6\xd6\xc3\xfdy\x16(\x1dU\x90\xfa\xfc\x0c\x10%\
5\x9f8\x09\x99\x0f6#nX\x0b{\xecH\xb2\xed\
FW#\xac]\xe9;_}\xb7\x0b\xb6\xe3\x04J\x96\
\xbf\x0d1\xe5Q\xa0\xef\xc6\xcd\x80Us\x13\xcc\xe16\
\xd0\xe8\xea\x9b\xcc%\xbeG\x12\x00\x1bw\xea\x8d\xeb@\
E%\xa2\xfa&\xa8\xad\x1f\xfb\x9e\xf0\x9d=~\x02t\
{\x0b\xf4\xf6Mp\xb1B\xb6\xf3*\xa2\xd5\x1f\x82\xd2\
:\x9b}{|\xd7\x13o?\x06\xcf1\x1aA\x00\xd6\
\x80\xc2\x08\xfaP+\xd4W[PR\xb7\x01\xd1\x827\
\xbd\x8cr\xe6\xf6\xcc)\xa8\xa6\xf5@\x94\xf1\xb5\xb7G\
\x0f!\xbbr\x01\xa2\x15\xf5p\x97/B}\xd1\x08*\
\xaf\xc8U\xc9aL\xe6\xfc\xeaW\xd9k=^h\xb2\
k\x96\xf8\xae\x963f\xc2uu\x22nX\xe7\xe9F\
\xa6\xd4\x0b\x10*\xab\xbc\xc0d\xebjo)e\x1e\xb1\
\x19\x82\x00\xe4\xd5\x01\x7f0aQ\xe1\xbd\xde\xf8.\xdc\
\xb9\x0e\xd8\xf3\x7f\xf8\x8f\xefz\xe3On\xc977Z\
\xccZO\x89~\xe4\x03\x1f\x22\x02Y\x90\x1bk\xbcC\
\x1aU\x06\xf5\xed6_\x02*\xafL\xc1\x07k\xc7\x00\
\xd5\xbcC\x93\xf9\x83\xa5\x1c\x19\xf6Ys}\x0am\xa9\
\x91\x00\x178\xee\xc9\x82\x0ey7pMo\xfa\xa6[\
\x99\xe6\x05(\xb0\xce>\x86xO\xe6]\xe5\x7f\xb9\xde\
\x1e8\xf6:\xecqm\x98\xecYA\xbb;\x93?\xa2\
<FJ\xa9\xee \x08*\x92saz|\xbe\xde\x0b\
\xf3k\xbbW\xb8\x5c\xea\xb8$C\x04r\xdb=\x7f\xd8\
\xf6I\x88\xc7\xa7\xdfv(\xb5\xd6\xf6\x90\xd6\xba%\x08\
\x82\xa7\xb5\xd6\x96\x88\x12\xae\x06L1\xc5\xb2\xfec\xb9\
\xbfv\xceH)\x851\xe6\x17\xe9\x9c\xfb\x04\xc0\x8c\x1c\
.\x8d\x81\x1fb\xd2\x04\x86cyD&r\x06\x13\xef\
\xd99\xd7\xd8?\x9a5K)k\xee\xf1h\xb6-\x0c\
\xc3y\xfd\xc3)\x8fI[8\x88\xf4\xc1{1\x9c.\
`\xae9\x80\xc1\xe3\xf9\x22\xe7\xdc\x13\x00*\x8b<\x9e\
w\xa5\xe3y\xd3\xc0\xf1\xfc?4\x98\x9bH\xad\xf0\x0c\
\xd5\x00\x00\x00\x00IEND\xaeB`\x82\x89PN\
G\x0d\x0a\x1a\x0a\x00\x00\x00\x0dIHDR\x00\x00\x00\
0\x00\x00\x000\x08\x06\x00\x00\x00W\x02\xf9\x87\x00\x00\
\x08\xebIDATx\x9c\xd5Z{\x8cT\xd5\x19\xff\
}\xe7\x9c{gw\x19va\x0b\x16\xfb\xc0BE-\
\xad\xd2TMZ\xda\x14l\x0a\xf8\x08\xa5\x04\x9b\xda\xa6\
H+\xd4\x08\x12\xf1\xc1?\x80X\xe4Q+\x15*\xb2\
\xd2\xb4D*\xa66\xc1Tl\x8b\xa1TL\xeb&\xa6\
\xd6\x90J\xa1\x22\x88\x05\x0aa\x0b\xc8c\x99]\xf61\
\xf7\xdesN\xf3\x9d3\xb3\xbb\xc0\xcc\xec\xae.\x03\x9e\
dwf\xee\x9d9\xf7\xf7\xfb\x1e\xbf\xef;\xe7^B\
nXk\x89\x88,\xbfokk\x1b^QQ\xf1C\
c\xccxc\xcc\xd5DT\x03\x80P\xc6a\xade,\
MB\x88\xf7\x00l\x11B<CD\xff=\x17+u\
=`\xad\x0d\x93$YHD\xb3\xa4\x94\xb5\xf9\xc9\xb4\
\xd6\xb8\x18CJ\xd9\xf1\xde\x18s\x12@\x9d\x10b\x19\
\x11\xc5y\xcc\x8cZ0\x07\x00\xd5\xc6\x98?\x08!\xc6\
\xf2\x0f\x92$\xd19\x82\xfc\xc5\xb2Z\xff\x1c/\xb8?\
\xa5\x94c\xa3\xb5\xae\x97RN&\xa2F\xc6\xce\x04\xf8\
\x84\xd0Zo\x95R\x8eI\x92$\x02\x10\x5c,\xd0\xdd\
\x90\x89\x95Ra\x8e\xc4x\xe6#\x88H'I\xb2\x80\
\xc1k\xad#\x22\x0a/5\xf0\xc8\x87\x01\x11\x87x\x9c\
3\xf4|\xc6\xce\x1e\xb8Bk\xfd6\x11U\x19c.\
Z\xb8\xf4\xc6\x13B\x08~i\x8d\xe3\xf8:e\x8c\xf9\
\x91\x942\xcd1OD\x9c\x0f\x17gX\xdb\xf9\x9a\x7f\
/\x04\x9b\xfe\xac\xaf\xb1\x81\x8d1F)\x95\xb6\xd6\xce\
P\xd6\xda\x89\xb9D)\x9f\xe5\xf3 \xad\xcd\xc9\x84`\
\xc9\xe9\x00\x9b\x07\xe2h\x14V@\xca\x9d\xbe\x99\x09\x5c\
\xc9\x92TV\xf0J\x9d\x0f\xb4\xb5\x05\xb6\xf1$\xec\xfb\
G`\x8f\x1c\x869\xda\x00\xf9\xf5\xf1\x10\x9f\xbd\xda\x93\
\xe8\xe2\x09\x8e\x14\x9f\xd3\x18\xc13\xf57\xc68\xd7\x94\
\x85\x80R\xb0\xef\x1f\x85=\xf0\x1e\xcc\xb1\x06\xd8\x86C\
\xb0G\x1b`\x8f\x1f\x85\xcd\x9c\x06\xdaZ\x1cI\xdbt\
\x1a\xe2\x9akAW^\x03k\x0d@\x9d5\x81\x07c\
\x06\x90Ve\x03\xce\x17\x0c\x02\x98]\xffB\xb4t.\
\x10ea\xe3\xd8Y\x968|T\xe0\xc3\xa8\x7f\x0d\x90\
9\x055u&\xe4\xe8\x9b`\x93\x04\x10g\x83\xcf\x0f\
\xc6\xee}Y\x8e\xe1\xa2\xd6\x82\x18 \x03\x95\x0a\xd4\xaf\
\xbf'\xc6A\xc4!\xc1@\x9b\x1a!n\xfc\x1a\x82\xa9\
3\x01\x9dt;m\xf9T\x87\x13U'\x10C\x87!\
\x5c\xf0sP\xcd\x00\xe7\x05px0\x09\x0e\x84\xf66\
\xd0\x90O!\x9c\xbd\xc0\x7fvI^:@\xca+\x9b\
$`\xa3,\xe4\xe7\xae\x83\xfa\xf1\x83@\xb6\xdd\x03\xe4\
?G\x02\x08\xee{\x18`rl\xfd\x1e\xa8z\xdf\x11\
`k\xb1Z\xb0EK}G*\xd8\xd63H6\xfe\
\xd6\xab\x91\x0b\x1d\x01{\xa6\x19\xc1\xb4\xd9\x8e\x1c\xa2\xa8\
h\xdc_\x18\x029i\xa40\xf4\xc9\xe8\x15\xa2\x08\x01\
\x89\xf8\x99U0\xbb\xb6\x03\xa9\x0a\x07\x94\xd5G\x8d\x9f\
\x04u\xdb\xed>\xb1\x05yc\x14\x9b\xa7O\x09\xb0\xc5\
Y\x1aO\x9d@\xf2\xda\x16\xd8C\xfbAA\x01\x12Z\
\xbb\xe3z\xf3\x8bH\xb6n\x02\x0d\xe0n\x9d\x80\xd63\
\x10W\x8dD0\xe3~\xd8|\xd1R\x817\x06\xcf\xd3\
\xcdP}!\x8d\xac\xe5\xd1\xa3\xf7\xc3\x1c9\x0cJW\
#\xb8k\x0e\xd4\xb8\x89\xb0I\xecA\xb2\xe5\xc3\x10z\
\xf7N\xc4\xcf\xd6\x81\xd2\xfd\xfd\xb1$\x01\xaa\xd2\x08\xe7\
<\x02TT\x02\xd9,\x90J\xc1\xfe\xef0\xe2\x17\xd7\
C~y\x8cS$8\xaf\x88\x0fI\xe0\x5cE\xc8\x7f\
\x8e\xb2\x88V-q\xc5\x89j\x07\xbb\xcf\xf1\xd3\x8f\xc1\
\x1ek\x80\xfa\xc1=\x9dU\xf4\xf4)\xc4\xab\x96t\xc4\
\xbc+\xbf\xd9v\x04s\x16B|\xfa3\xb0\x9c\xd0\xa9\
\x0a7\x8f3\xc6\xbe=0\x07\xf7!u\xfd\xe8\xa2\xe0\
{\x16B\xf9\xc6\x8a\xb5\xbbkXX\x03R\x0a\xf1s\
k`\xf6\xec\xf4\x05(\xe6\xe4\x13@\xba?\xe2\x0d\xbf\
A\xbc\xf2'\x9e\x80\x94\x88\xea\x1es\x15\x17\x15\x15\x8e\
\x90m>\x0d9\xe5N\xa8\xaf\x8cu\xca\xe4r'\x9b\
E\xf4\x8bE\xae*\xd3e\x97\xfb\xdf:5*.\xa5\
\xdd{\x80\x95B\x1b\xa0\xad\x15\xa8\xea\xd71)\x85)\
$\xf5\xaf@\xbf\xfc\x02\xa8z\x00`t'Y\x10h\
\xc0@$\x7f\xdd\x0c\xdb\xd6\x0a\xfa\xc4P\x98m\xaf{\
\x92<\x9a\x9b o\xf8*\x82\xef\xcd\xe8\xa8\xc6.\xb9\
\xeb~\xea*5\x0d\xacu\xbd\x91\x07^\xba\x0e\x14'\
`r\xc9\xb9\xff]D\xbf\x5c\x0e\x9bi\x84\x1a7\x09\
\xea\xf6;A2\x05sp?\xe2\xb5+\x80\x8a*\x1f\
\x0eL\x80\xad\xc8\x04\xe3,\x10\xa6\x5c\xa2\x9a\xedo\x02\
\xff|\x03HW\xfb\x8a\xcbq\xfe\xf1\xcb\x11\xcc\x9e\xef\
u\xde\xc4\xa0T\x05\xe2\xdf?\x87\xe4\xd5\x97\x1dq\x97\
\x1b=\x1c\xc5C(\xe7\xb6x\xfd\xd3\xb0\xbbw\x02\xcd\
\x19\xc4\xeb\xeb\x10?\xb9\xd8\x85B\xb4\xe6g\xdeJ\x0c\
\x9a\xf3\xb4\xa5\x05\xc1\xf4\x07\x10\xce{\xdc\xcbc{\x9b\
\x9f\x83\xdf\xb3\xe7\xd8;\xb9\x10\xe4\xa4\xa5\xdaA._\
\x18|\xf2\x8fz$\xcf\xff\xda{2\xafD\xb6/\x08\
\x18\x03\xdb\x94\x01*\xab\x80 t\x16\xd5\xaf\xbf\x8a\xf6\
\xf9\xf7\xc0\x1e\xfc\x8f?\xce\xe0\x9b2P7O\x86\x1c\
;\x01\xf2\xda/!\x5c\xbc\x1a4\xe4\x93.T\x5c\xee\
\xb8:!a\xcf4AM\xbb\x17r\xe4(\xa0\xbd\xdd\
\xe5\x83\xd9\xbf\x17\xf1\xeaeN}\xceG\xcdU\xfa\x83\
\x12`kI\x09\xf5\xed\xef\xfb\x8e\x90\xab#\xcf\xc6!\
\xd3\xda\xea*\xaa#\xd9\xda\x021b$\x82\xbb\xees\
\xaeg\xe9\x94\xc3F8\x12b\xd4\x8d\xb0\x8d'\xfc\xf1\
\xe3\xc7\xa0\xbe9\x11\xc1m\xdf\xf1I\xcb:\x9fiD\
\xb4\xe2\x11\xdfR\xe4\xab\xf29\xf8\xbbcPB\x9f\x84\
\xbb\xb0\x1a3\x01\xa9\x05\xcb\xbd\x85\xb8W\xe7\xe3\xf9\xfd\
\x1avwe\x15\xc29\x0bsUU\xf0\xae\x18\xf4\xbe\
w!j\x07!\x5c\xb0\x1c\xc1\x94i\xa0\xc1C\xa0\xbe\
u\x07\x82\xbb\x1f\xf2\xc6\xe0\xd8\xb7\xd6\xcbo\xc3!\xef\
\xc9\x1eT\xddB\x83\x92$)\x1dm|A..\x87\
\xf6#Z\xb9\x08\xe6\xc0^\x1f\xabn\xd1\x91A\xf8\xd0\
b\xa81\xe3=\xb0\xb6\x16d\x17?\xe8\x16+\xc1\xbd\
\xf3\xa0n\xba\xc5\x07\x05+M\xbe:'\xac`!\xa2\
\xb5+\x91\xfci\x83\xaf\xc8\xe7\xb6\xcd\xec\xd9l\x16t\
\xc5p\xa4\x1e_\x9bk\xea\xec\x07\xac\x03.6\x01\x1a\
:\x1c\xa9%\xab!G\x7f\x038\xd3\xec\xe2;\x982\
\x15\x92\xc1\xbb\xe6K zj\x19\xcc\xde]\xce\x1b\xf1\
SK\x11s\xc3\xe6~,|\xeb\x1c\xc7\x0e|\xf2\xe7\
\x8dH6\xbd\x00\xaa\x19\xd8M\xcf\xdf\xfdZ\xab\xa4\x8c\
r\xa1\xd2\xef\xec\x84y\xeb\xefP\xdf\x9d\xeet<\x9c\
\xbb\x14\xe6\xed\xb7\x5c\xcc\x8a\xcf\x7f\xd1\xe5\x86\xb3\xe8\xb3\
u\xd0o\xd6\x83jj\xbd\xa4V\xf5sm\x03\xafs\
\x83\xe9s\x00\xde\x00$\x82\xde\xb1\x0d\xf1\xbaU\xb9v\
\xc2\x94\x80\x96[\xf0\xe7\xdf\xf7\x9a\x80\x9b\x80\xa0\xeb\xb7\
 \xd9\xb0\xce\xa9E0k\x1e\xc4\xa0\xc1\x10\xa3n\xf0\
_a7\xa7RN\xbf\xf5K\xcf\xe7d\xb0\xd3\xa2\xbc\
hI\xfe\xf8;\xd8\x13\xc7\x10\xdc=\x17hiF\xf4\
\xe4b\xef\x11\x97\x07\xa6\xc8\xb5{\xbe\xca-A\x80r\
\xdb\x1a\x09\xe8c\x97\xc1\xec\xd8\x86\xe8\xe1Yn\xc1!\
X\x06\xb92WVA\xbf\xb3\xc3\x17\xb4~\xe9\xf3U\
\x84;\xd0\xea\x810o\xbc\x86\xec\xbe=\x1e\x16\x87\x1f\
\x87eO\x93\x96J\x9f\xee>\x07\xb8o\xe1\xae2]\
\x0d{\xf28\xa2G\x1f\x80\xde\xf2\x12\xa8\xb2\xcaIc\
\xbcr\x11`\xf2\x0dZ\x01Ws8q\x15\xce\x9c\xf6\
\xbb\x0ea/\xc0\xe3\xc3\xb4\x12\x1dqG\x9d\x92\xc9\x96\
\xd3\x1a\xf1\xaf\x9e\x80\xd9\xbd\x03\xf6H\x03\xcc\xa9\xe3\xa0\
\xaa\xb4\x07Zl\xb86#w\xa9\x92q\xdf\xfbH\xea\
\xddz\x80-\xc7\x96\xee\x97\x86\xae\x7f\xc5I#q\x9b\
P\x0a|~\x14\xf2N\x1f\x8c\xde/h\xf2[\x82N\
Er\xa4.\xd8\xa0\x0b\xb8\x22\xbb\xa0\xc0{\x1eB\xa2\
/&\xb9\xb4=`\xfdN\x82\xdf=F\x99\x86\xe8\xec\
\xb7\xf2\x1b\x5cE\x06\xefN\xbb\xbbe\x85N\xba\x83\xdc\
}f\x1a\xf9\xc6B\xb1\xad\xee\x22?<_\xc8z<\
H\xb8.\x97\x86u\xdd\xf4\xa2\xa2\x1eh\x16BTk\
\xad\xcf&\xc2\xbbh\xc6@M\xba\xc3k7\xafw;\
Ns\x22\x17\xbbz\xb1s]\x0e\x9ew\xde\x9e}\x9c\
/\xa35\xe4\x98\x09]\xcewBc\xa3K)Ik\
\xddDq\x1coSJ]\xcf]i\xc1;4R^\
\xb44\xb0\xfc\xaf\x80\xd7\xad\xb5|\x87\x86;\xe9\xedJ\
\x08\xb1\x19\x0077\x85e\x85\x17#\xe5P\x9cB\xf7\
_x\x87\xae\xf0\xfe\xa8;+\x84\xd8\xc47\xf9\x86i\
\xad\xffMD\x95\x1f\xb1\x9b|mR\xca/\xf0m\xd6\
\x03\xd6\xda\x15L\x87\xef\x80\xe3\x12\x1fD\x143Vk\
\xed\x13\xfc\xe8A\xc7\x8dnc\xccV!\xc4G\xe9F\
\xf78\x0e\xfb\xae\x8f\x1a\x0c\xd0Zo\x94R^\xd2\x8f\
\x1a\x18c\xfe&\x84\x98\xcc\x0f\x82tl\xfety\xd8\
C%I\xb2H\x081S\x08qI=\xec\xa1\xb5>\
IDk\x84\x10K\xcez\xd8#\xff\x85\x02\x8f\xdbL\
5\xc6\xdcj\xad\xbd\xcaZ[Sn/\xe4\xac\x9f\x11\
B\xec\x05\xf0\x17!\xc4\xbaB\x8f\xdb\xfc\x1f-\x88\x80\
\x06[pe]\x00\x00\x00\x00IEND\xaeB`\
\x82\x89PNG\x0d\x0a\x1a\x0a\x00\x00\x00\x0dIHD\
R\x00\x00\x00@\x00\x00\x00@\x08\x06\x00\x00\x00\xaai\
q\xde\x00\x00\x0c!IDATx\x9c\xe5[\x09\x90\
U\xc5\x15=\xb7\xbb\xdf\x9b}\x06D\x88\xc1\x80\x06+\
q\xb7\x5cR\x11%\x16\x09JT\x8cFp\xab\x90D\
\xb3(*q\xc7%1\x88\x09n\x98\x025\x8a\xa8\x18\
\x0d&P\xa9\x18dL@c\x15B\xc5\x8a\xa8A(\
\xc4\x121\x8aFD'\xc8:\xcc0\xdb\x7f\xaf\xbbS\
\xb7\xfb\xbd\xf9\x7fF\x98\xffg\x1c\xccg<US\xf3\
\xff{\xfd\xde\xef{\xfb\xde\xd3\xf7\xde\xee&t\x82\xb5\
\x96\x00\x10\x11\x19\xfe\x1c\xc7\xf1iB\x88\xb3\xac\xb5\xc3\
\x01\x1ch\xad\xad\xe1\x9b(BXk5\x80\x9dD\xf4\
\x81\xb5v\xb9Rj\x01\x11=\x9b\xdc\x13\xfc\x8f\x88l\
\xee3\xd4\xe9\x05\x82\x05\xe7\xcfQ\x14\x9d\xab\x94\xba\x16\
\xc0\x89\xb9m\xb4\xe6\xdf(^H);|7\xc6,\
3\xc6\xdc\x1b\x04\xc1S\x9de\xec\xa0\x80\xf4\x86\xb5v\
\x901\xe6a!\xc4X\xbe\x1e\xc71k\x8c\x1fH-\
\xa3(G?\x85\xb5\x96\xfb\x9b\xfe\x09\xa5\x94\xeb\xaf1\
\xe6\xa9\xa6\xa6\xa6\xcb\xab\xab\xab7\xe7*\x81\x92\x87\xdc\
\x85\xe6\xe6\xe6\xa1a\x18>+\xa5<<\x8e\xe3\x98_\
@Dl:{-\xac\xb5,\xa8UJI\xad\xf5\xda\
(\x8a\xce(++\xfbO*3%\xbe\xc1\xe8\xa7\xb5\
~QJyh\x1c\xc7\x11\x11\x05\xe8C\xb0\xd6FJ\
\xa9@k\xfd\xa6\x94\xf2$\x00\xf5|]\xa4\x84\xa7\xb5\
~\xac\xaf\x0a\xcf`\x99X6)\xe5a,k\xe2\x02\
\x94\xba\x00\xfb\xfb\x026{\x22R\xe8\xc3\xb0\xd6\xc6J\
)\x15\xc7\xf19A\x10,\x10+V\xac`\xb3\x98\x9c\
\x90FQ\x13\x5c/\x81\x12Y'[k\x15EQ\xf4\
-)\xe5Rc\xcc\xe7E\x01n\xa6\x90R\x92\xd6z\
\x8c\x12B\x9c\xcf3\x1b\xb3%\x11u\x9cD\x8b\x19<\
\xdb\xa53\x9e\x1b:\xca\x0e_\xfe\x89+\x95\xf5le\
\x8c\x19!\x84pL\x88\xbdEP!\x00\xe5\xa9*\xed\
t\x87\xf0.\x7f\xb0\xe6\x1e#\xa2\xe3\xf9-C|\xec\
\xe0f\x84\xe2\x811\xbb\x17\xd4\x18\xd8\xfam\xb0[7\
\xc1n\xac\x83\xfd\xef\x06\xd8\xba\x0d\xb0[6A\x9e>\
\x0ej\xf8HX\x1d\xef\xd6\x128\xb6a\x99\xad\xb5_\
\xe6\xb7W\x19\xfe\xb1bC\x10\xb8\x91\xb7[7;\xc1\
\xec\xc6\x0f\xbd\x90u\x1b`6\xd5\xb9\xebhl\x80m\
k\x05\x8c\x06\x85%\xb0\xdb\xb6@\x1cr$p\xc27\
\x01\xa6\xb4.\x1c:\x91\xb9B\x15\x9d\xdf\xb35J\x09\
\xbd\xe2%\xc4\x7f~\xdc\x09\x8f\xa6F \xd3\x06k\x0c\
(\xb5\x0a\xc9\x7f\x12TY\xe5?75B~\xfd$\
\xa8\xb1\xe3a\x8d\xf6\xd6\x93\x07D\xc4O\x16\x19X\x01\
D\xd0\x0b\xe6\xc2\xacY\x05\xea?\x00P\x01\x10\x96\xf8\
\xa8\xc5q\x82k\x98p\x03\x80\x96&PM\x7f\x04\xd7\
L\x01\xca*\x808*\x84\x08\x1d\x8a\xcb\xefs \xc7\
\x9c\x03\x94\x94\xfa/,9\x8f*\x93\x1b\x9b.\x87\xf7\
\xa9\xf0\x09W\x04\x93~\x0d\xdao\x7fNc\x0b\x16\xbe\
8\x15\xc0\xa6\x1b\xc7\x90\xdf8\x19\xe1\xe57\x02-\xcd\
\x80f\xa1v1Iq\xea\xbb\xb3\x11\xc1EW@\x1c\
v4\x90\xc9\x14d\xfa\x1d~\x0e\xc5\x08\x166\x8e \
\xbf\xfd]\x84?\x9f\x06\x04\xa1\x1f\xe9\x5c\xb0\xf76\xd4\
C\x8e>\x13\xea\xf4q@\x94\xf1\x0a\xe9&\x04\x8a\x15\
\xe9\xc4\xbe\xef\xa0\xac\xb9\xa7\x10\x12h\xde\x09:\xe8\x10\
\x04\x17_\x0b\xcb\xae\xd1\xc3\xac]\xa0\x18\x91\xcc\x04<\
\xd7Gw\xdf\x0c\xb4\xb6x\xa1s\xac\x03e\xe5\x08\xaf\
f\xd2+\xf7\xd6\xd1\xc38N`O\x83;\xe7\x88\xcb\
z\x22\xcb\x07\x17\xf4\xf9\x11\x8f\x1e\x9c\x06\xfbq\x9d\x17\
\xd2\xd55\xbc\x02x\xee\x0f.\xbf\x09t\xc0\xb0\x1e\xf9\
\xfdg\xa7\x00k}@\xc3\x7f<w\xb3/\xb7\x87\xb6\
\xbb\x01+)\x08\x10?\xf9{\xe8\x7f\xbd\x00T\xd5d\
C\xdb\xc4\xef\xd5\xb8\x1fB\x8e\x18\xe5\x85O\xfd>\xe5\
\x88TQ\x05BaO\x81;\x14\x040\xab_E\xbc\
\xe8I\xa0\xb9\xd91;\x87\xaa\xee\x1e\x0b\xd5y\xe4\x5c\
D\x17B\xbf\xfa\xa2S\x00U\xf5\x038\xa4e\xb0\xa0\
\x8d; \x8e=\x01\xc1\xf8K\xdcL\xd1\x81\xf4\x92\xc8\
\x11\x1c\xd7u\xa3p\xab\xb0'\xc0\x82\x04!\xf4k\xcb\
\x91\xb9m\x92\x1fU!\xa1W/\x87Z\xb7\x16\xc1e\
7\xfa\x0e3s\xa7\xbe\xed\x14\x16\xc2\xd4mp\xa6\xef\
\xac%eBVT[+h\xe0~\x08\xae\xbc\xd9\x7f\
w\x8a\xa1v\xbe\x88\xff\xfa'\xe8\xa5\xcf@\x9e8\x0a\
\xea\xfc\x1f{%\x14\xc0\x0b\xa2\xd7\x85\xe7\x0e\xa9\x00f\
\xcb&D3\xef\xf2f[Y\xe3\xfc\x98\xfa\xef\x8bx\
\xf1Bd\xa6^\xe7\xe2v'$w\x94\x9f\x11\x04\xb4\
\xb5!\xba\xffv\xd8\x86\xfa\xac\xbb\xa4\xcaao\xbaz\
2h\xc0\xa0l\xa4\xc7\x8aU\x0a\xd1\x1f\x1fB4{\
:\xec\x87\xeb\x11/\x98\x0b\xbb\xf1#\xefr]\xb9\xda\
\xa7R\x80\xed\xea\xc5\xde\xc7\xa3\x87\xee\x86\xdd\xf21P\
R\xe2G\xcb\x99}\xecBV\xf3\xc6Jdn\xb9\x02\
\xf6\xfdu\xce\xe4\xdd}\xa9\x10\xcd\x99\x09\xf3\xe6j\xa0\
\xa2*K\x98.\xd8i\x80\xbap\x22\xe4\x11\xc7&\xa4\
\x97\x989[\xd9\xf3\x8b\xa0\x9f\xfa\x03h\x9f\x81@y\
\x85\xefA\xc3\x8e\x02\xfa\xd9\x13\x05\xd8\x84\xc0\x92\x14\xf5\
\x13\xc1\x09wJ\x05\x88\xe7?\xe1\xfc\xb8\x03\x81\xb5\xb7\
\x89\x81\xcaj\xc7\xeemS\xaerI\x0f\x95\x94B/\
^\x08\xfd\xf7\xf9@u\xae\xdf+g\x0dr\xd4\x19P\
g\x9e\x0f\xcba.+\x84\x7f7\x0c\x9d\xb2\xa2G\xef\
\x01**\xb3\xb3\x0d\x12k\xeau\x0e\xb09\x8276\
8!\x5cg\xb8S\xec\x93)\x81\xad|\xc5eq\xe4\
\x84O\x04a\xa4\x81\x0a\xb34+\xa5\xb4\xdc\xcd\xef\x99\
\x19S O\x1b\x0b\xfd\x8f\xe7\x80\x92\xb2,\x8b\xbb`\
\xa7\x09b\xd8\xc1\x08&L\xca\xfatB\xae\xac\xc0\xcc\
=\xb7\xfa\xf6\x22\xc8\x89\x05\xd2\xbf\xdeT\x805~4\
6~\x84\xe8\xb1\xfb`\xd6\xbf\x071` \xd4\xf8K\
 \x8e<\xce\xf9.\xc2\x00f\xf3\xc7\x88f\xdd\x95U\
\x94\x97\xdc\x8fJk\xb3WBii2Z~\xbac\
\xc5\xea\xday~\xaeO\xfd6\x0dvJ\xcb|\x86\xc7\
\xa6\xed\x92\x9c\xa4\x1a\xd4\xda\x82\xe8\x9e_\x01\xcc#<\
\xfa\xa9\x95\xe5\xb7\xf8\x1e\xba\x00\xf9\x04%\xf3\xc0\x1d\xd0\
\xcb\x96\xba\xe9\xc8\xfc\xfb\x0ddn\xbb\x1e\xf1s\xb5 \
\xf6s\x10\xa2Y\xd3`\xb7mv\xa9k\xd6\xff\xbci\
\x06WM\x868\xea8\xd8\x1d\xdb\xb3\xd3W\xda\x86s\
z\xfe\x8d\xf4\xbb\x0bvZ\x10\x5cv\x03\xc4\x01\x07e\
\x83\x9d\x84\xf1\xa3G\xa6\xc3\xbc\xf5\xba\xe7\x8a\x0e.\x96\
}\xbe\xf7,\xc0$\xf3\xf9\xfau\xb0\xef\xac\x05\x0d\x18\
\xe8\xaf\x95\xb3\xdfi?e\xd5o\xf3#\xb9\xf2eP\
\x0d\xfbp\x0e\x81q\xe0\xf2\xa3+\xa1F\x9e\x0ay\xfc\
H\xd7\xf9x\xc9B\x10\xfbz\xca)\xb9\x5c\xc2\xb3\xc6\
\x8emP\xe7\x5c\x04y\xd2)\xd9`G{\x17\x8b\xe6\
?\x81x\xc9\x22G\xa6\x1d\x5c\xac\x87Py[$\xda\
$\xf6\xcf\x94\x80\x5c\xb8\xea}\x92\xaak\x10?9\x07\
\x90\x02TU\xdd!js\x046\xe2d\xa8\xb1\xdf\x87\
eA\xc2\xd0Oe\x83\xf6s<\xe1\xcc>}g\xaa\
\xb0\x9d\x0d\x10\xc7\x0cG\xf0\x83\x09\xd9`\x87\xdf\x19\x86\
\x88\x97-E<ov\x12 u\x11\xect#-\x10\
\x05) \x8e@\xfb\x0f\x85\x1cy*\xec\xf6\xadNX\
w=\x1d\xc1\xf2\xf2\x8ef\x9f\xf8\xa9\x18<\x04\xc1\xa5\
\xd7g\x0b\x9c,P[\x1b\x82\xef]\xec\x5c\xc2]\xcf\
\xb4\xf9Qg\xffoiq\xf3\xbc\x0fvr\x02$f\
\xfc\xf7\xdeF\xf4\xe0]I\x91\xc4\xe6\xab\xf7\xf6\xa2\x02\
\x1c\xc8i\x9cSOu\xc1O`\x1bwd\x85b\xa4\
\xc9N\x0aw\x8f\x9c\x90\xdeT\x93\xd1\x0aC\xc7\x17\x9c\
\xbe\xaaQc\x10\xde2\x03\xd4o\x80\xaf\xf0\xb2\x1b\x95\
\x96:\xd2\xa3}\xbf\xe0\x95\x95ZR\xfdvD\xcc\xf8\
lE\x5c\x1e\xebr~\xef^V\xa8\x0aj\xe5\x8bq\
\xee\x7fx\xd1\xcf \x06\x0fE\xf4\xbb{\xbd\x0f\xf2\x88\
\xe4\x9a#\x9b\xec\x8ez\x04\x97N\x828\xf4(\xdfi\
~^)\xe8eK`V-Gp\xe1D\xd8\xea\x1a\
\x88#\x8eA\xf8\x9bG\xfd\x14\x18e\x9c\xbb\xd0\xe0!\
\xd9\xa95\xc9 \xa3\xdfNuQ\x1er]\xac\x97\xa0\
\x0ao\xeaM\xde\xb6\xb5A\x8d>\x134\xf8K\x88\xee\
\x9b\xeaj\xf3.&\xe0Q\xe7\xd1\xda\xbe\xd5\x13\xde\x19\
\xe7yA\x18A\x00\xbdd\x11\xa2\x07\xee\x80\x8dc\x98\
w\xdfBx\xd3\x9d\xae\x86\xc7d\x18\x9c=\xde5s\
\xe3\x1a\xa7q\x85'\xdfh\xf6\x0c\x98\x95/\x01\xb9\x96\
T@W\x0b\x85(\xbci2\xbal\xc2\xad\xad\x90\x87\
\x1f\x83\xf0\xf6Y\x10\x07\x1f\xe9\xe3\xfa\x96f\x17\xfa\x8a\
a_A0\xe1\xbal\xf12\x8d\xd8f\xcfp\x15[\
\xf6q\xbb\xfe]\x17\x0a\x9bw\xdet\xc2\xda\xd6\x16O\
\x92l\xf6<\x1d\xba07\x80~f>\xf4\xa2\xbft\
O\xf8nj\x80\x92-0\x05\xb4$Gl\xbc A\
C\x0e\xf4\xe4\xc5\xc4\x97is\x99\x98Y\xfb:\xe8\x8b\
C\x1c\xe3\x13\x97\xb1\xf8~P\x02\xbbe#2\xbf\x9c\
\xe8}\x9c\xdbs\x00\xc4\xa4\xc7U\x9e\x92R\x84\xd7L\
\x81\xfc\xda\x08\xaf\x00g\xf6&\x9bI\xde~\x83S`\
;\xe1\x16\x02c\x10\xde\xf9\x10\xc4\xb0\xaff]\xe9S\
+\xc0xs\x8c\xe7\xccDT;\x0f\xc1O\xaf\x81:\
\xeb\x82v\xa2\x22\xa5\xda\xd7\xd6\xdd\xcb\xd2\x1f\x8e#\xb4\
\xfd\xfaZ\xd8\xb5\xaf\xfb`'w\x14\x93\xfb\x8e\x5c'\
L\x82\x1a}\x96\xaf\xedq)\xac\xee\x03dn\x9e\x08\
\xdb\xd2\xb4\xeb\x82h/*@\x14\xf4\xd2\xc4'\xf5\x9a\
\xd7\xc0k)\xf1\xe3\xf7!\xba\xff\x0eO\x82,<\x8f\
f\x1c\xc1r~\xcfB18bc\xff}c\x95\xe7\
\x88\xce&\xec8\x83\xabE!\xa2Yw#3g&\
\xd0\xd6\xe2\xf2\x8c\xcc\xf4[}J\xec,\xa6\x9b\xcbv\
\xbcH\xdc\xab\x91`\x8a\xd4\x049\x06\xa8\xec\x8f\xf8\xf9\
\x850u\x1f \xe4\x10w\xf0\x10o\xc2\xb9\x11[\xed\
<\xe8\xc5\x7f\xeb:bc\x8e\xe0\xce\x96W\xb8|\xc0\
\x91\x9d\x90\xb0\x1f\xad\xf7\xf1\x7f\x8f\x18?Gx\xeam\
\x12\xa4D\x11,dM\x7f\xd8\xb7\xd78\xff\xd6+\x96\
%y\xbd\x17>\xe6\x92\xd6\xdc\x87w\x9d\x0ewF\x1a\
LU\xd5\xb8\x0c\x8f\x17?9\x09\xea\xf6\xc8\xf7\x10\xa2\
{\xcdsT\xca\xa3ZQ\x09\xdb\xdc\x84\xcc\xb4_ \
\xaa\x9d\xeb\x847\xef\xafs\xd3\x9d\xcb\xf4\xba3\x1f\xb9\
\xec0\xf4\xa4\xf7\x19\xaeV\xabO\xf5tR\x00q5\
\xb9'fA/\x7f\x11\xe0P\x99\x97\xb38@\xea\xae\
 \x852}^\xec\x09\x0e\xd8\x1d\xd2\x02Fe\x95s\
\x09\xbf\x92\xdb\x03\xe1{\x13\xdd0<\xd5k?\xca\x02\
\xbb\x05\x0c\xf6\xe9\x22\xdcp\xd1+\x0a\xa0<\xf7\x8ba\
\xa7I{Y\xac\xb7I\x90\xb0\xf7`\xcf\xe4\x02\x84\xbe\
\x08\xd1\xad\xd6\xaen\x87\xe2\xc7\x1e\x89\x04\x19\xae\x04-\
\x93\xa4\x05E\x08N\x9a:\x15g\xf2@\xf11\x93\xbc\
;\xc5\x92d\x88*\xaa`\x1a\xb6\x83l\x92\xff\x17\x13\
\x5c\xe9.\xf6\xc5Z\xde(\xe5\x94@y\xb7\xcc*^\
\xe6\x10B\xf4\xebr\xaf`\x92\x8e\xf2\xf2\x94KPx\
o^W)j\xbe\xa53\xf7\xaf=w\xfc\xe4\xbdN\
\x1fw\xfd|n\x03\xbfM\x96\x8b-\xea\xe4\xef\xb8\xa2\
\xab\xaf-\xec^\x01\xbc;Vk\xbd\x83\xd3\xe1UR\
\xca\xa3\xe38\xe6\xfd\xb3]sB\x0f\xf6\xe0\xfc_\x90\
'\xff\xe0}\xd1J)\xa1\xb5^\xcd.\xf0\x12\x80\xa3\
\x0bZWa\xad\xa6+7\xc5\x0a\xb7\xd2\x9c\x97\xdb\xfd\
NCk_\xe1\xed\xf2\xa7H)\x17\x7f\xde\xb6\xcb\x0b\
!\xc8\x183\x8aOU\xbd\xc0\xa6\xc0\xc7\xcd\x92sw\
}\x1a,\xa3R\x8a\xf7\x0a\xbf\xa6\x94\xfa'\x9f\x9c\xe2\
\x12\xcem\xb9\x15\xad>\x0eg\xe9J\xa9\xa9D\x14\xf3\
\xb6q\xc9\x87\x0a\xb5\xd6\x0b\xf8,\x0d\x9f\xaeB\x1fE\
rrLi\xad\x9f&\xa2Z\x96\x9d\x8f\xcd\xa5\xd9C\
\x8d\xd6z\xd9\xe7\xee\xd8\x1c%gi\x89h\xbb\x94r\
\x0c\x1f.\xe4\x86|\xba*9t\xb8W\x83eHN\
\x8a\xb1\xf0k2\x99\xcc\xe9D\xb4\x8d\xef\x11\x1f\x9c\xdc\
\xc5\xd1\xd9}\x8c1\x8f\x08!\xce\xe5\xeb\xfe\x00)t\
\x1f8:[+\x84\xb8\x84\x88\xb6~\xe2\xe8l\x8a\xdc\
\x1b\xd6\xda\xf3\x8c1\xd7\x11\xd1\xf0\x5c\x99\xf7\xc6\xc3\xd3\
B\x88\xe9D\xf4t\x97\x87\xa7\x91 \xe1\x04\x1e\xea4\
X\x18m\x8c\x19g\xad=\xd1Z;\x94\x8f\xd8\x14\xdd\
)\x93\x04\xc94\xde\x98\x1c\x9f\x7fY)\xc5d\xf7\x5c\
ro\x97\xc7\xe7\xff\x07\xc4\x9fq\xa5\x8a\xbb\xd2\x90\x00\
\x00\x00\x00IEND\xaeB`\x82\x89PNG\x0d\
\x0a\x1a\x0a\x00\x00\x00\x0dIHDR\x00\x00\x00\x80\x00\
\x00\x00\x80\x08\x06\x00\x00\x00\xc3>a\xcb\x00\x00\x1aQ\
IDATx\x9c\xed]\x0b\x98UU\xd9~\xd7\xda\
{\x9f\x19`\xb8\x0b\x82\x9a\x97\xdf2E-/\x99\xf7\
_4\xe5O\xea/o\xf5wAM-\xcc\x1bj\x1a\
Z\x9a\x88\xe2%MP\xf1\x92\x80iYjYF$\
I\x89\x0a\xa9\x85\x06i\xa2\xa8\x88\x82\x80\xdcT\x1c\x86\
\x19ff\xefu\xf9\x9fo\xad\xb5g\xce\xc0\xcc9\xfb\
\xcc\x9c33g\xd8\xef\xf3\x8c#\xe7\xecs\xf6\x9e\xfd\
~\xeb\xbb\x7fk3\xb4\x03Zk\x06\xc0c\x8c\x89\xac\
\xd7\x86\x00\xd8_Jy\x04cl\x84\xd6\xfaSZ\xeb\
]\x00\x0c\xe4\x9cWh\xad\xdbs\xaa\xed\x16\xda\xde\xb0\
Z\x00u\x8c\xb1\x0d\x8c\xb1\xb7\x95R\xaf\x01X\x14\x86\
\xe1\xa2>}\xfa\xac\xc9:\xd6\x07 \x19c\x05\xdfd\
\xd6\x8e\x0b#\xe2\xa5\xfb\xff>\x00\xbe\x0a`\x94\x94\xf2\
D\x00\x83=\xcf\xf3\xb2\x8fWJ\xd1q\x85\x9e&\x05\
\x00\xce9\x18kI\x11\xddK)\xe5\x07\x9c\xf3\xa79\
\xe7\x7f\x02\xf0X\x16\x1fM\xdc\x14]\x00\xb4\xd6\x9c~\
\x91\x94i\xad{GQt\x06\xe7|\x9c\xe7y\xfbd\
\x93\xad\xe8?\x80v\xdf\xcd\x08\x85\x5cP\x8aV5\x01\
\x81\xee+\xdd\xd0\x16kL)\xf5\xb2\xd6zFmm\
\xed#\x03\x06\x0c\xf8\xd8ig\xba\xed\xe6\xf8|HD\
N\xb6d\x09!\xbe\x07\xe0\x12\xcf\xf3F\xd0\xbf\xa3(\
RN\xf5\x90\x80\x983'\xf9\xce\x14\x1d\x16\x0a\x22\x98\
\xf9\xbeo\xee\xbbR\xeaU\xce\xf9d\xc6\xd8/\x0b\xd1\
\x06y\xc9\x8a\xbf\xa8\xa1\xa1a\xef\x8a\x8a\x8a\xdb\x01\xfc\
\x0f\xbd.\x84\x90\x8eos\x01)\xba\x06Zk\xa3q\
}\xdf7jA)\xf5D\x14E\x97UVV.M\
\x22\x049\x05\x80\x9c\x0br\xf4\x84\x10\xdff\x8cM\xe1\
\x9c\x0fI\x89\xef\xbe\x82@\x9a\xd8\xd9\x87\x0dB\x88\xef\
\x06A\xf0g\x12\x02\x92\x8b\xb6\x1cD\x9e\x8f\xfc0\x0c\
\xc7z\x9e\xf7kG\xbe \x1b\x94\x92\xdf\xfd\xe08\xf1\
\xa2(\xa2\x05:\x9416S\x08q\x85\xd3\x00\xe4\xb8\
\xb5\xba\xd8y[\x0e\x9f[\xf9W\x06Ap\x9f\x94R\
\x09!H\x8a(\xdcH\xd1\x8d\xc19\xf7\x88+\x22\xdd\
\xf3\xbc\x9b\x85\x10\x13\x9cC\xd8*\xd7\xdbHEl7\
\xc8\xd9\xf3<o\x9aRJ*\xa5H R\xe7\xae\xfc\
\x1cE\xf2\x0dx\x14E\x17d2\x99{b\xad\x9e}\
\x1ck\x8d|\xad\xf5\xff\x02\x98%i\xe9+\xc59\xe7\
)\xf9e*\x04\x9cs\xa5\xb5&m\xfe\x8d\xca\xca\xca\
\x99[;\x86l\xeb8\xbf\xbe\xbe~\xd7 \x08\x16r\
\xce\x07+\xa5(\xeeO\xed}\x99;\x87\xa4\x05\x94R\
\xeb8\xe7\x873\xc6V8\x13o\xf2\x04-\xc8%O\
\xd1\xf7\xfd\xe9\xbe\xef\xef@\x09\x9d\x94\xfc\xf2\x07qH\
\x91\x1b\xe7|X\x14E3bg0\xfem\x08vj\
\x81\x1c\xbdo\x06Ap\x82\x94\xd2x\xfb]}\xf1)\
\x8a\x03\xe2\x92\xccy\x10\x04_\x90R~\xcb\xad~+\
\x00\x13&L ! ;\xb1\x03\x80[b\xd3Q\xa4\
s\xa7\xe8&p+\x9ex\xbeNk=8\xe6\x99e\
\xc5\xfb\x17\x06A0\x95\xd4E\xba\xfa{&\xb4\xd6\x92\
2\x86Q\x14\xfd8\x93\xc9\xdcD\x9a\xdf\xc4\xfbZ\xeb\
\x801viV\x11'E\xcf\x84\xe1\x961v\xa6\xe3\
\x5c\x1aU/\x84\x18\xed\xfb\xfe\x7f\x09!R\xaf\xbf\xe7\
;\x84\x14\x15|:\x0c\xc3S\xe9\xa5\x98\xec\xd1n\xf5\
'*!\xa6(k\x18\x8e=\xcf;\x858\xe7\xae\xa9\
\xe3+N=\xa4\xb6\xbf\xe7\xc3p\xac\xb5\x1e\xa9\xb5\x1e\
F*\xe1\xbf9\xe7C)\xe9\xd3\xd5W\x96\xa2\xf4\xa0\
\x94\xbe\xeb1\x19D%~*\xee\x1cF\xb9^\xaa\x22\
Q!\xa1\x13\xae!Ek\x88\x1b\x7f\xe8wv\x0b\x1d\
e\xe1\x8b\xec\x96QN\x80\xa2\x01\xc6\xd81\xbe\xd6z\
_z1\xad\xf5t\x11\xd1\xa6\x81\x8b\x93Q&\x12\xcc\
[\xd9L\x98\xa3\x85hz\xaf\xc8\xd8\x8fr\x00\xbb\xb9\
\x7f\xa4\xde\x7fI\x89fT\xabm\x95hsd}=\
PS\x0d\xb5a-\xd4\x9a\x95\xc0G\x1f\x00A\x06\xfc\
sG\x82\xef\xf1\xc9b\x0bA\x9c\x01\xde\x8bEQ\xb4\
\xde\xf7\xfd\xa1R\x16\xd4L\x9a\x22\x86\xad\xba:\xa2\xd1\
L4YS\xc7W\x13\xd1\xf4~}\x1dt\xf5F\xe8\
u\xefC\xadY\x05\xbda\x0d\xf4\xda\xf7\xa17\xac\x85\
\xde\xf8!\xd0X\x0f\x1dE\xa4\xa7\x01\xad\xc0\x86\x0cG\
\xe6\x86\xbb\xc1\x87\xedl\x85\x80\xbe\xbb\x08\xa0\xc6!!\
\xc4\x87\xe4\x03\xf4J\xdb\xb6\x0b\x84![Y\x92}\x7f\
\xdb\xd5L\x8d\xd1u\x9b\xa17~\x00\xb5\xee}\xe8\xb5\
\xab\xa1\xd7\xbf\x0f\xb5\xf6}\x80\x08\xdfT\x0d\xdd\xd0\x00\
\x88\xd0\x1e\xeb\xf9`A`\xb5\x83\x9f\x01\xcbT\xb8\xd5\
\xce\x80\xda\x1a\xa0f\x130\x9cF,\x8a\x07\xc7y\x86\
\xae\xbe\xcavr\xa7H\x04\xbaq\x8et\xb3JIm\
\x7f\xb8\x1ez\xdd\x1a\xe8u\xab\xedj&\xd2?X\x0b\
\xbd\xb9\x06hl\xb0+Zkj\xe1\x05|K4\xab\
\xa8\x00*{Y\xc9\x89\xcd\x84\xe1DS\xc6\xde\x0a\xd7\
\x96\x1a\xf0\xfd\x0e\x06\xdfs/{\xae\x22\xad~\x82\xe3\
\xbc/\xf9\x00\xa9\xf7W \xf9D\xae\x9c;\x1b\xea\xf5\
\x97\xa1\xd6\xaf\x01\xb6\xd4\x01\x0d\xf5\xd0\x222\xab\xd6\x12\
\xed[\x12+*\xc1z\xf5n\xfe|\x8b\x9f6\xcc.\
QB\xdf\xd5\xbb\x0a\xfe\x19\xe7[\xa1!!*\xa2\x00\
\xd8\xd3\xa4=~\xc9A*\xdf\xf3\xa1W\xad@x\xe3\
x\xe8\xd5+\x0c\xb9\xf4\x9a!\xa6\xb2\x17\x18\xef\xd3\xbc\
\x8a\xb3\x89n\x87\x7f\xa5\xa3Fd\xce\xbb\x02\xde'\xf7\
\xb6\x82Ud\xf2c\xa4\x02\x90\x14\x8aT8\x83x\xf6\
I\xa8U\xcb\xc1v\x18j\x9d\xb2\x0e\x12\xbd\x0d\xc8\x0f\
\xd8T\x8d`\xcc\xb9\xf0\x8e\x19e\xcdG\x89\xc8'\xa4\
\xa1_R\xc4\x86\xb2woK\x92T\xd6\x81+\xa6\x03\
M\x1a\xa6\xa6\x1a\xde\xf1_F\xf0\xf5\xb3\xac\x19(q\
;f*\x00\x89\xc1\x8c\xe7\xec\x1du\x02\xd8\xe0\xa1\xc6\
\xb9+\xea\xca\xf4<\xe8Zr\xfa\x0eBp\xee\xe5\xd0\
F\x9b\xb8H\xa0\x84H\x05 )\x88l)\xc1\x87\xed\
\x84\xe0\xbb\x97Zu_,\xcf\x9c\xbe\xa3\xb1\x01|\xf8\
.\xc8\xfc`\xa2\xf5-H\xbbt\x82\x7f\x9e\x0a@!\
`\xcc\xd8d\xef\x88c\x11\x5c|\xb5U\xffQ\x07\x93\
3D\xb2#;\xb8\xf0*\xf0\xc1C\x80(,\xa9\xdd\
\xcfF*\x00\x85\x82\x88!!\xf8\xefQ\xc8\xfcp\x12\
\x90\x09:f\x0e\xa8\x0e\xb0\xa5\x16\xfe\xd7\xcf\x02\x1f\xf1\
\x19\xe7\xf4u^M.\x15\x80v\x0bA\x08\xef\xe0\xc3\
\x91\xb9\xeaV\xa0\xff \xa0~K\xe1B\xc0\x9d\xdd?\
\xea\x04\xf8'\x8f)e\xd1\xa7\xedK\xe8\xd4\xb3\xf5$\
p\xcf\xacV\xbe\xf7\xfe\xa8\xb8~*\xd8.\xbb\x01a\
\x98\x9c@\x12\x96\x86z\xf0\xdd\xf6Df\xece\xcd\xaf\
\xa7\x02PF`d\xbf%@\x99>\xd3O\xa3\x93\x7f\
\x8e\x1c\xc8L\x06\xc1\x05W\x82\xf5\xebo\xff\xdd\x05I\
\xd9T\x00\xda\x8b\xb8\x96/\x15\xc2\xc9\xd7B\xadz\xd7\
z\xefI\xf2\x02\xe4Ln\xa9C\xf0\x9d\x0b\xc1\xf7\xda\
\x17\xba\x13\x9d\xbe\xad\x91\x0a@{A\xa5Z\xcfG\xf4\
\x9bi\xd0\xaf\xbc\x04\xd6\xd7\xad\xe2$\xf1~\xcd&\xf8\
_<\x09\xfe\xa8\xaf\xba\x1c\x7f\xd75b\xa5\x02\xd0\x1e\
(\x09\x16d \x9e{\x0ab\xd6\xc3@\xac\xc2\x93\x90\
_W\x0b\xbe\xdf\x81\x08\xce\x1ag\x93=]\x5c\x8bK\
\x05\xa0PP\xcc\x1ed\xa0V,C4}\x0aX&\
\xa9\xda\xe7@\xd8\x086p02\x17]eK\xc1\x9d\
\x94\xec\xc9\x85T\x00\x0a\x01\x11Mu\x80\xbaZ\x84w\
\xdfl\x9a>L\xd97\x9f\x00\x10\xc9ZC+m*\
|\x94\xf1\xeb\xccdO.t\xfd\x15\x14\x05\xd4D!\
\xdd\x8fjj\xa7*\xc9y8G\xf4\x8b;\xa0\x97\xbe\
\x0e\xf4\xaa\xb2\xe7K\xb2\xfa\xeb6#\xf8\xc6\xd9\xe0\x9f\
;\xa2\xd3\x93==\xbb\x1clZ\xaa< \xf0ms\
\x8d+\x9f\x985int\x91\x0a*\xd2\x86mb\xf6\
\x1f \x9e\x9e\x0d\xd6\xb7\x1f\xa0Z\xec\xb6\xd2\xb6\xdd\xdf\
\x5c\x03\xef\x88\xe3\x10\x9c<\xc6\xd6\xf6\xbbQ\x0f\x8e_\
\xfe\xf680\xb6U.|\x01z\xe9\x12\x93Yc;\
\xee\x04\xfe\xf9\xa3M\x92\xc5j\x03\xd7\x95\xdb\x81\xf3\xb0\
L\x06r\xc9\x7f \x1e\xba\xc7v\xf8$\xb1\xfbq\xb2\
g\x97\xdd\x10|\xffr4\xed\xd3\x95\xefZb\xad\xe2\
L\x87\xf9]\x22\xa1\xa1\xad\xc0t9\x93\xaf\xde^\x02\
1m2\xd4\xb2%\xd0Y\xea\x98\xf5\xea\x03\xff\xc4S\
\xe0\x8f9\xd7v\xed\xb4\xb7\xb1B\xdbN ToD\
\xc3\xd5\xe7\x03\x1b\xd65W\xeb\x92\x14y\xb4Ff\xc2\
\x14x\xfb\xc4y\xfe\x1c\xd7\x10\x0bU\xdcs\x98\xfd\xb7\
\x96\xa8q\xd7/g\xf2\xf5\xf2e\x08\xaf\xbf\x1c\xd8\xbc\
\x09\xa8\xea\xd7R\xd1K\x09\xf1\x87_\x99\x8e\xdc\xe0\x82\
\x1f\x01\xa4\xb2\x8d\xe3U\x80\xed\xd5\xce\xa0H\x89\xf0\x9e\
\x9fB\xbf\xbf2y\xbcO\xc9\x9e\xfa-\x08\xbe?\x1e\
\xdc\x90\x9f\xe7\xdct.\xd3N\xce\xa1^~\x11\xf2\xc5\
\xbfC\x7f\xf4\x01\xf8\xbe\x07\xc0\x1f}\x9a5s\x1d\xd5\
d=B\x00\x8c'NNU-\xc2\xbbn\xb0\x9ex\
U?@ne\x8f\xe9F\xf5\x1f\x08\xb9`\xbe\xe9\xb7\
\x0f.\xf9\x09\xd8N\xbb\x16&\x04Z\x99x?|x\
\x1a\xd4\x8b\x7f\x07\xeb?\xa0\x80dO5\xfc\x13OE\
\xf0\xc5\x93\xf2;}1\xf9Q\x88\xe8\xfe\xdb!\x9f\x9e\
\x0d-\x85I4\xa9\xe7\xe7\x1aA\x08\xce\xb9\xd8\x16\x8b\
\x8a\x8c2\x8c\x02l\xcbtt\xff\x1d\xd0\xcb\xde0\x9d\
\xb3\xdb\x90o\x0es=z}\xfbA\xbd\xf3\x06\xc2\x09\
\x97@\xbe\xf6\xb2\x89\xe1\x13y\xee\xca\x92/\xfe\xf9,\
\xc4\x1f\x1e\xb2\x1a\xa4\x90d\xcf\x88\x03\x10\x9cuQ\xfe\
dO\xd3\x04\x91B4\xf5F\xc8\xbf<nj\x0bF\
\xd3\xf4\xee\x03\x0c\x1c\x0c9\xefI\x80\xba\x8f\x93\x84\x9c\
=Z\x00\x888?\x80\x9c\xf3G\x88\xa7\x9f\x00\x8c:\
\xce\xb3*\x88\x80\xdeU\xd0\x9b6\x22\x9at\xb9Y]\
\xc6q\xcceW\x95\xf3/V\xaf@t\xdf\xcf\xc0\xa8\
-;\x09L\xb2'\x04\x1b0\xc8&{Lm O\
\xb2\xc7\xcd\x0b\x88\xdfL\x83\xfc\xfb_\x81A\x83\x9bC\
\xd9Xx\x1a\xea!\xdf{\xc7\x1d\xaf\xb6S\x01\x88I\
Y\xf6\x06\xa2_\xdd\x03F\xab#\xe9j0!\x9c\x9d\
\xb6!\xb3!\x1e\x99a\x85\x80\xf1moh\xac\x8e\x1b\
\xeam\xb2\x87\xa6rHk\xe4=\x97\x0d>Iu\x07\
\xe7\x8d\x07\xdf\xe9\x13\xd6\xdc\xe4\x9a\xec\x95\x94R\x0e \
\x9ey\x12\xd1\x1f\x7f\x03\xf4\x1b\xb0\xad\x9a73\x02\x02\
\xd8\x5cc}\x9c\x22\xfb\x82\xbc\xdc\xec~t\xef-&\
\xeckr\x8a\x0a\x11 z\x02G\xef*\x88G\xa6#\
\xba\xebF@Fv\xe8\x82\x12HY\xe7b\x9eg\x84\
L/y\x05\xe8C\xc9\x9e\x04\xaa\x9f\x84\xa6v3\xfc\
\xaf}\x07\xfe!G\xe5w\xfa\xa8\x9e@\xa1\xe5\x1b\x8b\
\x11\xcd\x98\x0cF\xa9\xe1\x5c\x7fOI\x12[\xe5$\x00\
d\xf7\x1f\xbc\x0bz\xd9\x9b\xae\xfe\xde\x8e\x1b\x12\xf7\xef\
\x93s\xf8\xd4,\x847]\x09\xfd\xf1Gv\x85\x1b\x95\
Kv?0\x89\x1e\xf1\xe4\xe3\xce\xc4\xc8\xe4\x9d=\x87\
\x1d\x83\xe0\xb43\xa1Mg\x0f\xcf_O\xf8p=\xa2\
;'YM\x91O\xa0K\xb4uS'\x0a\xc0V\x1b\
\x1f\x14\xa8\xfa\x8901wVrg,\x17\xe8\xf3\xfd\
\x06@\xbd\xf2\x22\xc2\x89\x97B\xad\x5cn\xb2|\xd4\xdf\
\xa7\x96.1\xa9\xde\xbc+\xb2\xd5d\xcf\x0f\x9b\xe3\xfc\
\xb6\xec~lb\x1a\x1b\x10\xde~=\xd4\xba\xd5\xcd\x85\
\xa1\x5c(Q\xf2\xb0\xf4\x02\x10;[\xa4\x0e\xe3g\xdd\
\x90JMrs\xe3x\xff\xed%f\xf5\xb3\xca\x84\x19\
\xb8\xa4BP\xd5\x0fz\xf5r\x84\xd7\x8c\x83|\xe5%\
\xa3\xc2\xc3\xa9\x93l\x93g\x12\x13\x13w\xf6\xf8\xbe\xc9\
5\xf0\x81\x83\xf3\xf4\xf5\xd9\xae!cb\xa6\xdd\x06\xb5\
x!XUR\x81\xdej\xd6\xbc,\xf2\x00t\x03\xc9\
\xd9\x224\xd4\xdb?\x94B\x9c c\xb3v\xb9\xfa\xea\
\xe3\xca[m\x0d\xc2\xbbn\xb2\xa4$Y)\x85@J\
\xa0\xb2\x0fPW\x83h\xcaD\xc8\x1dw2\x89\xa3\xc4\
\xe7q\x9d=\x99\xf3\xc6\xbbL_>\xbbo\xefG\xf4\
\xd8/!\xe6\xfe\x19\xac/\xe5\x15\x8a\x1f\xdbw\x0f\x01\
p\x93\xb4&\xab\xf5\xf4l\xa8\xd5\xcbm\x13\xe5\x80A\
\xe0\x87\x8d4\x1d1\xc6\xf6\xb6z\xd3\xdcJ\xe1\x1c\x8d\
\x94\xe6]\xb1\x0c\xac_\xc2\x9b\x15\xe7\xcd\xb7\xdek\xa7\
-(\x8a\x10*\x8dc\xa9\x96/\x05*\x12\x92Oc\
\x5c\x9b>\x86\xff\xc5\x93\xcdO\xdedO\xdcD\xf2\x8f\
g\x10=2\xdd\xae\xfc$\xcee\xf6\xdfT6\x02\xe0\
\xc8\x17\x8f\xde\x0f\xf1\xdb_XB\x89l\xc6\xcc\x86\x09\
r\xf1\x22\xa8\x7f>\x8b\xe0\xa2\x1f\x83\x0dw\xe1R\xf6\
\xcdsNR4\xfb1\xc8\xf9s\x0a#\x9f\xaamD\
\x86\x99\xdc\xf5\x92\x91\xa9m\x84`\x04!\x89\xb7M\xd7\
Z\xb7\x19|\x9f\xfd\x93u\xf68\xf2I\xc0(\x8a1\
\x1b@t\x13\x14\xdf\x07\xa0\x0c\x9a\xefC>7\x17\xd1\
\xc3\xd3m6\x8b\xa4\x9d\x04\x80B.2\x01\x03\x06A\
\xbd\xf9*\x1a\xaf\x19\x07\xf5\xea\x22ss,Q\xba)\
\x03\xa7\xdez\x0d\xe2\xd7?\x073aX2Rt]\
\x9d\xc9\xbb\x07g\x8f\xb3\xb68,$\xed\xab\x93\x91O\
D\x93\xc0\xf6\x1f\x88\xccEW\x03\xbd\xf2t\xf6\xc4c\
\xe55\xd5\xc6\xe93\xf3\x03\x05g\xf4\x5c\x03j\xb7\x17\
\x00g\xb7\xa9\x08\x22~\xff\xa0\xdd\x05#v\x94b\x95\
L7\x8b\xc8\xe9\xd3\x17\xd8\xf4\xb1\x99\xb5\x17\x7f\xfb\x93\
\xf5\x15\x9c\x87L\xf5s\x13\xef\x9b\xb1\xab\x84\xceX\x14\
\x82\x0d\x1c\x84\xe0\x9cK\xe1\x7f\xf9\xeb\x08\xae\xb8\x11\xa8\
\xeak\xf6\xe4ir>;\x0a\xe6X\x90\xd2\x14y\xcc\
,@\xae\xce\x1es\xdd\xdc\xfc\xcd\xe4\xc7(\xca\xe6\xb5\
+\x84-\xdd\x90h\xf1\x05\x80s\xc8\xb7\x97@\xafY\
m\xb3om\xfd\xb1Y\xd99\x22;z`j\xd3.\
Z\xe1\x8c\xdb\xa1W,+\xcc\xe9\x13\x02\xc1\xd8\xcb\xc0\
>\xb1;tc\x03\xbc\xcf\x1d\x81\xcc\xc4;\xc0v\xff\
\xa4\xc9\xa2\x15E\x08\xb8\xed\xec\xf1N;\x13\xfe\xa1G\
\xe7/,\x994\xaf\x87\xe8\xa1{m1\xa9C!l\
Y\xf8\x00\xda^&\x15.\xc8\x16\x93\x06\xc8\xb5z]\
v\x8e\xcc\x84x\xfc!\xa3\x11\xd8.\xbbC=\xf7\xb7\
\xe4\x198\x22\xb6f\x13\xbcSO\x87\x7f\xf8H\xeb\x8c\
\x99-UB\xf0O\xec\x81\xcc5\x93\x11\xdd}3\xd4\
\x82\xf96\xd5J*\xb9=\xa1\xa4\xe7:{\x0e=\x06\
\xc1\xd7\x12${\x5c\x07QDu\x8bY\x8ft\x90\xfc\
r\xcb\x03\xf4\xea\x93\xbc\xf9\xc2\x99\x06F\xd9\xb9\xe7\xe7\
B<:\xc3\xae\xfc$$\xc5\x95\xb7\xcf\x1e\x82\xe0\x1b\
\xdfm\xe9\x8c\xd1\xca\x8c\x22\xf3\xbd\x99\xf17\xc0\xfb\xf2\
\xd7l\xdf@\xbc\x95[!\xe0\x94\xeci\x00\xdfy\xd7\
d\xc9\x1e\x97\xe6\xa5\x08\xc8&\x95\x0a\xa8[t2\x8a\
\xbc\xeb\x107\xf7\x97\xef\xf9i\xeb\xfc\x15b\xeb\xe8X\
\x0a\xc1\xc8{Ot.g\xf7\xfb\x0fDp\xde\x0fm\
&okg\x8c\x88r\x89\x192\x0f\xfe\x99\x17@7\
l)l\xae\x9f\xb9\xf1/\xce\x90\xb9\xe0\xca\xfc\xc9\x9e\
8\xcd\xfb\xfe{\x08\xa7\xde@[F\xd9suX\x00\
\xca\xc1\x07p\x95+j{\xf6\x0e?\xd6x\xbeF\x1d\
'E\x81\xeaY\x87\x8d\x86XnB\xc96\xda\xad\xe2\
\x9c@\x14\xc1?e\x0c2\x97M\xb4-^\xb4O\x9f\
\x97\xc0/ \xa7\xb4\xae\x16\xfe\x19\x17\x80\x8d8 \xf7\
\x18Wv\xdb\xf8\x94\x89fCH\xe3\xe7\x14\xa3\x90S\
N&\x80\xb2|\xfe\xb7\xbe\x07\xbe\xcfg\x8d]/\x9a\
\x17\x1e\x83\xbeos\x0d\x82\x93\xc68\xbb\x9f\xa7\xc7>\
\xde\xbd3\x0a\xe1\x1f\xf9\x05\xd3\xa3\xc7\x86\x0e3\xa9\xdf\
\x9c\xd7\xe6\xc27\xff\x84\xaf\x22\xf8\xd2in\xcf\x9e6\
\x8e\x8f\x05\x97\x14\xd3}\xb7\x9a\xf45\xa3H'i\xb2\
\xa7\x8bP|\x01p\xcd\x90\xa6)\xe2\xea\x9f\x81\x1fq\
\xac\xad\xa9\x13\x01\xc5\xc8f\x99\xbdt6\x83\x1ft\x18\
\xfco\x92\xdd\xcf\xe1\x8c\x99\xb03kF\x80r\x05a\
\x08\xbe\xd7\x08d\xae\xbb\x13|\xdf\x03\xad\x96r\xbdx\
M\x197\xfa\xf1\x03\xf3\x9e\xc9+\x9cs1\xb4!\x92\
\xe5O~\xfd\xeeA\xc8\xf9\x7f\xb3\x0egQ\xd3\xbc\xe5\
`\x02Z\xd8\xe7\xc8d\xf0h\x17\x0d\xef\xb43\xecf\
\x8a\x1d\xddS\xc7T\xd1\x1a\xc1w\xd8\x11\xc1\xf9W\xda\
\x84\x0a\xe5\xd7[\x13,\xd3=D[\xb0\xba\x04T\xec\
\x8f\xd0\x8a'\xdfa\x87\x1d\x91\xb9\xea\x16\xf8\xc7\x7f\xc5\
j\x82\xf8\xfa\xe8\x87\xfa\x0d>\xfe\x08\xfcS\xfb\xd8=\
{(v\xa7]\xc1r\xd8}*#\x9b\xe4\xd7c\x0f\
\xda\xfc\x03\x1d_4\x90P\xa2\xccj\x01fS%\xe7\
\x80\x9d~\x1e\xf8\xce\xbb!\x9a>\xb9\xb9\xa8ShH\
\x94\xd5fm:n\x86\x0ek\xbb\xcd:\xae\x22Vo\
\x84|y\x01\xd8\x1e{\x81S> >\xdeE\x08\xa8\
\xe8e\xd2\xd1\xa4M\xe4_g\x1a\xc7\xcd\x909x\x08\
\xbc\xc3G\xc2;\xf1\x14\xd3@bU?\xcf\x99\xe6\x95\
K_7\xaa\xbf\xb9}\xacH^\x7f\x89\x83\x87\xd2V\
\x03\xb3\x1d\xb0\xe3F\x83\xed\xb4\x0b\xa2;&\x99=u\
m'o\x01B@\x04\x90=\xfe\xf6\xb9\x86\xb0|\xe4\
\xcb\x97\x9e\x87\xb8\x7f\x8a\xd9~\x9d4Qp\xfe\x15&\
\x86o\x16\x02\xca\xd0\xd1(\x19\xe0\x1dy\x9c\x99\xdc\xd1\
\xd5\x1f\x19\xb2\x19m\xf9BQ\x05]\xbb\x99\xe4\xe19\
{\x14\xd5G\x1f \xba\xfd:+\xdcIf\x06z\xbc\
\x09h\xc5\x013\xb6w\xef\xcfX\xdb\xbb\xdfA\xce\xf6\
6\xef\x9d\x9fh\x0f\xbdC\x8e\x86\x7f\xea\xe9m\x87a\
1\xf9\xf3\x9eD\xf4\xd3\x1f\x99n\x1fV\xd5\xdfx\xfc\
\xd1\xcf\xae1\xcd\xa4M)\xe7\xec\x89\x9b\x88v\xed\x96\
fr\x97\x0d\x19fMK\xbce{.\xff\xc29\x96\
\xe4\xf1\xab\xb5\xab\x8a_\xae\x8eQ\xc2\xed\x02;\xaf#\
\x88l/u\xcc\x0e\x19\x86\xcc\xd5\xb7\xc1\x1fu\x92M\
\xd1\x9aBG\x8e\xcb\xa0\x9b\x1c6\x82\x0f\x19n6P\
\xb4^x+v\xdf\xa8\xe2\x00j\xc9\xab\xb6\x8e`:\
|*\xac\x19\x22\xb5L\xd5\xc5\x9f\xdfj*\x94\x86\xe0\
X;\x11b\xcf\x9e\x04+\xde\xfe5\xaf\xd3\xea\x1a;\
fLq\x8d\x1d\x09\xdb\xc7\xba\x19:\xb7'\xd08`\
\x91Y\x85\xb47\x8e\xff\x9d\xf3m\xc5\xae\xad\xf0\xca\xa8\
iR\xc3\xc2\xcc\xd6\xb1!;\xba\xd5\xcf\xdb\xe8\xb1\xdb\
\x80\xe8\xce\xeb\xedg(\xd6\x8fWc\xdc\x9a\xdd\xa7\x0a\
\xe2\xe1\xe9V@\xb0\xd51\x85\xd4\xdd\xc9t\xf8\x01\xa2\
Y\x8fB\xcc\x99\xd99\x8d\x1d%\xea\x07(\xad\x00\xc4\
\xc3\x19-\x1e\x82d\xabc\xc6/8y\x0c\x82\xcb'\
Y/\xbb\xae\xc6\xfe\x91$$\xf4\xe3\xd4+\xa5o}\
r\x22\x0f:\xbc\xf5dOv\x8f\xdd\x9d\x93\xec\xf6\xed\
\x95\xad\xd8\xe1X\xed\xf7\x1b\x009\xe7q\x84\xb7\xfe\xc4\
N\x15\xc53\x02IA\xe4\x93\xd3\xf7\xaf\x17 \x1e\xba\
\x17\x8c<\xfe\x12u\xec\xf6\x88\x8e\xa0\x96\xa3\xdaY9\
t\x17*z\x87\x1e\x0d6|g\x88\x07\xef\x86Z\xbc\
\x08:l\xb0\x1a\x9e>;x(\xbc\xb3\xc6\x99\x8e\x9b\
\xb6w\xe4\xb4+\x99\x22\x0c\xfd\x9f\x7f5\xef\xb8\x95\x8b\
@j\x08]0\x1faM5\x82\x1fL\xb4;\x7f\x93\
&\xca\x97\xb0r\x9aF\xbf\xf7\x0e\xa2{nj\xf6a\
\xbai\x9e\xbf\xeb\xa6\x83\xe3\x07+\xac_c\xc6\xb6\xbd\
\x03\x0f\x033\x83\x12\xad\xac\xe0x\xc4\x9b\xfew\xf1\xbf\
\xa1\xde}\xcbn\xa52t8\xf8\x01\x87\xday\xbc6\
\x9d>\xbb\x1a\xc5\xacGm\xd1\xc5\xb4Y%\x5c\x8d\xa6\
\xdfp\xb3\xa9>\x06\x97]\x07\xbe\xfb\x9e\xb9'\x88c\
MSW\x8b\xc6\x09\xe3\xa0\xdf{\xd7\xd5\xf6Kl\xf7\
\xc9\xdc5l1\x82\xea\x1fy\x5c\xfe\xbe\xc3n\xa1\x01\
\x5cSGx\xcbUPo.\x86\xdcq8\xfcs.\
5\xe1V\xd3\xe4KS\xd5\x8e7\x85Z|\xff\x83\xe0\
\xed\x7fP\xd3\xd7l\xa39Z!_-|\x01\xe2W\
\xf7\xdax\xbd\x90\x95h\xba\x82\xfbB\xafY\x85p\xe2\
\xc5&\xe1\xc3\xf7?\xb8uM\x90\xf5\x04\xb0\xe8\xee\x9b\
\xa0IH\x93\xce\x0ct\x18\xa5\xd5.\xc5\xf7\x01\x5c\xb6\
O\xfes\x9e\x99\xdd\xa7\x8c\x1b\xb5jE\xb7]cG\
\xb2\xc8\x037\xceW\xd6\xcd\x8b\x9d\xba(2\xe1\xa2\xf9\
!Io\xeb)Y\xb1*^\xb9\x1c!M\xf8x\xed\
T\xc5\xd2m\xf2XW\x87\xc6\x1b\xc6\xdb\xd9\xbc8\xfe\
\xcf\xd6$4%l\xe6\xf7\xee\x83\xfc\xc73\x9dH~\
\x16\xca&\x0ct+\xdbL\xee\xc6\xc9\x16\xd7\x0bH\x02\
\x10\xddz\x15\xf4\xe6j7\xa5\xbb\xd5M\x8c\x9f\xabg\
\x9c\xc06r\x04q\xc5\x8d4\xcc\xed\x13\xed\x83\x99\x12\
\xcd\xee\xe5\xea\x0a\xce\x98\x07gR\x92J\xfc\xee\x01+\
\xa4\xb1sHc\xdadf\xe6>\x81\xe8\xf1_\xbb\x1c\
\x7fW\x84{\xcc\xe9\x02V&\x02PWk\x9fF\x1a\
7[\x9a\x91\xac\x01\x90\xcf?\x83\xf0\xdaKL\xabw\
\xe2Q\xed\xd6T\xf1\xbd?\x85z\xe7-;$\xdaQ\
;\xac\x5cgRe/\x88\x87\xa7!\xbca\xbc\x19B\
5B\x90\xa9\x80|u\xa1\x89\xf7\x13o\x0dSF(\
a\x14\xa0\x9a6lj9\x92\xd5\x1fz\xe5;F\x08\
\xa8\x96O{\xefo\xe3\x17\xb4\xf9\x9dn\xb0\x82T\xf1\
\x0bO\xbbv\xf1\x22\xadF\xed\x88\xad\xea\x07\xb5\xe8\x05\
\x84K^\x01?\xf0P\xb0~\x03\xa1\x16\xcck2;\
]\x16\xf2\x95]1\xa8-2\xcd4No\xe3\xd9F\
\x93'@\xafx\x1b\xfe7\xc7\xda?0W(\x16\x0f\
V\xcc\x9bc6lH>RU \x94r\x9bNH\
\xa8\x17\x9e1\xbd\x0df\xe5\x9b\x14rW\xc6\xfbe\x98\
\x08bmiK\xf7\xb4L*\x9c\x88\xdf>\x80\xf0\xe6\
+]\xf7L+~Av\xc5\xed\xcd\xd7L\xbco\xda\
\xcdK\x09\xd5\x9c94;u\x14:\x8a^t\x94n\
[\xb9\xae\x1b\x0f\x8f\x9f\x94\xd9\xaf?\xd4\x8b\xf3\x11\xfe\
\xe4B\xa8w\xdel\x1e\x12\x89oxv\xc5\x8dF\xa9\
\xcd\xde\x00\xc5\xdf*\xa5U\xd0\xb9\x93\x0e\xb2\x96\x1ae\
\x13\x054\xa1iS\xbc\x1c\xc7\xc4\xfb\xf8\xf47C\x99\
\xe1\x84\x8b!\x9e\x9fk\xd5m\xdc\xd0I\x9b:\x88\xc8\
\x90_\xd2\x8a[\xb7G\xb9\x99\x00\x9a\x9cMz\xac\xf1\
\x0bz\x19\xc2\xa9\xaeN\x05\x1bj\xf8$UO\x15\xb7\
\xf0\xfe;\xcc,\xbf\xc9\xbb\x97a\xc5\xad;\xa3\x84N\
`;\xb7|\xa5\xc7\x9a\xff\xee\x01\xc8E\xff\xb0M\x1a\
+\xdf5\xf3\x02\x057\x90\xf4$\xb0\xd2}u\xf7\xda\
'\xb0)\x14\xebk\x88\x8f\x96.\xb1\x0fb.dC\
\xa8\x1e\x0bVn\x02\xd0\xb1\xbdy)\x01\xd3\xb4M\xcb\
vi\xf3\xcb=\x0f\xd0Q\x14\xeba\xcc)z\xc0.\
a)P\x9e\x1dA)\x8a\x84\x9e\x98\x08JQ \xca\
M\x03t\x9f\x87b\xf4\x0c\xb0\xd2|m\xaa\x01\xb6s\
\xa4\x02P6\xab\xbf\xdcL@j\x03\x8a\x8b\xd4\x04l\
\xc7\xd0e\xa9\x01R\x14w6\xb0\xdc\x04\xc0\x5c\xf0\xf6\
\x9e\xbf\xef\xfe(\xb1\x00\xa4(\x16L\x83m9\x09@\
J\x7f\x99d\x02\xb5.r\x9d\x95\xf6\xfc\xa3\xdff\xdc\
\xabt\xbb\x5co?`\xad\x8f\xc3\x17\xe3\x9b\x193\xd5\
\xc0Z\xcey_U\xac\x92k<r\xbf\xdf\xc1\xc0\x9c\
\x99\xcd\x83\x1c)\x0a\x07\x91^_o\x86Q\xcccp\
\x8b\xf8\xe0H\x22_)\x15\x92\x00\xd43\xc6\xfa\xa2X\
\xf0\xb8\xd9\xb1\x93\xe6\x00\xfdW\x17\x9aG\xbd\xe8\xa6\xb1\
\xad.p\x0a\x8bvJ\x8dN\x07\x8d\xccUT s\
\xfay`\x83vp\x0f\x9e.\x8e\xd5\xe6\xf4\x84R\xa5\
6\xb2(\x8a\x16\xf8\xbe\x7f\xa8\x10B1V\xc4'\x13\
\x99\x11p@\xbe\xf8\x9c\xdd\xf8\xd9L\x07mu#[\
\xdc\xd3x\xea\xa7\xad/l\xebs9\x8ekz)~\
\x8d\xb5~\x8c\xceCn\x9b\xd7\xdd\xf6\xe7\xec;\xae\xf3\
\xb9\xc5\x1b\x095--\xf6\xca^\xe0\x87\x1c\x05\xfe\xe9\
}\xf3<\x8a\xa60\x90\xd9\xf7}\x9f&\xc3\x17\x92\x00\
<\xea\xfb\xfe\xff\x09!$c\xac\xf8\xba\xda\xf3R\x87\
\xb0\x030\xf2SD\xf2\xcdwj-}\xdf\xf7\x84\x10\
\xbf%\x13\xf0\x96{\xbd4<\xd1\xc4\xaf\xb1]\x09\xb4\
h\xd2\xd4A\xf6\x95\x16z|\xae\xcf0t/\xc4\x1b\
[wdo\xc5\x5c_\xaf\xf5\x1b,\x0c\xc3#9\xe7\
\xf39\xe7^\xd1\x1c\xc1\x14\xdd\x1a\xe4\x00\xd2\x8f\x94r\
4\x0f\x82\xe0u\xad\xf5Z\x97hH%\xa0\xe7C\x91\
\x03(\xa5\x5c\xe5\xfb\xfe\x02\xce\x18\xab\x06\xf0\x8c\xf3\x0d\
R\x01\xe8\xe1p\x1c\x93q\xf9+c\xec\xe3\xd8\xb8<\
f5C\x89\x9eO\x9a\xa2\xdb\xc0qL\xea~&\xfd\
\xdb\x10^]]=_J\xf9\x9e\xe7y,\xd5\x02=\
\x17\xc4-q,\x84X\xe1\xfb\xfeSq*\xd8\x1f2\
d\xc8f\x00\xf7\x14\xe0\x87\xa7(O\xd8\xb8\x82\xb1\xa9\
\x8c\xb1\xf0\xd9g\x9f\xf5\xf9\xb5\xd7^\xab\xb4\xd6\xcc\xf3\
\xbc\xfb\x84\x10\xab}\xdf'\xa1H\xb5@\x0f\x03qJ\
\xdcJ)W{\x9e\xf7K\xe2|\xde\xbcy\xca\xb8\xfe\
Zk\x8f1&\x85\x10g{\x9ew\x7f\xc9\x92B)\
\xba\x12\xc2\xf3<_J\xf9-\xdf\xf7\x1f\x899oJ\
}\xd0\x0bd\x12\xa4\x943=\xcf\x1b\x9d\x0aA\xcfA\
\x9c\xf9\x8b\xa2\xe8\xa9L&3JkM\xd1\x9f\xd1\xf2\
\xd9^\xbff\x8cE\x8d\x8d\x8dc\x85\x10\xeb<\xcf\xf3\
RSP\xfePJQ\xdc\xcf\x85\x10\x1f\x0a!\xbeG\
\xaa?\xfb\xfd\x16\xff\x88%Ck\xfd%\xa5\xd4\x13\xb4\
u\x03}\x9e\xbc\x86N\xbf\xf2\x14\x1d\x86RJs\xce\
\xb5\xe7y\xb4\xd0\xbf\xc2\x18\xfbs\xac\xfa\xe3cZ\xc4\
\xfd\x8e|\x9f16[Jy\x11\xa5\x87\xe9\xe0\xa27\
\x8d\xa4(9\x883\xce9\x85}d\xd6\xc7\xb6F>\
a\x9b\xc4\x0fcL\xd0\x81\x99L\xe6\xae(\x8a\xae%\
\xc7\xc1}aj\x0e\xca,\xdbGf<\x8a\xa2\x1f\xf9\
\xbe?\xbd5\xf2\x09\xad\xaavg'\x98\xd3\x08?\xd0\
Z\xdfFV@\x08!\x18c\xddwO\x81\x14PJ\
\xc9 \x08\x8c\xf3.\xa5<\xd7\xf7\xfdiN\xab\xb7\xfa\
D\x8b\x9c\xb6=\x96\x1a\xad\xf5h)\xe5]\x9e\xe7\xed\
AB@\x9a#M\x1bw\xcfUO\xde\xbeRj\xbd\
Rjl\x10\x04\xb3\xb2=\xfe\xd6\x90\x93DG>I\
\xcf_\xa2(\x1a\x05\xe0)\xdf\x82\x92E\xf4^j\x16\
\xba\x18\xc4\x81\x0b\xf3\xb8#\x7f^\x14E\xc78\xf2i\
\x01\xe7\xe4(\x91w\x9f\xa5\x09\x98s(\xc6q\xceG\
\xd0{Q\x14iw\x924Z\xe8D\x07\x8f\x88\xa7\xfb\
M\xc4\xd3kJ\xa9\xd7\xb4\xd67\xf9\xbe\xff\xb0;\xa6\
U\x9b\xbf5\x12\x13\x96\xadJ\xd6\xaf__5x\xf0\
\xe0\xb3\x01|\xdf\xf3\xbc}\xe2c\xa4\x94&\xe9\x90\xf5\
\xddt\x8d\xa9Pt\x00.\x02k\xea\xa8\xa5\xc8\x8c\xea\
\xf91\x94R\xff\xd6ZO\xa7\xf4.c\xac\xde}&\
\xa7\xda\xcfFA\xe48\xe7\x90\xbe\xdc\x90\xac\xb5\xee\x0d\
\xe0x\xa5\xd4\xc9Z\xeb\xe3\x19c;s\xce\xb7\xce-\
\xd0E\x16r\x9a\x14\x0eD\xf4\xd6\xebGJ\x13\x95o\
\xf0}\x7f\x0e\x809\xf3\xe6\xcd\xfb\xfd\xb1\xc7\x1ek\x1c\
\xbc\x5c\xce^[h\xd7\xeat\x82\xe0e\x9fLk=\
\x08\xc0\xe7\x95R\x87q\xce\xf7\x13B\xec\xca\x18\xdb\xd5\
\x09IU\xaa\x09\x0a\x83[\xf9\xb5\x8c\xb1-\x00V2\
\xc6\xde\xd3Z/\xf6<\xef\xa5\xea\xea\xea\x05\x03\x07\x0e\
\xa4F\x1e\x03\xaa\xea\x8d\x1c9\x92R\xf7\x05\xe7k\xfe\
\x1f\x92t\xb0P\xbcUL\x93\x00\x00\x00\x00IEN\
D\xaeB`\x82\x89PNG\x0d\x0a\x1a\x0a\x00\x00\x00\
\x0dIHDR\x00\x00\x01\x00\x00\x00\x01\x00\x08\x06\x00\
\x00\x00\x5cr\xa8f\x00\x00\x22\xdbIDATx\x9c\
\xed\x9d\x09\x94\x14\xd5\xd5\xc7\xff\xaf\x96\x1eV\x15\xf7\x80\
(\xfa\x85h\x5cB\xd4hT\xa2\xe2\x12\xa3Q\x93\xa8\
$\xd1/*n_Td1\x82\x22\xb2\x83 \x8a\xc8\
\xa2\xb8\x1b\xc0-F4.\x89Q\x13\x15$\xaeD\xe3\
\x1e\x05\x05\x06P\x01A\xf6e\xba\xb6\xf7\x9d\xfb\xaa\x1b\
\x06\x98\x19f\xba\xab\xaa\xebu\xdf\xdf9\x9c\x19`\xa6\
\xbb\xa6\xa6\xee\xff\xdd{\xdf}\xf7\x0ah\x80\x94\xb2\x03\
}\xf4}\xbf\x8b\x94r\x1f!\x04\xfd=\xff\x07\xb5>\
2LRTo\xf5y\xfe\xef\xafJ)\xabm\xdb\x9e\
\x01\x0d\x10H\xa9\xc1\xd72\xf6.\x00\xe8\x0f\xc3\xe8F\
5\x80\x19i\x16\x05\x91&\xa3\xf7<\xaf\x9b\x10\xe2\x22\
^\xd1\x992\xa5ZJ9\x85\x04!-bPR\x01\
`\xa3g*]\x0cl\xdb\x1eVq\x02P\xcb\xf0\x87\
\x96\xe2\xfd\x19&mB`Y\xd6T!D\xed\xbcB\
\xf9\x09\x00\x1b>\xc34\x9c/\x90RNM2<H\
D\x00\xd8\xf0\x19&\x9d\x1eA\xec\x02\xe0\xba\xee\x106\
|\x86Ig\x8e@\xc4\xbc\x957\x9d\x93{\x0cS\x14\
\xd5\xa6i\x9e\x10\x977`\xc4\xb5\xea\xfb\xbe?\x9f\x8d\
\x9fa\x8aF-\xa4dSH\xbb\x07\x90[\xf5's\
\xe1\x0e\xc3\xc4\xc2\x0c\xd34/\x8e\xd2\x1b\x88L\x00\x5c\
\xd7\xed\x22\x84 \x97\x9fa\x18MB\x82HB\x006\
~\x86\xd13$(Z\x00\xd8\xf8\x19&q:P\xf5\
l\x14\x22PT\x08\xe0y\x1e\x95\xf0R\xcc\xcf0L\
\x09\x90R\x0e-f\xab\xb0`\x0f \xa7>l\xfc\x0c\
SB\xa8\xc6\xa6\x18O\xa0 \x0f\x80\xdd~\x86)\x0f\
O\xa0\xc9\x1e\x00\x1b?\xc3\xa4\x8f\x5cN\xa0K\xac\x02\
\xc0\xc6\xcf0\xa9N\x0cNn\xaa\x084)\x04\xf0<\
\x8f\xab\xfb\x18\xa6\x8c\xea\x04\x1a\xed\x01x\x9e\xc7u\xfd\
\x0c\xa3G\x9d@\xa3\x93\x82F\x13\xb6\xfb\xb8\xbc\x97a\
\xf4\xa0\xd15\x02\xdb\x15\x80\x5cL\xc1\xdb}\x0cS\x86\
IA\xd1H\xd7\x9fW\x7f\x86\xd1\x8fj\xcb\xb2\xf6-\
\xd8\x03`\xd7\x9fa\xb4\xa6C\xce\x86\x0b\xf3\x00<\xcf\
\x93\x91_\x12\xc30\xa9\xd9\x15\xa8\xd7\x03\xf0<\x8f\xe3\
~\x86)\xf3]\x81:\x05 \x97<h\xd0u`\x18\
F\x1b\xba\xd4\x97\x10\xacS\x00\x84\x10\xddb\xbf$\x86\
a\x92\xac\x12\x1c\xd2\x94\x10\x80W\x7f\x86)/:\xd4\
\xe5\x05l#\x00\x1c\xfb3L\xd9z\x01\xdd\xb6\xbb\x0b\
\xc0\x99\x7f\x86\xa9\x9c\xba\x80-<\x80\xed\xed\x192\x0c\
\xa3}\x180\xa4^\x0f\x80O\xfb1Ley\x01[\
\xe7\x00\xd8\xf8\x19\xa6\x82\x92\x81\x9b\x04\x80\xdd\x7f\x86\xa9\
\x18\x8e\xdf&\x04`\xf7\x9fa*/\x0c\xa8\x1d\x02\xb0\
\xf13L\x85\x85\x01J\x00\xd8\xfdg\x98\xca\xc4\xd8:\
&`\x18\xa6\x228~S\x0e\x80\xe3\x7f\x86\xa9\xcc<\
@^\x00\xb8\xfa\x8fa*\x0c\xcb\xb2\x84Q\xc80\x01\
\x86a\xf4\x87l\xdf\x10B\xb0\xeb\xcf0\x15\x08\xd9\xbe\
%\xa5\xdcG\x88\xa2\x86\x043L\xf9\x22\xc4\xe6\x8f\xae\
\x03\xb9a=\x0d\xe2\x0b\xff\xa9ek\xf2\xa37\xfd]\
7\xc8\xf6-\xf6\x00\x18Fl.\x89#Cw\x1c`\
\xedj\xc85\xab \xbf\x5c\x00\xbf\xfas\xc8\x85\xf3 \
\x97\x7f\x03\xb9r9\xe0\x07\xea\xeb\xc4\xae\xbb\xc3\xect\
\x04\xcc\xb3\xce\x87h\xd5\x1a\xba!\x84\xe8\x22\xb8\xed7\
S1\xd4\xf6t\xe9\xf3l\x16r\xf5\x0a\xc8U+ \
\xbfZ\x88`\xde\x1c\xc8E\xf3 W,\x87\x5c\xf9-\
\xb0v\x0d\xa4eA\xd0*oZu\xbf\xa6\xe7A\xb4\
m\x8f\xcc\xc8\xbb \x9a5\x83f\xcc\xa0\x9f\x8a=\x00\
\xa6\xbc\x0d}\xe3\x06e\xd0\xca\xb0\xbf^\x84`\xdel\
\x04\x0b\xe6\x02\xabWB\xae^\x05\xb9a-`\x98\x10\
\x96\x1d\xba\xf4yZ\xb6\xda\xfe\xe0\x0c\xcb\x82\x5c\xbc\x08\
\xc1\xbb\xaf\xc3\xec|\x124\xa3C=\xb2\xc60\x1a\xba\
\xee\x1b\xd6\x85n\xfa\x8ae\x08\xbe^\x049w6\x82\
\x85\xf3!\xd7\xac\x0cWs\x8a\xdfiE\xa7\xd5\xbc\x96\
\xa1\x8b\x16\xad\x8a\xbb\x0c\xca\x01\xd4l\x84\x8e\xb0\x000\
\xfa\xad\xe8\x14\x9f/[\x0a\xb9|\xa92\xf4`\xfe\x9c\
0F_\xb7\x0eX\xbf\x16\x92\x8c\xd10\xb6t\xdd)\
foY\xa4\xa1\xd7\x87iA\xec\xde\x16:\xc2!\x00\
\x93\xda\xac\xbb\x8a\xcd\x97.V\x86N1\xba\xac\x9e\x83\
\xe0\xcb\x05\x90\xeb\xd7\x85n}\xb6\x06\xc20\x013\xf7\
'\xf7}\xa2y\x8b\xe4\xaeWJ\x88\xdd\xbf\x03\xe3\xe0\
C\xa1!\x1c\x020\xa5_\xd5Ul\xbe\xe4+\xc8e\
K\x10\x90\xa1/\xf8B}\xc4\xc6\xf5@MM\x98\x95\
7\x8c\xd0\xc8\xe9c\xee\xfbE\xb3\xe6(=\x12\xd6y\
\x97m\xe9\xa5h\x04\x0b\x00\x93,R\x22\x98\xf3\x09\x82\
O\xde\x83\xff\xdf\x0f\x80\xaf\x16@f\xb3\x80\x93U\x19\
ueHd\xe4\xb5\x0c\x1dUUH%R\xc28\xf2\
X\x98G\xfc\x04\xba\xc2\x02\xc0$\x84\x84\xff\xf2s\xf0\
_x\x0a\xc1\xd2\xafCc'#\xaf]hc\xdb\xd0\
\x09\xb1G;\xd8\x97\x5c\x0d\x9da\x01`\xe2\xc7u\xe0\
\xdcu\x0b\x82Y\xff\xcae\xed\xc5\xe6\x98]W\x9a\xb7\
@\xa6\xf7 \x88V;(q\xd3\x95\x06\xc7\x833L\
\xd1\x08\x01o\xda\x14\x04o\xcf\xcc\xad\xf6z\xc6\xca[\
cw\xbf\x1eb\x9f\xfd\xb46~\x82\x05\x80\x89\x97\x8d\
\x1b\xe0\xbf\xf2\xfc\xe6\x98^w<\x0f\xd6\x05W\xc2<\
\xec(m\xcf\x00\xd4\xa6L~+LZ\x09\x96-\x81\
t\x1d\x94\x05\xae\x0b\xf3\x94_\xc2:\xe5W@\x10\xa0\
\x1c`\x01`bE\xc5\xc8F\x19\xb8\xfd\xbe\x07\xe3\x90\
\xc3`_\xd8]{\xb7\xbf6,\x00L\xac\x886\xbb\
@\xec\xb2\x87\xde\xeer\x10\xa8\x8c\x7f\xa6\xcf0\xfd\x93\
\x97[\xc1\x02\xc0\xc4\x8euFW \xf0\xa1-\x99\x0c\
27\xdc\x0c4o\x89r\x83\x05\x80\x89\x1d\xf3\xb8S\
!:\x1e\xa4\xa7\x17\xe0:\xc8\x5c7J\x95\xfbjy\
\xfd\xdb\x81\x05\x80\x89\x1fC \xd3\xa3?\xd0\x22\xc1\x1a\
\xfd(p\xb2j\xbb\xcf8\xb0SY\x1a?\xc1\x02\xc0\
$\x02\xad\xa0\xb4\x92j\x13CS\xc6\xff\xcc\xdf\xc2\xec\
rj\xd9\x1a?\xc1\x02\xc0$W7\xdf\xf1@d\xae\
\xbf\x09\x22\x93A\xaa\xf1}\x18\x87\x1f\x0d\xfbw\xbf/\
\x9b\xed\xbe\xfa`\x01`\x92\x15\x81\xefw\x82=d|\
|g\xf3\xa3\xa0Ys\xd8\x17^\x05\x88\xf27\x8f\xf2\
\xff\x09\x99\xf4\x89\xc0>\xff\x83\xcc\x88; v\xd9-\
}\xee\xb5\x94\xb0/\xee\x01\xb1\xa7\x9e\x0d>\x9a\x0a\x0b\
\x00\x93<\xb9&\x1a\x99a\x13!\xf6\xea\x90\x1e7;\
\x08`\x9e\xf8s\x98\xc7\xfd,}\xc2\x14\x13,\x00L\
\xe9D`\xc76\xa8\x1a46\xcc\xb2\xd3\xf1\xe0R_\
\xcf\xf7\x0e\x82}\xc1\x95\x15c\xfc\x04\x0b\x00SZZ\
\xb6R\xbb\x03\xc6\xb1'\xab\xcc{\xc9h\xbd#2W\
\xf5\x07\xec\x94'(#\x86\x05\x80)=\xb6\x8dL\xf7\
\xeba\x9e\xf1\x1bUxS\x0a2\xdd\xfbA\xec\xb6\x07\
*\x0d\x16\x00&5\xd8\x17^\x09\xabk7\xb5\x0d\x97\
\x18\xbe\x0f\xeb\xec\xf3at:\xa2\xa2\x5c\xff<,\x00\
Lz\x90\x12\xf2\xdbo\x92k\xb0\x19\x040~x$\
\xac\xb3\xceOO\x222aX\x00\x98t \x04\xfc\x97\
\xff\x06\xff\x95\xbf'\xd6<D\xec\xb43\xec\x1e7\xa0\
\x92a\x01`J\x8f\x10\x08\xbe\xf8\x14\xee\xfd\xe3\x80L\
B\x1d\x80}\x1fv\xdf\xe1\xe9.HJ\x00\x16\x00\xa6\
\xe4\xc8uk\xe1\xdc6T\xcd\xe7K\xe4\xfd\xb2Y\xd8\
\x97\xf6\x86\xb1\xdf\xfe\x15\x19\xf7\xd7\x86\x05\x80)-\x81\
\x0fw\xc2\x08`\xc5\xf2db\x7f\xd7\x81u\xc2\xa90\
O>\xb3\xe2\x8d\x9f`\x01`J\x860\x0cxO?\
\x8a\xe0\x83Y[N\xe5\x8d\xb3\xd8\xa7\xfd~\xb0/\xbd\
\x9a\x8d?\x07\x0b\x00S\xbav\xe1\xef\xbc\x0e\xef\xf1\xc9\
\xc9\xc5\xfd\xd4\xd9\xa7\xefp\xa0\xaaY2\xef\xa7\x01,\
\x00L\xf2\xd0\xe0\xcfeK\xe0\xdeysr\x95w\xbe\
\x8fL\xafA\x10{\xb6\xe3\xd5\xbf\x16,\x00L\xf2\xd4\
\xd4\xc0\x19;\x04\xa8\xd9\x90\x5c/\x7f*\xf69\xf4\xc7\
l\xfc[\xc1\x02\xc0$\x8e\xfb\xe0\x9d\x90\x0b\xe7%s\
\xde^5\xf78&\xac0d\xe3\xdf\x06\x16\x00&\xd9\
b\x9f\xe9\xcf\xc3\x9f\x91\xd0\xa4 J\xfa\xed\xd1\x16\x99\
\xcb\xfb\xc4\xff^\x9a\xc2\x02\xc0$W\xec3w6\xdc\
\x87\xeeLnL\x98\x9dA\xa6\xcfpu\xd2\x8f\xa9\x1b\
\x16\x00&\x11\xe4\xba5p'\xde\x98\xdc\x91\xdf\xc0\x87\
u\xd1U\x10\xed;$\xf3~\x9a\xc2\x02\xc0$\x82{\
\xf7\x18\xc8\xe5K\x93y3\xdf\x87y\xd2\x99\xb0\xba\x9c\
\xc6q\xffv`\x01`\xe2\xdf\xef\x7f\xf61\x04\xef\xbe\
\x91L\xa5\x1f\xf5\x1c\xdc\xaf#\xec\x0b\xae`\xe3o\x04\
,\x00L\xbcq\xff'\xef\x87\xc5>f\x02\x95~\xf9\
\x8e\xbe\xbd\x87T\x5cg\x9fBI\xe8\xb7\xc24\x1aZ\
%\xe9\xcf\xda5\x90\x8b\x17A\xd6lT\x95k4e\
W\xb4\xdb;\x5c\xd5tY\xd9V\xad\x80s\xfb\x8d\xc9\
\xbd_\x10\xc0\xbe\xb2\x1f\xc4\xee{\xeas\x8fJ\x0c\x0b\
@\x9a\xaa\xe3V\xad\x80\xff\xea\x8b\x08\xde\x9a\x81`\xf9\
7\xc0\xea\x95\x90\x944\xb3l\x88\xaa*\xb5\xa5\xa5\xba\
\xd6\x1es\xa2\x9a\xba\x9b\xea\x87\xdc\xf3\xe0L\x18\x0e\xac\
^\x95\xcc4 *\xf6\xf9\xd5y0\x8f\xe8\x5c\xb1\xcd\
=\x0aAx\x9e\x97\xe2\xa7\xa8\x82\xf6\xc7_\xfa+\xdc\
?\xdd\x0f\xac]\x1d\xba\xaf\xf5\xc5\xcb\xd9\x1a\xa0Y\x0b\
X\xbf<\x17\xd6\xd9\x17$\xd7=\xa7)\x18\x06\xdcG\
\xee\x81\xf7\xcc\x9f \x92p\xc5e\x00c\xffC\x90\x19\
0&\xb9-\xc62\x81\x05 \x0d\xdbc\xb7\x8f\x0aO\
\xc45\xc5X<\x17\xc6!\x87\xc3\xee=\x08\xa2\xe5\x0e\
\xf4JHM\xdc\xff\xc6\xf4p\xf5O*\x0eo\xd9\x1a\
U\xb7\xdc\x07\xb1\xc3NH\x0c\x91\x13\xde4{a\x8d\
\x80\x05\xa0\x94\xd4l\x84sS?\x04\x9f\xff\xb7\xb0$\
Y\x10@|g/d\xfa\x8eP\x1fK\xfe0R\x18\
\xf3\xf5\x22do\xb8\x22\xdc\xefO\xc8;\xc9\xd0l\x81\
\xfd\x0f\x8e\xff\xe7\x17\xe1!\xa6`\xce'\x90\xdf,Q\
\x09Gc\xff\x83\xb4n,\xc2\x02PJ7y\xd2h\
\xf83_T1~Q\xe5\xae\xadw\x84\xddk\xa0\x9a\
\xbbWJO@nX\x0fgH/%\x02\x89\xb8\xe2\
\xae\x0b\xfb\xe2^0O=K\x85\x01\xb1\x86h\xef\xcf\
\x82O\xdb\x99s?\x0b[\x97\xe7\x0d\xde\xb2UcQ\
\xba\x0e\x95\x97\xd1\x0c\x16\x80R\xed\x8d\xff\xe3Yx\x0f\
\x8cW=\xf1#\xc1\xb6Cc8\xf6\x94\x92\x89\x803\
\xf1F\x95\xc0Ld\xcb\xcf\xf3`\x1ew\x0a\xec\xee\xfd\
\xe2]}7\xae\x87\xfb\xc0\x04\xf8o\xce\xd8\xbcCS\
\x97'F\xf3\x0e\x07\xde\x0a\xd1\xa2%t\x823&I\
Cn\xe4\xfc\xcf\xe1QM|T\xc6O\xb8.\xdc{\
\xc7\xc2{\xfc\x8f\xc9\xbb\xa3\xd4\xd9\xe7\xb9i\x08\xdex\
%\x19\xe3\xcf\x19\x1c\x0d\xf1\x8c\xedg\x15B\xb5(\xcf\
\xde\xd0=4~\xf2h\xea\x0bi\x0cC\xfdN\xc9C\
HeR\xb6\x01X\x00\x12F\xae]\x13\x9e\x85\x8fi\
\xab\x8a2\xef\xce\xed#!\xc9MM\xe2aT\xc5>\
\xef\xc1\xfb\xd3}\xc9$\xfd\xc8\xde\x9b\xb7Py\x0f4\
o\x19\x9f\xf1\xafX\x0egho\x15\xf37*\x9c\xb1\
,x\xaf<\x07lL\xa8\xc7AD\xb0\x00$\xed\xfa\
\xdf;6\xde\xe1\x17\x86\x81\xe0\xadW\xe1\x0e\xbfF\xd5\
\x15\xc4*\x02d(+\xbf\x853nx2g\xfb\x09\
\xdfE\xe6\xca\xdc\x18\xaf\xb8V\xff\x0d\xeb\xe1\x8c\xba\x0e\
re\x13\xef\xdf\x9aU\x08>\xfb\x10:\xc1\x02\x90\xa8\
\x9b\xfc\x04\xfc\xb7g\xc6_\x18c\x9a\x08\xe6\xcdA\xf6\
\xfa\xcb\x11T\x7f\x11\x9f\x08x.\xdc\xf1\xc3\x80\x0d\xeb\
\x90\x08\xd4\xd1\xf7\xd7\x17\xc3\xf8Q\xe7\xf8\x8c_J8\
\x93F\x87\x89\xcc\x02\xee[\xb0p\xbeVa\x00\x0b@\
b\x83/>\x83\xf7\xc8=\xaa1e\x22\x90\xdb\xbav\
5\x9c\x01\xdd\x11\xfc\xe7\xad\xe8\xb3\xf2$h\x7f\xfe#\
\x82\xd9\x1f'\xf3\xc0Sg\x9fC\x8f\x82u\xd6\xff\xc6\
\x97\xf17\x0cx\xd3\xa6\x84\x07\x97\x0a\xb9_\x86\x09\xb9\
\xa8\x1a:\xc1\x02\x90\x00r\xfd:\xb8c\x07'_\xa5\
\x96\xcbZgG_\x0f\xefo\xd3\xa2{\x7f\xda\x16{\
{f\xf8\x9a\xc5la6e\xabs\xe7]\x91\xe9\xd1\
?\xbePC\x08\x04\xffzI\xe5P\x0anQN!\
\x11Urj\x04\x0b@\x22q\xff\xada<^\xaaK\
\xc8T\xc1\x9br;\xdc\xfbnS\x8d2\x8aE~\xb3\
X\x9d\xefO\xa4\xc6\x9f0\x0c\xd8}\x86\x01\xad\xa8\xe2\
1\x1e\xe4\xa2\xf9p\xee\xbf\xadx\x91\xa4\xc3[\x1a\xc1\
\x02\x10'\xc2\x80\xff\xc2S\xf0g\xbdV\xfa\x1a\xf5\xaa\
f\xf0\xff\xf9,\x9c[\x06\x86\x0fi\xa1n\xbb\xe3\xc0\
\xa51^t&!\x09|\x0f\xd6\x85W\xc6Zm'\
\xd7\xac\x82s\xcb\x80h\xba\x15i\x14\xff\x13,\x001\
\x12,\xf8\x02.m\x8f%\xb5Rn\x0f;\x83\xe0\xc3\
\x7f#K\xd5z\xd4\x9d\xa7\xa9\x0f\xab\x10p\x1f\xbe\x0b\
\xc1\xc2\xb9\x095\xf7\x08`t>\x19\xd6O\x7f\x15_\
\xd2\xcf\xf7\xe1\xd2\xb6\xe9\xb7\xcb\xa2\xf9\x99\xf4\xb2\x7f\x16\
\x80\xb8\x90\x1b\xd6\xc1\x1d?\x5cU\xac\xa5\x0a\xd3\x82\xfc\
r\x01\x9cA=\x10\xcc\x9f\xd3\xf8\x87\x9eB\x99\x19\xcf\
\xab\x11\xdeI\x0d\xf1\x14m\xf7QC<cM\xfa=\
z/\x82\x8f\xdf\x8b0?\xa2\x97I\xe9u\xb5\xba@\
\xc62y\x22\xe4\xd2\xaf\xd3\xe9\x12R\xe5\xda\x9a\xd5p\
\x86_\x03\x7f\xd6\xbf\x1au\x8d\x94\xdd\xf6\xa6\xdc\x91\x98\
\xf1\xd3A\x9b\xcc\x1f\x06C4k\x1e\xdf\xef\xe8\x85\xa7\
\xe0=\xffd\xc4s\x09S\xf8\xfbn\x00\x16\x80X\x1e\
\xac\xbf\xc0\x7fcz\xe9\xe3\xfe\x86 \xa3\xa7\xf2\xe1\x89\
#\xc3\xccwC\x22@\xdb\x89\xb4\x8b\x91TG_H\
5\xc0S\xb4\xdd;\xbe\x8c\xff\xc7\xef\xc1{\xe8\xae\xe8\
K\x97\xf5\xb2\x7f\x16\x80\xc8\x1f\xac\xf9s\xe0\xfd\xe9\x81\
\xe4V\xca\xa2\x91j?\xdf\xbd\x7f\xbcJ\xb8\xd5\x85s\
\xdfm\xc9y3\x81\x0f\xf3\xb4\xae0\x8f9!\x9e\xb8\
\x9f\xb6\xea\xbeY\x1c\xf6+\x90\xf1\xbc\xbeN\xb0\x00D\
\xc9\x9a\xd5p\xc7\x8fP\x15rZa\x18\xf0_yN\
e\xc2\xd5>v\xfe!&o\xe6\xc9\x07\x11\xfc\xfb\xf5\
d\x12\x99t\xc8\xe7\x80\x1f\xc0\xfe\xcdE\xf1\xb5\xf5\x22\
oft\xff\xb0zQ\xc4a\xac,\x00\x15\x8b{\xdf\
X\xb5\xba\xe8\xb6\x0al:C\xf0\xf1{p\x06\xf5D\
\xf0\xd5\x82\xd0\x9b\xf9\xe0\xdf\xf0\xfe\xf2P\xc41r=\
\xd0b\xbcc\x1bdz\x0f\x8a\xaf\xb8H\x06p\xee\x1c\
\x0d\xb9\xf8\xcbX\x0b\x8at\x82\x05 \xb2\xde\xf7\x7f\x0e\
\xf7\xfb\xd3\xb2\xe5Whrp\xf9R8\x03{\xaa#\
\xb0\xb4=\x96X(\x13\xf8\xa8\xbaz\x10\xc4\x8em\xe2\
\xfb\x1d=twX\x16\xad\xf3\xef(b\xcaG\x00\xf2\
\xcd\x1a(\xf1&%\xa4\x93\x0d\xdd\xc8\x86\xceqG\xf4\
\xbeT\x0f\x1f\x1e\x87M\xa0,6\x91\xe4`Vma\
\xaa\x96\xe4I\x90\xad\x81}qO\x88\xfd\x0f\x89-.\
\xa7\x10\xc7}\xee\x89\xf8\x8f,\x0bh\x85U\x16\x0f,\
\x19|\xf5\x5cx\xaf\xbf\x04\xf9\xf9\xa7j\x0f\x9e\x1e^\
*\x81\xa5~\xfaF\xa7#a\x1e}|\xd87/\xea\
\xd8\x92\xaa\xc8\xc6\x0dM\xc6MN\x92\xa4\xc4\xccua\
\x1c\xf73\x98\xa7\xfc\x22\xbe\xa4\xdf\x9cO\xe0\xde7\x0e\
\x22\x89\x83XB/\x05\xd0\xfb\xa9\xa5\xb8\xf5\xc3w\xc2\
D\xd5\x7f?\x08\xdd\xd5Z\x86H\x8f\x93\xc4W\x08>\
\xfd\x00\xde\xb4\xc90\x8e9\x11\x19\x1a\x19Enf\x14\
\x0f\x1b\x1d\x1d\x9d8R\xf5\xefOl\xf2M9\x11\xf8\
\x10{\xed\x83\xcc\xef\xaf\x89\xa7\x8bY\xae\xb1\x07\x1d\x86\
J\xce\xed\x17\xd0\x09}\x9fZ)U\x15\x97\xf7t\xee\
\xf4V\xa6\xaa\xfe\xaf\xcd\xb9}\xc1\xeb/!\xfb\xfe\xdb\
\xb0.\xfb\x03\xcc\xa3\xbb\x14\xe7\x0dP\x15\xd9S\x8f\xc0\
\xffp\x16D\xa6Y\xe1\xafS\xc9X62\xd7\xde\xd8\
\xf0\xef\xae\x18\x9c,\x9c\x9b\xfb\x03\xd9lr+\xb3\x80\
V\xe8\x99\x03\xa0\x84\xce#w\xc3{\xfa\xd1\xd0Um\
\xec/\x97\xca`k6\xaa\xf8\xd6{bj\xe1\x0f\x05\
\xc5\xfd\xff\xfd@\xc5\xfd\x89\x18?y+\x8e\x83\xb2\xc2\
\xc9\xc2\xeeq\x03\xc4\x9e\xed\xe2y}\xc3\x80s\xcf\xad\
\x90\x0b\xe7%\xe8\x96K\xed\x14@?\x01\xa0\x84\xce\xeb\
\xaf\xc0\xfb\xfb\x93\x85't\xa8\x7f\xdb\xe3\x93U\x17\xdb\
B\x8eo\xd2^\xb93nXb\x83/D\xcb\xd6\xb0\
.\xcc\xf5\xda/\x07<\x17\xd6/\xcf\x83\xf9\xe3\xe3\xe2\
\x89\xfbs\xde\x19\x0d(I<4\x13\xd0\x0a\xfd\x04`\
\xd5\x0a\xb8\x93'\x16\xbf=E'\xe3\xde\x98\x8e\xec\xf0\
k\x80\x95\xdf6~\x95\x90RM\xf2\xc1\xba\x84\x1a?\
x\x1e\xec+\xfa\xc2:\xf3\x5cd\x86\xdc\x16\xc6\xb2\x9a\
\x0e\xa1P\x04\x01\x8c\x83\x0e\x83\xf5\xdbK\xe3)\xf6!\
\xef\xec?o\x85\x1e^I\xb6\xfb\x04tB/\x01\xa0\
\xe3\xa8O>\x08\xac_\x1b\x8d[gY\x90\x0b\xe6\xa2\
\x86z\xe7\xd1\xc0\x87\xed\xbd&\xad,4\x1c\xe2\xa3w\
\x92\xd9\x1f\xf7}X\xbf8\x17\xc6aG\x87\x86s\xe0\
\x0fQu\xd3\xdd\x10\xbb\xed\xa9\xe7\x00L\xea\xec\xd3f\
W\xd8\xbd\x06\xc4f\x9c\xd4\xcb\xcf\x994\x0a%C\xb0\
\x00\xc4\x86\x5c\xbd\x12~\xd4\xbd\xe7\xa9N`\xfdZ8\
\xc3\xae\x86?\xfd\xf9\xfa\x0f\xf0\xe4\x0f\x90\x90\x00%\xd4\
\xfb\xde8\xe8\x87\xb0~{\xc9\xe6\x15\x9f\x0c\xa8\xed\xde\
\xc8\x8c\xbc\x13\xc6\xc1\x87*\x81\xd0\x0a\xcb\x86\xd5s@\
l\xc5>4gQ\x1dZ\xda\xa8WW\x9eR\xa2\x8f\
\x00\xe4\x12oX\xbb6\x96\xd7F \xe1\xde3VM\
\xb5\xadku\xa5\x96^\xaa\x0dVB\xee\xb7\xd8\xa9\x8d\
\x9au\xbf\x8d \x91\x08\xb4h\x89L\xbf\x9b`\xfe\xec\
\x97Z\x85\x03\xd6y\x97\xc1< \xa6\x19~\x81\x0f\xf7\
\xce\x9bse\xbe\xa5\x5c\x85\x05tB\x1f\x01\xa0\xdf\xf1\
\xa7\xb4\xd7\x1f\xe3%[&\xfc\xbf>\x0e\xe7\xd6\x81\x90\
\xb5\xc3\x0c\xea\x1aC\x19\xe5\x15\xcb\x90X\x0f\xbc+\xfa\
A\xec\xb2[\xc3_sQOX\x17\x5c\x99\xfe\x93\x87\
R\xc28\xeaxX\xa7\xc4\xd4\xd9Gu*\xba\x07\xc1\
\xfb\xb3J\x7f\x04[@+\xb4\x12\x80D\x86NRO\
\xfd\x0f\xdf\x853\xb8\x17\xe4\xe2\xf0\xfd\xe8\xbc<\x15\x1c\
%\xd3\x06K\x86q\xff!\x87m\xdfX\xe8kO=\
+l\x98ISr\xd2\xe8\x0d\x90\xc7\xd2~_\xd8\x97\
\xf4\x8e\xc78hW\xe8\x9f\xcf\xc2\x7f\xf1i\xae\xf1/\
w\x01P\x8d(\x93P\xd8\xdc\x99\xf1\xec\xa0\x9e\xf0\xfe\
\xf20\xbcg\x1eM\xcc\xf8U\xdc\x7f\xd6\xf9M\xfa\x1e\
\xf3\x07?Bf\xe8x\x88\xddS\x98\x1c\xacj\x86L\
\xaf\x81\xf1\x0c\xcd\xa4\xb0\xf0\xd3\x0f\xe0\xaaNE)x\
\x94%\xb4#\x05w\xad\x09\xb4l\x95\xecM\xae\xd9\xa8\
J\x88\x932*J\x8e\xd9\xdd\xfb\x17\xf40\x1bm\xdb\
#3t\x02\x8c\x8e\x07\xa6'9H[\x98\x97\xf7\x81\
h\xdb>\x06\xefD@.\xf9\x0a\xce\x98A\xe9\xca\xbc\
\x8b\x14]K\xb9\x09\x80\xd8\xabC$}\xed\x9bDR\
\xf1\xb5\xef\xc3\xee\xd1_%\xff\x0aE\xec\xb0\x132\x03\
\xc7\xc0\xa0n:4\x1c\xb4\x94\xd0\xf8\xee\xd3\xcf\x81y\
T\x97xB\x93\x9a\x0dp\xc6\x0c\x04\xb2i\xcb\xf8\x0b\
\xe8\x84>\x02@\xeeq\xc7\x03!\xd3\xb2\xbaE\x89\xeb\
\xc2\xea\xda\x0d\xc6A\x87\x16o,T_\xdfs\x00\xac\
\xae\x17\x85G\xa2K\x01mav<\x10\xf6\xef.\x8f\
\xc7{\xa2CX\xd4\xca[5.I\xd9#,\xa0\x15\
)\xbb{\x0dc\x1e|X|\x0d#J\x85\xda\xef?\
\x14\xd6\xd9\xe7Gg,\x94\x1c\xfc\xcdE\xa8\xbazp\
i\xda\x92\xd3\xf8nJL\xc6a\x9c\x86\x01\x97Zy\
\xbf\xf3z2c\xc9\xca\x1c\xedr\x00\xd6\x89?O_\
\xaf\xfdbh\xd1\x12\xf6\xd5\x83\xe2\x11\x16:\xfe<|\
bx\xda.\xa9\xe4\xa0\x93E\xa6\xcfp`\xa7\x9d\xe3\
\x99\xb4D\xe7@\xa8\x8bq\x5c'\x08+\xcc\x05\xd0K\
\x00\xd4\x16\xd9y\x00\xc5\xc9\x1af\x5c\xb7F:\x8e2\
\x16\x8a\xdd\xe3y\x03\x09\xe3{\x07\xa1\xea\x96\xfb\xc2f\
(1\x0b\xa7\xccfa]x\x15\x8c\x03;E\x1f\xf7\
\xab\x8e\xcb\xb3U\x9b2Q\x95\xe2\xe3\xd7\x02Z\xa1\x97\
\x00\x10\xadZ\xc3\xbe\xec\x0f\xc9'\x03\xe38\x0e{\xde\
\xa5\xf1\x18\xcb\xd6\xfb\xf0\xbb\xee\x81**\x1f\xfe\xe1\x91\
\xf1\x9d(\xf4<XGw\x81uz\xd7X~\x1e*\
\x03wo\x8e\xef\x0cA\xa5*\x80~\x02@\xfb\xde?\
\xea\x1c\x8e\x8c\xd2l\xcbe\x13\xbe\x07\xe3\xf0c`\xfd\
\xeaw\xc9\xb8\xe6d\x90\xb4\x1f\x7f\xed\x08\x98d\xa0Q\
{\x02$2\xdfi\x07\xfb\x8ak\x11\x0b\x9e\x0bw\xdc\
P\xc8\xb5\xab\xe2y\xfd\x0aF?\x01\xc8\x8b\xc0\xc9\xbf\
\x80}\xed\x8d\x10\xadZC\xbf\x13q\xbb!s\xe5u\
\xc9\xbf\xb7a\xc2\xbe\xb0;\xec\xcb\xfbF+\x9e\xb6\x1d\
\xc6\xfdq\x14\xfb\xd0&\xc9\x03\x13\x10\xcc\xf9$}\x19\
\xff\xba\xd0lQ\xd2\xe0\x8e\xd6\x83\x0cr\x15p\x13 \
\xda\xed\x93\xce2\xd8\xba\x10\x06\xeck\x86\x00q\xc5\xfd\
\x8d\x11\xcf\x13NC\xe6\xda\x91\xb9\xc2\xaa\x22\xef\x9b\x0c\
\x94\x98\xa9\x1a\x8d\x18\x8a}\xd4\x98\xb5\x7f\xfd3\xfd\xe7\
\x1d\xf2\xe8e\xff\x1a\x0b@~5\xdd\xb3\x1d2C\xc6\
\xc1\xf8Q\xe7\xf4\x95\xc1\xd6U\x19w\xfe\xe50\xbe\xfb\
\xfd\xd2\x0a\x16%\x07\x7fp8\xaa\x06\x8e\x0d\x93\x83\x85\
^\x8b\x0c`\xfd\xfa\x22\x18?>>\x9e\xa4\x1f\x0d&\
y\xec\x01\xcdVU\x01\x9d\xd0[\x00\xf2\x22@\xfb\xce\
\xbd\x06\xc2<\xe7\x82\xf4\x8a\x80\xef\xc3\xec|\x22\xcc\xd3\
\xceN\x87\xb7B\xf7\x8d:\xf2\x0e\x1e\x17&\x07\xd5}\
k\xe4u\xd1\xf5[\x16\xacs\xff/\xccc\xc4\x91\xf4\
\xa3\x11\xe6w\x8dNOYs\x99\xa2\xbf\x00\xd4>\x1e\
{\xce\x85a\xb7\x19*\x10I\x83\x91\xe5Q\x8d<\xda\
\xc3\xbe\xa4W\xb4\x02\x95\x1f\x84\x92\xffX\xc8K\xb4\xde\
\x01\x99\xbe#\xd4\xce\x8a\xd8i\x970AX\xdf5\xe6\
\x86\x87\x1a\xfb\x1f\x8c\xcc\xb0\x89\xb0\xce\xfcM<\xc6\xbf\
a}8\xbcs]\x0c\xbd\x1f\xe2F@+\xf4m\x0b\
^_|{T\x17\x18\xed\xf7EvT?`\xc5\xf2\
tl\x1bQ\x92\x8c\xaa\xf2Z\xb4\x8a\xf4e\x83O?\
\x84?\xe3\x05\xd5\xa7@\xec\xbd/\xacs\xba\x85\xa7\xee\
\x0a0J\xf3\xc4\x9f\xc3\xf8\xc9\xc9\x08\xde\x9c\x0e\x7f\xe6\
?\x10T\x7f\x11\x0a\x81$1\x10J(\x8c\x1f\x1f\x07\
\xf3\x88\x9f\xc08\xe0\x90\xdc\xff\xc5\xd1\xd8#P{\xfd\
\xf2\xab\x85\xe98\xe1W\xe6\x0a <\xcfK\xd1R\x19\
\x11\xb4\x22R\xe7\xde\xf1\xc3\x11|\xf4\x1f \x89\x890\
\x0d\x1d\xf2\xf9\xbf?\xc0<\xf1\xf4h\x0c\x86\x8e*\xaf\
]\x0d\xf7\xde\xb1\xf0\xdf\x9e\x09A\x9d\x89UG\xa3\x00\
\xa2\xdd\xde\xc8\xf4\xbf\x19b\xe7]\x0b\x7f\xaf\x5c\xbc-\
\xe9\xe855E\xa1\xf3\x04\x86\x15\x1e5V\xff\x11\xe3\
\xe3B\xbd\x17\xa6N\x0a;>\xeb8i\xc9\xf7U\xe3\
\x135\xe04M\x1eh\x03\xe8(\xb1\xdb\x87n~\xab\
\x1d\x90\xe9?\x1a\xe6\x19]\xc3\x87\xb8\x14\x04\x01\xcc\xe3\
~\x1a\xad\xf1W\x7f\x01\xa7\xcf%\x08\xdeyC\x8d>\
\xdb\x94 \xa3\xc1\x9e_/\x843\xe0J\x04\xc5\xf4\xc2\
\xa7\xeb\xa4\x90\x85\xc6\xaa\xb5\xd9\x15b\x8fv\x10\xbb\xed\
\xb1\xe9\xdfc\x83\x1a{\xbc\xfa\x22\xdc\xe7\xa6\xe9i\xfc\
\x9aR\x9e\x02\x90\xc7\xb4`w\xeb\x11\xee{S\xe5`\
\xc2\xaa,\xf6h\xab\xdavEe\xfc\xc1g\x1f\x22;\
\xa8G\xd8\xae\xac\xae\xd0F\x18\x90kV\x87#\xbe?\
zW\x9f\xecy\xeeg\xa3\x9e~\xca\xa3\xd1\x19\xa1\xc9\
=\xaf\x08\x01\xc8\xaf\xc2'\x9d\x81\xcc\xc0\xb1a\xa1J\
R\xbb\x04Tt\xa3Zu\xb5\x88\xc6@\xe6|\x02g\
x\x9fPL\x1az\xc8\xe8\xff|\x0f\xce\xa8~\xf0_\
{I\x8f8z\xe5r8c\x06\xa7#_Sah\
\xf0tD\xb4\xef}`'T\xddt\x8f\xda\xfa\x8a\xfd\
\x1c\x01\xd5\xc5_p\x05\x8c\x88\x8ac\xe4\xda5pn\
\x1d\xdc4c6M\xb8\x13F\xc0\xfb\xdb\xe3\xe9\x16\x01\
\xd7Avt\x7f`\xe3:\xedV\xcf:\xd1\xecGH\
\xf1\x93\x11\xc7\xa1\x98\xddQ5l\x82\xaa\xc3\x8f\xedd\
\x1cy\x1c\x9dO\x84uJD-\xbb\xa9#1\xf5\xba\
_[\xc0$\xa2\xaaf\xaa_\x9e\xea\x99\x97\xc6\xfa\x08\
\xd5\xd8c\x94\x1a\xed\xaeM\xa5_\x99Q9\x02@\x90\
A6k\x81\xcc\xd5C\xc2\x06\x1c1\x14\x99P\xc2\x8c\
\xa6\x0fGbp\xd4\xeez\xf2\xed\x08>\xfb\xa8`\xf7\
\x98\x8e\xce\xfa\x7f\x7f\x02\xce\xb8!\xa5\xeb\x10T\x17\xf9\
n\xcbo\xbf\x1a\x0ex-\x17\x84^.@e\x09@\
\x1e\xc3P\x13w\xec\xee\xfd\xa2\x9d\xf2#\x8c\xf0|\x7f\
$q\xbf\x01\xff\xe5\xbf\xa9?Eg\xc5i\x0e\xe2;\
o\xc2\x1dy\xed\x96\xf3\x0eJ\x05\xe54\xde\x9e\x09\xef\
\xb1\xfbS\xdc\xd8\xa3\x10x:\xb0>\x90\xab~\xecO\
\x91\x19:\x0e\x82\xba\xd7\x14\xeb\xaeS\x9d\xff\xc5=!\
\xf6\xde\xaf\xf8\xd7\x22\x03\xf9\xe4=\xb8S&E\xb7%\
fY\x08\xbe\xf8L\xed\x10\xc8\xa5_\x97N\x04Tc\
\x8f\xcf\xe1L\x1a\x9d\xd8te\xa6~*W\x00\xf2\xc9\
\xc1}\xbf\x87\xcc\x8d\x93\x8ak\xa7M\xe3\xae\xbb^\x08\
\xf3\xa4\x9fG\x93\xf4[\xf25\x9c;F\xe6\xaa\xf0\x22\
\x84j\x05h\xde\xc1\xd0\xabs\xc7k\x93\x17\x01\xd5\xd8\
c\xfcpu\xcf\x98\xd2S\xd9\x02\x90O\x0e\xee\xd8\x06\
\x99\x01\xb7l>\xa8\xd3X#\xce}\x9du\xee\xa5\xb0\
~\xddM\xcd\x17,\xfarj6\xc2\xb9\xe3F`\xcd\
\xeax\xab$o\xbe\x01\xfe\xbbo$+\x02\xae\x03w\
\xc2p\xc8\xe5KK\x1f\x86\xc4\x86\x80N\xb0\x00\xe4\xb1\
l\xd5,\x83\x84@\xb9\xf1\xb4UX\x97G@F\x9f\
;\x14#\xbe{\x80:\x8a\x1cv\xf6\x89\xa2\xc8H\xc2\
\xbd\xef6\xc8\xf9_\xc4o \xd9\x1a\xb8\x13n\x84\xff\
\xf2s\x89\x19\xa3\xfb\xe0\x9d\x08f\x97\xc6\xf3`\xeaF\
\xef\x9aKU\x03\xef\x87\x9db\xe8\xf3\xa2\x9b[H\x18\
\xdf\xef\x84\xaaQw#\xf8`\x16\xfcw^Ws\x02\
iU\xce\xd7\x0e\x90\xb7`\x1ey\xac\xdaJ\x0c\xcf\xf5\
Gt(F\x085\x86,x\xeb\xd5\xe4\xf6\xedi\xa2\
\xee\x1f'@\xae\x5c\x0e\xeb\xec\x0b\xe23L\xfa\xd9^\
|:\x1c\xbf^\xee\xc6/\xf4\xfa\xf94\x16\x00\x09\xef\
\xc5g\xe0\xcfx\x1e\xc2\xb2a\xd0\xde\xfbIg\x84\x89\
\xa5\xa2\x0dR\xc2\xe8tDxN^\x09K\x00YS\
\x13\x9e\x8ak\xde|s\x98\x10U\x8cN\x89\xb1\x7f\xbf\
\x06o\xda\xd4\xe4\xab\xe1\xc88\x9f|\x08r\xd9Ru\
h)\xd2]\x91\xdc\xeb\xd3\x81,\xef\xe1\xbb\xb53\x8e\
J@O\x01\xa0\xfd\xf1?\xff\x11\xfe_\x1eQ{\xc8\
d\xee\xc1\xec\x8f\x11\xbc\xf62\xec\xbe\xc3\xc3s\xedQ\
\xac\xca\xb5\xf2\x01\x9bZQG]PC\x07|\x16\xce\
\x83s\xc7M\xa5+\x855Mu\x10\x87<\x81\xcc5\
\xc3\x80f9\x91\x8b\x00J:\xba\x13G\x84\xf7\xad\x12\
\x04@\xe8\xf53j\x99\x03\x08\x16\xcc\x85\xff\xd7\xc7\xb7\
, \xc9T!\x987\x1b\xd9\xbe\x97\xaas\xf2Z4\
\x90$\x03Y\xb7\x16\xce\x98\x01\xa5\xcf\x8a\xd36\xe1G\
\xef\x86\x87\x8d\xd6\xac\x8a\xe6A\xa6\x84\xe6-\x03 7\
\x94I\x99o\xa3\xd0\xe3\x18p\x1e=\xacd\xebc\xa3\
t^\xbc\xaez~*'\xa5\xa1\x91C{\xc3\xfb\xe7\
3\xe9\xae\x81'|\x0f\xeemC \x97\x7f\x93\x0e\x03\
1-5o/\xdb\xefr\xc8\xc5\x8b\x8a\xbb&*\xf3\
\xbdcT:\xe7\xf7\xc5\x8a\x80N\xe8\xf7\x9b\xf1}\x04\
\xef\xbd\xdd@\xed\xb8Py\x00\xef\xde\xb1p\xef\x1c\x1d\
N\xc9M\x83q\xd55\xe3\xee\xe1{\xe0\x7f\xfc\x9f\xe8\
\xe3\xeeb\xa0\xfb\xbaf%\xb2\xd7_\x9e\xf3\xa4Da\
e\xbeO>\xa4\xf2\x1a\xa9\xfa\xd9\x92@\xa4\xf0Y+\
'\x01\xa0f\x17\xb2f\xfd\xf6\xbf\x90j\xe0g\xbc\x80\
\xec\xe0\x9e\xaaeV\xaa~1\xe4\xc5L\x7f^\x9d\xd4\
SM=\xd2\x06\xdd+\xcf\x873\xfc\x1a\xd5\x1e\xacI\
\x9e\x14\xfdl4\xbfo\xda\xe42+\xf3-O\xb4\x13\
\x00|\xb3\x18\xc8:\x8d\xfbZ;\x03\xb9p>\x1cZ\
\xcd>+p5\x8b\x1a\xca\x8a\x7f\xfa\x11\xdc\xbb\xc7@\
P\xb2-\xad\x88\xdc\x91\xe2;n\x0ak\x13\xc8\x93\xda\
\xee\xf7\x08\xc8y\xb3C\xcf\xabB\x8d_\xa4\xe1\x19+\
[\x01 \xe3\xd9\xb0\xbei\x89\x16*\x7f]\xbf\x0e\xce\
\x88\xbe\xf0^x\xba\xe4y\x01\xf2F\x9c\xdb\x06\xeb\xe3\
\x1ag2\xea@\x92;\xb8'\x82E\xd5\x0d\x8a(\x95\
\xf9R\xd2O\x97~x\x8cn\x02@4f%\xda\x1a\
zhi\xbf\xfb\xa1Ip\xef\xbe\x15p\x0ax\x8d\x08\
\xa0F\x9b\xca@\xd6SV\x1c\xfa`Z\xca\xf8\x9d\x81\
\xdd\xe1N\x9dTwH\xe5d\xe1\x8e\x19\x18\xdd\x0e\x82\
\x8eH\xedr\x80\xfa\xd5\x01\x08)\x0b\xbf\xcft\xc4\xf6\
\xd5\x17\x10|U\x8dL\xef\xc1a\xf7\xdc\xa4\x08\x02\x95\
\x98\x94\x0b\xe6\xe9\xd9\xfa*\xd7y\xd8\xa7\x8a\xbe\x99/\
\xc2\xfc\xc9Oa\x1e~\xb4jy&\xd7\xad\x81\xff\xcc\
c\x08\xe6\xce\xd6\xf3g\xab`\xb4\x13\x80\xa2\xa1\x90`\
\xeel\xb5\xdf\x9d\xe9qC\xfc\xe3\xb9s\xef\xe9=\xfd\
(\xfc7\xa7\xeb\xe3\xfa\xd7\x07\x85P\xd9,\xfc\x97\x9e\
\x0d{\x15\xe4K\xb0\xe9\x0f\x1b\xbfv\xe8\x17\x02D\x01\
=\xb4kV\xc1\x19}=<jC\x1dg\xf1\x06e\
\xc5\xdf\x9c\x01\xef\xc9\xa9\xfa\x1b\x7fm\xf2{\xfby\xf1\
\xacT\xb7\x7f\x1b\xf4\xba\x0f\xfa\x09@\x94\x0f\x1a\xb9\xe5\
\x0f\xdf\x03wRL\xf5\x02\x94\x15_0We\xd1u\
{0\x98\x02\xd1L\x08\xb5\x13\x00)D\xb4\xa6Du\
\xf0\xaf\xbf\x82\xec\x80\xab\x22\xef\x94\xa3\xba\xf9\x8e\x1b\xa6\
\x8e\xde2L\x1a\xd1N\x00b\xc14\xd5T\x9d\xecu\
\x97!x\x7fV4[\x85t\xd4\x96\x9a_,[\x12\
\xc5\x152L,\xb0\x00l1P\xc3W\x035\xbc'\
\x1f,>\xe9\xf7\xd8\xfd\x08>y_;\x97\x90)\x12\
\xcd~\xdd\xfa\x09@\xdc78\x93\x81\xf7\xd8\x03\xa1\xeb\
N\x8d@\x9aj\xc0\xf92\xdf\xbfN\xe3\xacxE\x22\
\xa0\x13\xfa\x09@\x12\x97LG\x8bg\xcdDv`\x13\
\xf3\x02\x94\xf4\xfb\xfcS\xb8\xf7\x8f\xe3\x01\x97\x95\x8a`\
\x01(\x8f\x1bl\xd9\x90K\xbeD\xf6\x86+\x1a\xdfA\
w\xf5Jd\xc7\xea3\x1a\x9aaX\x00\x1a|\xaf\xb0\
\xe8\xc5\x19\xd1'\x9cY\xdfPr\xd0\xc9\xc2\x193\x10\
X]\xc1\xa5\xb0\x8cvh'\x00dZ\x89\xaf\xafR\
\xc2{\xe8.8\xb7\x8f\x84\x5c\xbdb[\x03\xa7\xb3\xfd\
\x93'\x22\xf8\xfcS\x8e\xfb+\x1e\x01\x9d\xd0/P-\
\xd5\xeaj\x9a\x08\xa8^\xe0\xbd\xb7`\xfd\xec,\x98\x9d\
O\x82\xf8\xce^\xaa\xc7\xbd\xf7\xc4T\xd5S\x8f'\xdd\
0\xd0\xcb\xfe5\x14\x80RB\xab{6\x0b\xef\xa9G\
\xc2\x12b2x\xea\xe5GC7\xd9\xf8\x19\x0d\xd1O\
\x00DJ\x84\x80\x86\x86\xf8\x1b\xc3\xbf\xf3hkFS\
\xb4\xcb\x01\xa4C\x01\x18\xa6\x1e4K\x00k(\x00\xda\
u^f*\x0a\x01\x9d\xd0S\x00\x18\x86\x89\x04\x16\x00\
\x86\xa9\x5c\x07@C\x01\xd0\xec\x063\x95\x86\x80N\xe8\
'\x00\x0c\xc3T\xa8\x00H\xfd\x14\x96\xa90\x84^\xcf\
\xa7^\x02\xc0\xe9\x7f\x86\xa9d\x01`\x98\xb4#\xa0\x13\
\x9a\x0a\x00{\x02LJ\x11\xd0\x0a\xfd\x04@\xb3\x18\x8b\
a\xd2\x8c~\x02\xc00iF\xe8\xb5@\xb1\x000L\
\x05\xc3\x02\xc00\x15\x8c~\x02\xa0\x99\x8b\xc5T\x18B\
\xaf\xe7S?\x01\xe0\x86\x9bL\xaa\x11\xd0\x09\xfd\x04@\
\xaf\xfb\xcbT\x1a\x02Z\xa1\x9f\x00\xe8v\x87\x99\x0aB\
j\xf7|j(\x00\x0c\x93b\x04\xb4\x82\x05\x80a\xa2\
B\xc3\xf4\x94\xa6\x02\xa0\x99\xcc2\x95\x83\xd0\xcb\xa4\xf4\
\xbaZ\x0d\xb7Y\x98\x0aC\xe8\xf5|\xea'\x00\x0c\xc3\
T\xb0\x00\x90\xc2\xea%\xb2L%!\xf4z8\xf5\x13\
\x00\xb6~&\xcd\x08\xbd\x9eO\xfd\x04@\xaf\xfb\xcbT\
\x14R\xbb\xc7S?\x01\xd0\xee\x163\x15\x85\xd0\xeb\xf9\
\xd4N\x00\xe8\xf6\xeau\x8b\x99\x8aB\xe8eRz]\
-\xc1\xd6\xcf\xa4\x19C\xaf\x07T?\x01\xb0l\xedT\
\x96\xa9 \xf7\xbf\xa6\x06:\xa1\x9d%\x89\x9dv\x01,\
\xfd\xa6\x9a3\x15\x80\x1f\x00;\xef\x0a\xdd\x04\xa0\x1a\x1a\
!\xf6\xed\x08\xb4lU\xea\xcb`\x98m\xb1,\x18\xfb\
\xed\xafU\xcf\x0aC\xc7\x9bl\x9d\xd6\x15\xf0\xbcR_\
\x09\xc3l&\x08`|\xf7\x00\x18\x1d\xbf\x0f\x8d\xa8\xd6\
O\x00\xa4\x84u\xfa9\x10\xfbuT7\x9daR\x81\
i\xc2\xfe}\x1f-\xb7\x01\xb5\x0a\x01\x14\x96\x8d\xccu\
\xa3 :|\x17p\xb2\xa5\xbe\x1a\xa6\x92\x09|\x95\xf9\
\xb7{\x0f\x82h\xbf/4\xa3Zx\x9e7\x19\xc0E\
\xd0\x0dR\xdal\x0d\xbc\xd7^B0\xfdy\x04\xcb\x96\
\x02\xd9\x8d\xdb\xc6_u\xc6c\xb9\x7fkl\xa8\xb6\xc5\
\xd75\xe2\x9b\x1a\x1d\x036\xf1:\xea\xba\x86M\x9f\xd6\
\xf5\x22\xa2i\xd7\x94\xff\x9a\xba\x16\xb1\xed}\x7f\x83\xd7\
Q\xd7\x7f\xc9F\xdc\x17\xb1\xcd\xbf\xd5\xf9]\x0d][\
L^\xa2\xc8T\x01mv\x81q\xf0\xa1\xb0\xbbv\x83\
\xd8\xb3\x9dV\xb1\x7f\x8e)\x96\x94\xb2Zh\xe6\xb6(\
\xe8fg\xaa`\x9dt\x06p\xe2\xe9\x90\x1b\xd7\x03\xae\
\x1b\xc1/\xa1P\xa3\xac\xe35\xb6\xf3OE\xbd^\xc1\
\xaf/#\xf8\xb2&\xfe0\xb2\x84\xaf\x11\x97Q\x9a\x16\
\xd0\xa2%\x04%\xa4\xe9=\xf43~\x90\xed\xd3~\xda\
\xab\xd0\x99\xdc\x8d\x17\xcd[\x02\xcdK}1L\xc5\x11\
\xe8\x9b\x87\x12B,\xd0/\x09\xc80L$\x98\xa69\
\xc3\xb0,K\xbf$ \xc30\x91`\x08!H\x00f\
D\xf3r\x0c\xc3h\xc2\x0c\xb2}\x15\x02H)Y\x00\
\x18\xa6\xb2P\x9e\x7f>\x07\xa0w\x22\x90a\x98\xa6\xf2\
\xea&\x01\xe0<\x00\xc3T^\x02p\x93\x00p\x1e\x80\
a*/\xfe\xa7O6m\x03r\x1e\x80a*\x86\xa9\
\xf9O6\x95\x00J);\xf8\xbe?\xbfd\x97\xc40\
L\x22\x98\xa6\xb9\xef6\x1e\x00\x87\x01\x0cSY\xee?\
a\xd4\xe7\x1a0\x0cS\x96la\xe3[\x9c\x02\xe20\
\x80a\xca\x1b\xcb\xb2\xb6\xb0\xf9-<\x80\x9ck0%\
\xf1\xabb\x18&\x09\xb6\xb1\xedm\xce\x01\xb3\x17\xc00\
\xe5\x9f\xfc\xcb\xb3\xcdi@N\x062LY2ek\
\xe3'\xea<\x0el\x9a\xe6\xc5\x89\x5c\x12\xc30\x89 \
\xa5\xac3\xc1_\xa7\x00p.\x80a\xca\x8a)\xb6m\
\xd7\xe9\xd5\xd7\xdb\x0b\x8cs\x01\x0cS\x9e\x99\xff\xda\xd4\
\xdb\x11(\xe7\x05p(\xc00z\xd3\xa0\x0d\x1b\x8d8\
1\xc4\x09A\x86\xd1\x93\x19\x96e5\x18\xcao\xb7\x1d\
0\x87\x02\x0c\xa3'R\xca\x13\xea\x8b\xfd\xf3l\xb7)\
(\x87\x02\x0c\xa3%\x17o\xcf\xf8\x89F\x0f\x04\xd0v\
\x80\x08\xc3T\xa6\xeb\x7fBc\xbe\xb0\xd1\x02\x90\x0b\x05\
\xa6\x03\xe8P\xd4\xa51\x0c\x13'\xd5\x96e5zF\
Y\xa3\xe7\x02P(`\x9af\xa3T\x85a\x98\xd2 \
\xa5lR\xb8\xde\xa4\xc1 $\x02\x94Xh\xf2U1\
\x0c\x93\x8a\xa4\xdf\xd64y2P\xee\x0d8)\xc80\
\x9a\x1b?Q\xd0h0\xda[\x94R\x0e-\xe4{\x19\
\x86)M\xc6\xbf.\x0a\x9e\x0dh\xdb\xf60\x16\x01\x86\
)-d\x83\xdb+\xf6i\x88\xa2\xe7\x82\xbb\xae;D\
\x08\xc1B\xc00\x9a\xb8\xfd\x91\x0a\x00\xe1\xban\x17!\
\x04m\x112\x0c\xa3\x89\xf1\x13\x91\x8c\x07\xa7\x0b\xa1n\
#\xf9yc\x0c\xc3\xc4FuT\xc6\x1f\x99\x07P\xbb\
X\xc8\xf3\xbcn\x1c\x120Li+\xfc\x12\xf5\x00j\
\xd7\x09pr\x90abK\xf6E^\x83\x13\xa9\x07P\
\x1b.\x1df\x98\xc8\x5c\xfe\x82\xb7\xf9\x12\xf5\x00\xea*\
\x1dfo\x80a\x0a6|Z\xf5\xf7\x8d\xcb\xf8c\xf5\
\x00j\xc3\xb9\x01\x86i<d\xf8\x14J#\x01\x12\x11\
\x80\xad\xc2\x82!|\xac\x98a\xb6%\xb7\xe2O\xad\xab\
}wY\x08@\x1e\xf6\x08\x18f\x0bW\x7fJ\xd2\x86\
_R\x01\xd8\xca#\xe8\x02\xa0\x1b\x00\xfa\xc80\x15e\
\xf8vB\xae~*\x05\xa0\x1e\xaf\x80\x84\x80\xc5\x80)\
G\xaaK\xb9\xda\xa7Z\x00\xea\xf1\x0c\x8e\xcfm#\xb2\
 0\xda\x1a<r\x87\xe7\x90BR)\x00\xf5x\x07\
\x1d\x84\x10\x1d\xa4\x94\xfb\xd0\xc7\x9c0\xd4\xae1\xe0z\
\x03&I\xaa\xb7\xfa\x9c\x8c\xbdZ\x08\xb1\x80>\xc6\xb9\
u\x17%\xff\x0f(l\xfdE`\x17@\xa4\x00\x00\x00\
\x00IEND\xaeB`\x82\
"

qt_resource_name = b"\
\x00\x15\
\x09ad\x9e\
\x00s\
\x00t\x00o\x00c\x00k\x00_\x00c\x00o\x00d\x00e\x00s\x00_\x00l\x00i\x00s\x00t\x00.\
\x00j\x00s\x00o\x00n\
\x00\x0f\
\x06\x87\x9a\x1f\
\x00S\
\x00t\x00o\x00c\x00k\x00W\x00i\x00d\x00g\x00e\x00t\x00.\x00i\x00c\x00o\
"

qt_resource_struct = b"\
\x00\x00\x00\x00\x00\x02\x00\x00\x00\x02\x00\x00\x00\x01\
\x00\x00\x00\x00\x00\x00\x00\x00\
\x00\x00\x000\x00\x00\x00\x00\x00\x01\x00\x03,\xd6\
\x00\x00\x01\x9f\xc5\x7fu\xaa\
\x00\x00\x00\x00\x00\x01\x00\x00\x00\x01\x00\x00\x00\x00\
\x00\x00\x01\x9f\xcfz\x10\xa7\
"

def qInitResources():
    QtCore.qRegisterResourceData(0x03, qt_resource_struct, qt_resource_name, qt_resource_data)

def qCleanupResources():
    QtCore.qUnregisterResourceData(0x03, qt_resource_struct, qt_resource_name, qt_resource_data)

qInitResources()
